id,question,category,answer,label,score_clarity,score_structure,score_impact,missing
1,Tell me about a time you resolved a conflict with a teammate.,conflict,"honestly, During my internship, two teammates disagreed on how to split a feature for a release. I tried to help and talk to people, but I was not very structured about it. I spoke to both sides separately first, then reframed the issue around the shared deadline and user impact We shipped without slipping the release and the team had a better way to escalate disagreements after that.",weak,2,4,2,"metrics, ownership, specific context"
2,Tell me about a time you resolved a conflict with a teammate.,conflict,"During my internship, two teammates disagreed on how to split a feature for a release. I spoke to both sides separately first, then reframed the issue around the shared deadline and user impact. I also kept the team updated so we could move forward without too much confusion. We shipped without slipping the release and the team had a better way to escalate disagreements after that.",average,5,4,6,metrics
3,Tell me about a time you resolved a conflict with a teammate.,conflict,"During my internship, two teammates disagreed on how to split a feature for a release. I first clarified the success criteria and the actual risk to the timeline. I spoke to both sides separately first, then reframed the issue around the shared deadline and user impact. I documented the decision path, followed up on ownership, and kept stakeholders aligned. We shipped without slipping the release and the team had a better way to escalate disagreements after that.",strong,7,10,7,
4,Describe a disagreement you handled inside a project team.,conflict,"honestly, In a college capstone project, design and engineering kept blaming each other for delays. I tried to help and talk to people, but I was not very structured about it. I summarized the actual blocker, clarified decisions that were emotional versus technical, and proposed a simple ownership split The merge moved forward the next day and the relationship between the teammates improved noticeably.",weak,2,2,3,"measurable impact, specific actions"
5,Describe a disagreement you handled inside a project team.,conflict,"In a college capstone project, design and engineering kept blaming each other for delays. I summarized the actual blocker, clarified decisions that were emotional versus technical, and proposed a simple ownership split. I also kept the team updated so we could move forward without too much confusion. The merge moved forward the next day and the relationship between the teammates improved noticeably.",average,5,6,4,reflection
6,Describe a disagreement you handled inside a project team.,conflict,"In a college capstone project, design and engineering kept blaming each other for delays. I first clarified the success criteria and the actual risk to the timeline. I summarized the actual blocker, clarified decisions that were emotional versus technical, and proposed a simple ownership split. I documented the decision path, followed up on ownership, and kept stakeholders aligned. The merge moved forward the next day and the relationship between the teammates improved noticeably.",strong,10,8,10,
7,Walk me through a time team tension affected delivery.,conflict,"kind of, On a student product team, two contributors wanted different priorities for the same sprint. I tried to help and talk to people, but I was not very structured about it. I set up a short alignment meeting, wrote down the tradeoffs, and pushed the team toward one decision we could all support We got back on schedule and I learned that naming the real issue early prevents small tension from growing.",weak,2,2,3,"clear structure, result"
8,Walk me through a time team tension affected delivery.,conflict,"On a student product team, two contributors wanted different priorities for the same sprint. I set up a short alignment meeting, wrote down the tradeoffs, and pushed the team toward one decision we could all support. I also kept the team updated so we could move forward without too much confusion. We got back on schedule and I learned that naming the real issue early prevents small tension from growing.",average,6,5,4,metrics
9,Walk me through a time team tension affected delivery.,conflict,"On a student product team, two contributors wanted different priorities for the same sprint. I first clarified the success criteria and the actual risk to the timeline. I set up a short alignment meeting, wrote down the tradeoffs, and pushed the team toward one decision we could all support. I documented the decision path, followed up on ownership, and kept stakeholders aligned. We got back on schedule and I learned that naming the real issue early prevents small tension from growing.",strong,9,7,7,deeper reflection
10,Tell me about a time you had to repair a working relationship.,conflict,"honestly, At an internship, code review comments became defensive and slowed the merge process. I tried to help and talk to people, but I was not very structured about it. I kept the discussion focused on facts, timelines, and the goal instead of who was right The team regained momentum, and the lead later reused the same alignment format for future disputes.",weak,3,3,3,"clear structure, result"
11,Tell me about a time you had to repair a working relationship.,conflict,"At an internship, code review comments became defensive and slowed the merge process. I kept the discussion focused on facts, timelines, and the goal instead of who was right. I also kept the team updated so we could move forward without too much confusion. The team regained momentum, and the lead later reused the same alignment format for future disputes.",average,5,6,5,reflection
12,Tell me about a time you had to repair a working relationship.,conflict,"At an internship, code review comments became defensive and slowed the merge process. I first clarified the success criteria and the actual risk to the timeline. I kept the discussion focused on facts, timelines, and the goal instead of who was right. I documented the decision path, followed up on ownership, and kept stakeholders aligned. The team regained momentum, and the lead later reused the same alignment format for future disputes.",strong,7,10,7,
13,Describe a conflict that could have slowed the project down.,conflict,"kind of, During a hackathon follow-up project, communication friction started affecting handoffs. I tried to help and talk to people, but I was not very structured about it. I followed up after the meeting to make sure the tension did not quietly return during execution The conflict stopped blocking progress, and our later reviews were much smoother.",weak,4,4,2,"measurable impact, specific actions"
14,Describe a conflict that could have slowed the project down.,conflict,"During a hackathon follow-up project, communication friction started affecting handoffs. I followed up after the meeting to make sure the tension did not quietly return during execution. I also kept the team updated so we could move forward without too much confusion. The conflict stopped blocking progress, and our later reviews were much smoother.",average,5,6,4,metrics
15,Describe a conflict that could have slowed the project down.,conflict,"During a hackathon follow-up project, communication friction started affecting handoffs. I first clarified the success criteria and the actual risk to the timeline. I followed up after the meeting to make sure the tension did not quietly return during execution. I documented the decision path, followed up on ownership, and kept stakeholders aligned. The conflict stopped blocking progress, and our later reviews were much smoother.",strong,8,9,7,
19,Describe a time two people on your team were not aligned and you helped.,conflict,"to be honest, In a college capstone project, design and engineering kept blaming each other for delays. I tried to help and talk to people, but I was not very structured about it. I summarized the actual blocker, clarified decisions that were emotional versus technical, and proposed a simple ownership split The merge moved forward the next day and the relationship between the teammates improved noticeably.",weak,4,4,1,"metrics, ownership, specific context"
22,Tell me about a time you had to balance different opinions on a team.,conflict,"honestly, On a student product team, two contributors wanted different priorities for the same sprint. I tried to help and talk to people, but I was not very structured about it. I set up a short alignment meeting, wrote down the tradeoffs, and pushed the team toward one decision we could all support We got back on schedule and I learned that naming the real issue early prevents small tension from growing.",weak,3,3,2,"metrics, ownership, specific context"
25,Describe a time conflict made execution harder than it should have been.,conflict,"basically, At an internship, code review comments became defensive and slowed the merge process. I tried to help and talk to people, but I was not very structured about it. I kept the discussion focused on facts, timelines, and the goal instead of who was right The team regained momentum, and the lead later reused the same alignment format for future disputes.",weak,2,3,1,"metrics, ownership, specific context"
28,Tell me about a time you had to keep a team moving during disagreement.,conflict,"to be honest, During a hackathon follow-up project, communication friction started affecting handoffs. I tried to help and talk to people, but I was not very structured about it. I followed up after the meeting to make sure the tension did not quietly return during execution The conflict stopped blocking progress, and our later reviews were much smoother.",weak,4,3,1,"metrics, ownership, specific context"
31,Tell me about a time you led without formal authority.,leadership,"basically, During an internship, a feature had many moving parts but no clear day-to-day coordinator. I tried to help and talk to people, but I was not very structured about it. I created a visible plan with milestones, owners, and check-in points so everyone could see where we stood The team delivered on time and people kept using the structure I introduced even after the project milestone.",weak,4,3,3,"metrics, ownership, specific context"
32,Tell me about a time you led without formal authority.,leadership,"During an internship, a feature had many moving parts but no clear day-to-day coordinator. I created a visible plan with milestones, owners, and check-in points so everyone could see where we stood. I also kept the team updated so we could move forward without too much confusion. The team delivered on time and people kept using the structure I introduced even after the project milestone.",average,7,6,4,reflection
33,Tell me about a time you led without formal authority.,leadership,"During an internship, a feature had many moving parts but no clear day-to-day coordinator. I first clarified the success criteria and the actual risk to the timeline. I created a visible plan with milestones, owners, and check-in points so everyone could see where we stood. I documented the decision path, followed up on ownership, and kept stakeholders aligned. The team delivered on time and people kept using the structure I introduced even after the project milestone.",strong,9,9,7,deeper reflection
34,Describe a time you influenced a group to move in a better direction.,leadership,"basically, In a student project, the team had strong ideas but no one was keeping decisions organized. I tried to help and talk to people, but I was not very structured about it. I volunteered to run short syncs, summarize blockers, and keep the team focused on the highest-risk work first We reduced confusion, finished the work more smoothly, and I learned that leadership is often about clarity and follow-through.",weak,2,3,1,"measurable impact, specific actions"
35,Describe a time you influenced a group to move in a better direction.,leadership,"In a student project, the team had strong ideas but no one was keeping decisions organized. I volunteered to run short syncs, summarize blockers, and keep the team focused on the highest-risk work first. I also kept the team updated so we could move forward without too much confusion. We reduced confusion, finished the work more smoothly, and I learned that leadership is often about clarity and follow-through.",average,7,5,6,metrics
36,Describe a time you influenced a group to move in a better direction.,leadership,"In a student project, the team had strong ideas but no one was keeping decisions organized. I first clarified the success criteria and the actual risk to the timeline. I volunteered to run short syncs, summarize blockers, and keep the team focused on the highest-risk work first. I documented the decision path, followed up on ownership, and kept stakeholders aligned. We reduced confusion, finished the work more smoothly, and I learned that leadership is often about clarity and follow-through.",strong,7,9,8,
37,Tell me about a time you stepped up and led an effort.,leadership,"kind of, During a campus tech event, several volunteers were working hard but priorities were scattered. I tried to help and talk to people, but I was not very structured about it. I made sure quieter teammates were heard, then turned the conversation into concrete next actions The group became more aligned, and our output quality improved because ownership was visible.",weak,2,4,3,"metrics, ownership, specific context"
38,Tell me about a time you stepped up and led an effort.,leadership,"During a campus tech event, several volunteers were working hard but priorities were scattered. I made sure quieter teammates were heard, then turned the conversation into concrete next actions. I also kept the team updated so we could move forward without too much confusion. The group became more aligned, and our output quality improved because ownership was visible.",average,7,5,5,metrics
39,Tell me about a time you stepped up and led an effort.,leadership,"During a campus tech event, several volunteers were working hard but priorities were scattered. I first clarified the success criteria and the actual risk to the timeline. I made sure quieter teammates were heard, then turned the conversation into concrete next actions. I documented the decision path, followed up on ownership, and kept stakeholders aligned. The group became more aligned, and our output quality improved because ownership was visible.",strong,7,9,9,
40,Describe a time leadership was needed even though you were not the official owner.,leadership,"honestly, At an internship, the team needed someone to connect product feedback with engineering tasks. I tried to help and talk to people, but I was not very structured about it. I kept communication direct and calm so people trusted the process instead of feeling managed The project recovered from drift and my manager mentioned that the coordination improved team confidence.",weak,2,4,1,"metrics, ownership, specific context"
41,Describe a time leadership was needed even though you were not the official owner.,leadership,"At an internship, the team needed someone to connect product feedback with engineering tasks. I kept communication direct and calm so people trusted the process instead of feeling managed. I also kept the team updated so we could move forward without too much confusion. The project recovered from drift and my manager mentioned that the coordination improved team confidence.",average,7,5,4,reflection
42,Describe a time leadership was needed even though you were not the official owner.,leadership,"At an internship, the team needed someone to connect product feedback with engineering tasks. I first clarified the success criteria and the actual risk to the timeline. I kept communication direct and calm so people trusted the process instead of feeling managed. I documented the decision path, followed up on ownership, and kept stakeholders aligned. The project recovered from drift and my manager mentioned that the coordination improved team confidence.",strong,8,8,10,
43,Tell me about a time you organized others around a goal.,leadership,"to be honest, On a capstone team, we were close to deadline and needed clearer execution ownership. I tried to help and talk to people, but I was not very structured about it. I documented decisions and followed through on the details so the momentum did not fade after meetings We hit the target with less last-minute churn than expected.",weak,3,4,3,"clear structure, result"
44,Tell me about a time you organized others around a goal.,leadership,"On a capstone team, we were close to deadline and needed clearer execution ownership. I documented decisions and followed through on the details so the momentum did not fade after meetings. I also kept the team updated so we could move forward without too much confusion. We hit the target with less last-minute churn than expected.",average,5,6,6,reflection
45,Tell me about a time you organized others around a goal.,leadership,"On a capstone team, we were close to deadline and needed clearer execution ownership. I first clarified the success criteria and the actual risk to the timeline. I documented decisions and followed through on the details so the momentum did not fade after meetings. I documented the decision path, followed up on ownership, and kept stakeholders aligned. We hit the target with less last-minute churn than expected.",strong,8,9,10,
46,Describe a time you created alignment across multiple people.,leadership,"kind of, During an internship, a feature had many moving parts but no clear day-to-day coordinator. I tried to help and talk to people, but I was not very structured about it. I created a visible plan with milestones, owners, and check-in points so everyone could see where we stood The team delivered on time and people kept using the structure I introduced even after the project milestone.",weak,3,4,2,"metrics, ownership, specific context"
49,Tell me about a time you took initiative to lead a delivery effort.,leadership,"honestly, In a student project, the team had strong ideas but no one was keeping decisions organized. I tried to help and talk to people, but I was not very structured about it. I volunteered to run short syncs, summarize blockers, and keep the team focused on the highest-risk work first We reduced confusion, finished the work more smoothly, and I learned that leadership is often about clarity and follow-through.",weak,4,4,1,"metrics, ownership, specific context"
52,Describe a time you earned followership instead of using title or role.,leadership,"to be honest, During a campus tech event, several volunteers were working hard but priorities were scattered. I tried to help and talk to people, but I was not very structured about it. I made sure quieter teammates were heard, then turned the conversation into concrete next actions The group became more aligned, and our output quality improved because ownership was visible.",weak,4,4,3,"clear structure, result"
55,Tell me about a time you set direction for a group project.,leadership,"basically, At an internship, the team needed someone to connect product feedback with engineering tasks. I tried to help and talk to people, but I was not very structured about it. I kept communication direct and calm so people trusted the process instead of feeling managed The project recovered from drift and my manager mentioned that the coordination improved team confidence.",weak,3,3,3,"metrics, ownership, specific context"
61,Tell me about a time you collaborated effectively with others.,teamwork,"honestly, During my internship, engineering, design, and QA all depended on each other to ship one workflow. I tried to help and talk to people, but I was not very structured about it. I made communication simpler by keeping one shared tracker, one update rhythm, and one source of truth We delivered a stronger result than any one person could have done alone, and the teamwork felt much more efficient by the end.",weak,2,4,3,"metrics, ownership, specific context"
62,Tell me about a time you collaborated effectively with others.,teamwork,"During my internship, engineering, design, and QA all depended on each other to ship one workflow. I made communication simpler by keeping one shared tracker, one update rhythm, and one source of truth. I also kept the team updated so we could move forward without too much confusion. We delivered a stronger result than any one person could have done alone, and the teamwork felt much more efficient by the end.",average,5,4,4,strong impact
63,Tell me about a time you collaborated effectively with others.,teamwork,"During my internship, engineering, design, and QA all depended on each other to ship one workflow. I first clarified the success criteria and the actual risk to the timeline. I made communication simpler by keeping one shared tracker, one update rhythm, and one source of truth. I documented the decision path, followed up on ownership, and kept stakeholders aligned. We delivered a stronger result than any one person could have done alone, and the teamwork felt much more efficient by the end.",strong,10,10,8,deeper reflection
64,Describe a project where teamwork was critical to success.,teamwork,"honestly, In a group project, different people owned research, coding, and presentation tasks under a tight timeline. I tried to help and talk to people, but I was not very structured about it. I checked assumptions early so we did not discover mismatched expectations at the end The project landed successfully, and our handoffs became much smoother after we aligned the workflow.",weak,2,3,1,"clear structure, result"
65,Describe a project where teamwork was critical to success.,teamwork,"In a group project, different people owned research, coding, and presentation tasks under a tight timeline. I checked assumptions early so we did not discover mismatched expectations at the end. I also kept the team updated so we could move forward without too much confusion. The project landed successfully, and our handoffs became much smoother after we aligned the workflow.",average,6,5,5,strong impact
66,Describe a project where teamwork was critical to success.,teamwork,"In a group project, different people owned research, coding, and presentation tasks under a tight timeline. I first clarified the success criteria and the actual risk to the timeline. I checked assumptions early so we did not discover mismatched expectations at the end. I documented the decision path, followed up on ownership, and kept stakeholders aligned. The project landed successfully, and our handoffs became much smoother after we aligned the workflow.",strong,10,8,8,deeper reflection
67,Tell me about a time cross-functional collaboration made the difference.,teamwork,"to be honest, On a hackathon team, we had mixed experience levels and limited time to get aligned. I tried to help and talk to people, but I was not very structured about it. I translated between technical and non-technical teammates when needed so decisions stayed clear We avoided duplicate work, hit the milestone, and built more trust across the group.",weak,2,4,3,"measurable impact, specific actions"
68,Tell me about a time cross-functional collaboration made the difference.,teamwork,"On a hackathon team, we had mixed experience levels and limited time to get aligned. I translated between technical and non-technical teammates when needed so decisions stayed clear. I also kept the team updated so we could move forward without too much confusion. We avoided duplicate work, hit the milestone, and built more trust across the group.",average,5,6,5,metrics
69,Tell me about a time cross-functional collaboration made the difference.,teamwork,"On a hackathon team, we had mixed experience levels and limited time to get aligned. I first clarified the success criteria and the actual risk to the timeline. I translated between technical and non-technical teammates when needed so decisions stayed clear. I documented the decision path, followed up on ownership, and kept stakeholders aligned. We avoided duplicate work, hit the milestone, and built more trust across the group.",strong,7,10,8,
70,Describe a time you had to coordinate with people who worked differently from you.,teamwork,"honestly, During a campus organization project, multiple people were contributing asynchronously. I tried to help and talk to people, but I was not very structured about it. I focused on helping the team unblock quickly instead of only finishing my own part The collaboration improved both speed and quality, especially because people knew where to go for updates.",weak,2,2,3,"metrics, ownership, specific context"
71,Describe a time you had to coordinate with people who worked differently from you.,teamwork,"During a campus organization project, multiple people were contributing asynchronously. I focused on helping the team unblock quickly instead of only finishing my own part. I also kept the team updated so we could move forward without too much confusion. The collaboration improved both speed and quality, especially because people knew where to go for updates.",average,7,4,5,metrics
72,Describe a time you had to coordinate with people who worked differently from you.,teamwork,"During a campus organization project, multiple people were contributing asynchronously. I first clarified the success criteria and the actual risk to the timeline. I focused on helping the team unblock quickly instead of only finishing my own part. I documented the decision path, followed up on ownership, and kept stakeholders aligned. The collaboration improved both speed and quality, especially because people knew where to go for updates.",strong,8,7,7,deeper reflection
73,Tell me about a time your team depended on strong collaboration.,teamwork,"kind of, At an internship, one deliverable required tight handoffs between backend, frontend, and product. I tried to help and talk to people, but I was not very structured about it. I shared progress and risks openly, which made it easier for others to adjust their work in time We finished with less confusion and much better visibility than at the start.",weak,3,2,3,"measurable impact, specific actions"
74,Tell me about a time your team depended on strong collaboration.,teamwork,"At an internship, one deliverable required tight handoffs between backend, frontend, and product. I shared progress and risks openly, which made it easier for others to adjust their work in time. I also kept the team updated so we could move forward without too much confusion. We finished with less confusion and much better visibility than at the start.",average,6,4,5,strong impact
75,Tell me about a time your team depended on strong collaboration.,teamwork,"At an internship, one deliverable required tight handoffs between backend, frontend, and product. I first clarified the success criteria and the actual risk to the timeline. I shared progress and risks openly, which made it easier for others to adjust their work in time. I documented the decision path, followed up on ownership, and kept stakeholders aligned. We finished with less confusion and much better visibility than at the start.",strong,8,9,10,deeper reflection
79,Tell me about a time teamwork helped solve a difficult problem.,teamwork,"to be honest, In a group project, different people owned research, coding, and presentation tasks under a tight timeline. I tried to help and talk to people, but I was not very structured about it. I checked assumptions early so we did not discover mismatched expectations at the end The project landed successfully, and our handoffs became much smoother after we aligned the workflow.",weak,3,3,1,"clear structure, result"
82,Describe a time you had to collaborate across roles or backgrounds.,teamwork,"kind of, On a hackathon team, we had mixed experience levels and limited time to get aligned. I tried to help and talk to people, but I was not very structured about it. I translated between technical and non-technical teammates when needed so decisions stayed clear We avoided duplicate work, hit the milestone, and built more trust across the group.",weak,2,2,3,"measurable impact, specific actions"
85,Tell me about a time you improved the way a team worked together.,teamwork,"kind of, During a campus organization project, multiple people were contributing asynchronously. I tried to help and talk to people, but I was not very structured about it. I focused on helping the team unblock quickly instead of only finishing my own part The collaboration improved both speed and quality, especially because people knew where to go for updates.",weak,4,3,2,"metrics, ownership, specific context"
91,Tell me about a time you failed and what you learned.,failure,"honestly, During an internship, I underestimated how much validation a feature needed before rollout. I tried to help and talk to people, but I was not very structured about it. Once I saw the miss, I owned it directly, explained the impact clearly, and shifted into recovery mode instead of defending the mistake The short-term miss was real, but later work improved because I handled planning and communication much more carefully.",weak,3,4,3,"metrics, ownership, specific context"
92,Tell me about a time you failed and what you learned.,failure,"During an internship, I underestimated how much validation a feature needed before rollout. Once I saw the miss, I owned it directly, explained the impact clearly, and shifted into recovery mode instead of defending the mistake. I also kept the team updated so we could move forward without too much confusion. The short-term miss was real, but later work improved because I handled planning and communication much more carefully.",average,6,4,4,strong impact
93,Tell me about a time you failed and what you learned.,failure,"During an internship, I underestimated how much validation a feature needed before rollout. I first clarified the success criteria and the actual risk to the timeline. Once I saw the miss, I owned it directly, explained the impact clearly, and shifted into recovery mode instead of defending the mistake. I documented the decision path, followed up on ownership, and kept stakeholders aligned. The short-term miss was real, but later work improved because I handled planning and communication much more carefully.",strong,9,7,9,
94,Describe a mistake you would handle differently now.,failure,"to be honest, In a student project, I assumed a task would be quick and did not surface risk early enough. I tried to help and talk to people, but I was not very structured about it. I documented what I got wrong, asked for feedback, and changed how I planned similar work later I earned trust back by being accountable and applying the lesson in the next project.",weak,4,2,2,"measurable impact, specific actions"
95,Describe a mistake you would handle differently now.,failure,"In a student project, I assumed a task would be quick and did not surface risk early enough. I documented what I got wrong, asked for feedback, and changed how I planned similar work later. I also kept the team updated so we could move forward without too much confusion. I earned trust back by being accountable and applying the lesson in the next project.",average,6,6,6,metrics
96,Describe a mistake you would handle differently now.,failure,"In a student project, I assumed a task would be quick and did not surface risk early enough. I first clarified the success criteria and the actual risk to the timeline. I documented what I got wrong, asked for feedback, and changed how I planned similar work later. I documented the decision path, followed up on ownership, and kept stakeholders aligned. I earned trust back by being accountable and applying the lesson in the next project.",strong,8,8,8,deeper reflection
97,Tell me about a setback that changed how you work.,failure,"honestly, During a hackathon follow-up, I focused too much on implementation and not enough on user testing. I tried to help and talk to people, but I was not very structured about it. I started breaking work into smaller checkpoints so I could spot risk earlier instead of near the deadline The experience made me much better at risk management, and later estimates were noticeably more reliable.",weak,2,4,2,"clear structure, result"
98,Tell me about a setback that changed how you work.,failure,"During a hackathon follow-up, I focused too much on implementation and not enough on user testing. I started breaking work into smaller checkpoints so I could spot risk earlier instead of near the deadline. I also kept the team updated so we could move forward without too much confusion. The experience made me much better at risk management, and later estimates were noticeably more reliable.",average,7,6,4,strong impact
99,Tell me about a setback that changed how you work.,failure,"During a hackathon follow-up, I focused too much on implementation and not enough on user testing. I first clarified the success criteria and the actual risk to the timeline. I started breaking work into smaller checkpoints so I could spot risk earlier instead of near the deadline. I documented the decision path, followed up on ownership, and kept stakeholders aligned. The experience made me much better at risk management, and later estimates were noticeably more reliable.",strong,8,7,10,
100,Describe a time your plan did not work.,failure,"basically, At school, I took on too much work personally instead of distributing it earlier. I tried to help and talk to people, but I was not very structured about it. I made a habit of validating assumptions earlier and communicating uncertainty with more precision I did not hide the mistake, and the learning from it prevented a similar issue later.",weak,2,2,2,"clear structure, result"
101,Describe a time your plan did not work.,failure,"At school, I took on too much work personally instead of distributing it earlier. I made a habit of validating assumptions earlier and communicating uncertainty with more precision. I also kept the team updated so we could move forward without too much confusion. I did not hide the mistake, and the learning from it prevented a similar issue later.",average,6,4,4,metrics
102,Describe a time your plan did not work.,failure,"At school, I took on too much work personally instead of distributing it earlier. I first clarified the success criteria and the actual risk to the timeline. I made a habit of validating assumptions earlier and communicating uncertainty with more precision. I documented the decision path, followed up on ownership, and kept stakeholders aligned. I did not hide the mistake, and the learning from it prevented a similar issue later.",strong,8,10,9,deeper reflection
103,Tell me about a time you missed the mark.,failure,"honestly, In an internship sprint, I gave an optimistic estimate without enough technical discovery first. I tried to help and talk to people, but I was not very structured about it. I turned the mistake into a concrete process change rather than treating it as a one-off problem It was uncomfortable, but it permanently improved how I scope and communicate work.",weak,3,3,3,"measurable impact, specific actions"
104,Tell me about a time you missed the mark.,failure,"In an internship sprint, I gave an optimistic estimate without enough technical discovery first. I turned the mistake into a concrete process change rather than treating it as a one-off problem. I also kept the team updated so we could move forward without too much confusion. It was uncomfortable, but it permanently improved how I scope and communicate work.",average,6,6,6,strong impact
105,Tell me about a time you missed the mark.,failure,"In an internship sprint, I gave an optimistic estimate without enough technical discovery first. I first clarified the success criteria and the actual risk to the timeline. I turned the mistake into a concrete process change rather than treating it as a one-off problem. I documented the decision path, followed up on ownership, and kept stakeholders aligned. It was uncomfortable, but it permanently improved how I scope and communicate work.",strong,7,7,9,
106,Describe a failure that taught you something important.,failure,"kind of, During an internship, I underestimated how much validation a feature needed before rollout. I tried to help and talk to people, but I was not very structured about it. Once I saw the miss, I owned it directly, explained the impact clearly, and shifted into recovery mode instead of defending the mistake The short-term miss was real, but later work improved because I handled planning and communication much more carefully.",weak,2,2,3,"clear structure, result"
109,Tell me about a time your decision created a problem.,failure,"honestly, In a student project, I assumed a task would be quick and did not surface risk early enough. I tried to help and talk to people, but I was not very structured about it. I documented what I got wrong, asked for feedback, and changed how I planned similar work later I earned trust back by being accountable and applying the lesson in the next project.",weak,4,3,1,"measurable impact, specific actions"
112,Describe a time you underestimated something important.,failure,"kind of, During a hackathon follow-up, I focused too much on implementation and not enough on user testing. I tried to help and talk to people, but I was not very structured about it. I started breaking work into smaller checkpoints so I could spot risk earlier instead of near the deadline The experience made me much better at risk management, and later estimates were noticeably more reliable.",weak,4,3,3,"metrics, ownership, specific context"
115,Tell me about a time you learned from an avoidable miss.,failure,"kind of, At school, I took on too much work personally instead of distributing it earlier. I tried to help and talk to people, but I was not very structured about it. I made a habit of validating assumptions earlier and communicating uncertainty with more precision I did not hide the mistake, and the learning from it prevented a similar issue later.",weak,4,2,1,"clear structure, result"
121,Tell me about a time you took initiative.,initiative,"to be honest, During my internship, I noticed repeated friction in the review process even though nobody had formally owned it. I tried to help and talk to people, but I was not very structured about it. I put together a lightweight fix, tested it quickly, and then shared it in a way that made adoption easy The team saved time, the process felt smoother, and the change stuck because it solved a real pain point.",weak,4,3,3,"metrics, ownership, specific context"
122,Tell me about a time you took initiative.,initiative,"During my internship, I noticed repeated friction in the review process even though nobody had formally owned it. I put together a lightweight fix, tested it quickly, and then shared it in a way that made adoption easy. I also kept the team updated so we could move forward without too much confusion. The team saved time, the process felt smoother, and the change stuck because it solved a real pain point.",average,7,4,5,reflection
123,Tell me about a time you took initiative.,initiative,"During my internship, I noticed repeated friction in the review process even though nobody had formally owned it. I first clarified the success criteria and the actual risk to the timeline. I put together a lightweight fix, tested it quickly, and then shared it in a way that made adoption easy. I documented the decision path, followed up on ownership, and kept stakeholders aligned. The team saved time, the process felt smoother, and the change stuck because it solved a real pain point.",strong,9,7,8,
124,Describe a time you acted without being asked.,initiative,"kind of, In a student project, I saw that the team kept losing time because the work tracker was outdated. I tried to help and talk to people, but I was not very structured about it. I did not wait for permission to do the discovery work, but I made sure to keep the actual owners informed People adopted the improvement quickly and it reduced repeated confusion across the group.",weak,2,2,1,"metrics, ownership, specific context"
125,Describe a time you acted without being asked.,initiative,"In a student project, I saw that the team kept losing time because the work tracker was outdated. I did not wait for permission to do the discovery work, but I made sure to keep the actual owners informed. I also kept the team updated so we could move forward without too much confusion. People adopted the improvement quickly and it reduced repeated confusion across the group.",average,5,4,5,reflection
126,Describe a time you acted without being asked.,initiative,"In a student project, I saw that the team kept losing time because the work tracker was outdated. I first clarified the success criteria and the actual risk to the timeline. I did not wait for permission to do the discovery work, but I made sure to keep the actual owners informed. I documented the decision path, followed up on ownership, and kept stakeholders aligned. People adopted the improvement quickly and it reduced repeated confusion across the group.",strong,7,10,10,
127,Tell me about a time you noticed a gap and stepped in.,initiative,"to be honest, During a campus event build, I noticed the onboarding material for new contributors was missing. I tried to help and talk to people, but I was not very structured about it. I started small, collected feedback, and improved the idea before asking the full team to change habits The initiative improved delivery speed and made my work more trusted because it helped the whole team.",weak,4,4,2,"clear structure, result"
128,Tell me about a time you noticed a gap and stepped in.,initiative,"During a campus event build, I noticed the onboarding material for new contributors was missing. I started small, collected feedback, and improved the idea before asking the full team to change habits. I also kept the team updated so we could move forward without too much confusion. The initiative improved delivery speed and made my work more trusted because it helped the whole team.",average,6,4,4,reflection
129,Tell me about a time you noticed a gap and stepped in.,initiative,"During a campus event build, I noticed the onboarding material for new contributors was missing. I first clarified the success criteria and the actual risk to the timeline. I started small, collected feedback, and improved the idea before asking the full team to change habits. I documented the decision path, followed up on ownership, and kept stakeholders aligned. The initiative improved delivery speed and made my work more trusted because it helped the whole team.",strong,7,7,10,
130,Describe a time you improved something proactively.,initiative,"to be honest, At an internship, I saw a recurring communication gap between the feature owner and implementers. I tried to help and talk to people, but I was not very structured about it. I kept the solution practical because I wanted it to be used, not just admired The fix was simple but high leverage, which taught me that initiative works best when it is practical.",weak,4,4,2,"metrics, ownership, specific context"
131,Describe a time you improved something proactively.,initiative,"At an internship, I saw a recurring communication gap between the feature owner and implementers. I kept the solution practical because I wanted it to be used, not just admired. I also kept the team updated so we could move forward without too much confusion. The fix was simple but high leverage, which taught me that initiative works best when it is practical.",average,7,4,4,strong impact
132,Describe a time you improved something proactively.,initiative,"At an internship, I saw a recurring communication gap between the feature owner and implementers. I first clarified the success criteria and the actual risk to the timeline. I kept the solution practical because I wanted it to be used, not just admired. I documented the decision path, followed up on ownership, and kept stakeholders aligned. The fix was simple but high leverage, which taught me that initiative works best when it is practical.",strong,8,10,9,deeper reflection
133,Tell me about a time you created value without formal ownership.,initiative,"basically, In a class project, repeated setup issues were wasting time for new teammates. I tried to help and talk to people, but I was not very structured about it. I focused on removing friction that affected multiple people instead of just optimizing my own workflow It improved the workflow enough that later teammates continued using it.",weak,4,3,1,"measurable impact, specific actions"
134,Tell me about a time you created value without formal ownership.,initiative,"In a class project, repeated setup issues were wasting time for new teammates. I focused on removing friction that affected multiple people instead of just optimizing my own workflow. I also kept the team updated so we could move forward without too much confusion. It improved the workflow enough that later teammates continued using it.",average,6,5,5,metrics
135,Tell me about a time you created value without formal ownership.,initiative,"In a class project, repeated setup issues were wasting time for new teammates. I first clarified the success criteria and the actual risk to the timeline. I focused on removing friction that affected multiple people instead of just optimizing my own workflow. I documented the decision path, followed up on ownership, and kept stakeholders aligned. It improved the workflow enough that later teammates continued using it.",strong,9,10,8,deeper reflection
136,Describe a time you solved a problem before it became bigger.,initiative,"basically, During my internship, I noticed repeated friction in the review process even though nobody had formally owned it. I tried to help and talk to people, but I was not very structured about it. I put together a lightweight fix, tested it quickly, and then shared it in a way that made adoption easy The team saved time, the process felt smoother, and the change stuck because it solved a real pain point.",weak,2,4,2,"metrics, ownership, specific context"
139,Tell me about a time you started something useful on your own.,initiative,"basically, In a student project, I saw that the team kept losing time because the work tracker was outdated. I tried to help and talk to people, but I was not very structured about it. I did not wait for permission to do the discovery work, but I made sure to keep the actual owners informed People adopted the improvement quickly and it reduced repeated confusion across the group.",weak,4,2,3,"metrics, ownership, specific context"
142,Describe a time you did more than the assigned work because it mattered.,initiative,"basically, During a campus event build, I noticed the onboarding material for new contributors was missing. I tried to help and talk to people, but I was not very structured about it. I started small, collected feedback, and improved the idea before asking the full team to change habits The initiative improved delivery speed and made my work more trusted because it helped the whole team.",weak,3,4,3,"metrics, ownership, specific context"
148,Describe a time you proactively improved team execution.,initiative,"honestly, In a class project, repeated setup issues were wasting time for new teammates. I tried to help and talk to people, but I was not very structured about it. I focused on removing friction that affected multiple people instead of just optimizing my own workflow It improved the workflow enough that later teammates continued using it.",weak,3,4,3,"measurable impact, specific actions"
151,Tell me about a time you performed under pressure.,pressure,"kind of, During an internship release week, we discovered a blocking issue shortly before a demo. I tried to help and talk to people, but I was not very structured about it. I reduced the noise by identifying what truly had to happen first and what could wait We got through the deadline without unnecessary panic and delivered the most important work successfully.",weak,3,3,1,"clear structure, result"
152,Tell me about a time you performed under pressure.,pressure,"During an internship release week, we discovered a blocking issue shortly before a demo. I reduced the noise by identifying what truly had to happen first and what could wait. I also kept the team updated so we could move forward without too much confusion. We got through the deadline without unnecessary panic and delivered the most important work successfully.",average,6,5,5,strong impact
153,Tell me about a time you performed under pressure.,pressure,"During an internship release week, we discovered a blocking issue shortly before a demo. I first clarified the success criteria and the actual risk to the timeline. I reduced the noise by identifying what truly had to happen first and what could wait. I documented the decision path, followed up on ownership, and kept stakeholders aligned. We got through the deadline without unnecessary panic and delivered the most important work successfully.",strong,10,9,7,deeper reflection
154,Describe a time a deadline or high-stakes situation tested you.,pressure,"honestly, In a project presentation cycle, several problems surfaced right before the final deadline. I tried to help and talk to people, but I was not very structured about it. I kept updates short and frequent so nobody wasted time guessing about the status The pressure was real, but the team stayed coordinated because the priorities were clear.",weak,4,4,1,"clear structure, result"
155,Describe a time a deadline or high-stakes situation tested you.,pressure,"In a project presentation cycle, several problems surfaced right before the final deadline. I kept updates short and frequent so nobody wasted time guessing about the status. I also kept the team updated so we could move forward without too much confusion. The pressure was real, but the team stayed coordinated because the priorities were clear.",average,5,6,4,reflection
156,Describe a time a deadline or high-stakes situation tested you.,pressure,"In a project presentation cycle, several problems surfaced right before the final deadline. I first clarified the success criteria and the actual risk to the timeline. I kept updates short and frequent so nobody wasted time guessing about the status. I documented the decision path, followed up on ownership, and kept stakeholders aligned. The pressure was real, but the team stayed coordinated because the priorities were clear.",strong,7,7,8,
157,Tell me about a time you handled pressure without losing focus.,pressure,"honestly, At a student event, last-minute changes forced the team to reorganize work quickly. I tried to help and talk to people, but I was not very structured about it. I avoided trying to fix everything at once and instead focused on the highest-risk path We recovered enough to meet the key milestone, and I learned how much clarity matters when time is tight.",weak,4,2,1,"metrics, ownership, specific context"
158,Tell me about a time you handled pressure without losing focus.,pressure,"At a student event, last-minute changes forced the team to reorganize work quickly. I avoided trying to fix everything at once and instead focused on the highest-risk path. I also kept the team updated so we could move forward without too much confusion. We recovered enough to meet the key milestone, and I learned how much clarity matters when time is tight.",average,6,6,4,reflection
159,Tell me about a time you handled pressure without losing focus.,pressure,"At a student event, last-minute changes forced the team to reorganize work quickly. I first clarified the success criteria and the actual risk to the timeline. I avoided trying to fix everything at once and instead focused on the highest-risk path. I documented the decision path, followed up on ownership, and kept stakeholders aligned. We recovered enough to meet the key milestone, and I learned how much clarity matters when time is tight.",strong,8,10,9,deeper reflection
160,Describe a time urgent work forced you to prioritize carefully.,pressure,"to be honest, During a sprint, a production-like bug appeared while other commitments were already heavy. I tried to help and talk to people, but I was not very structured about it. I stayed calm, documented the options, and asked for help where it would change the outcome fastest The situation stabilized quickly because we stopped multitasking and focused on the right fixes.",weak,4,4,3,"measurable impact, specific actions"
161,Describe a time urgent work forced you to prioritize carefully.,pressure,"During a sprint, a production-like bug appeared while other commitments were already heavy. I stayed calm, documented the options, and asked for help where it would change the outcome fastest. I also kept the team updated so we could move forward without too much confusion. The situation stabilized quickly because we stopped multitasking and focused on the right fixes.",average,5,4,5,metrics
162,Describe a time urgent work forced you to prioritize carefully.,pressure,"During a sprint, a production-like bug appeared while other commitments were already heavy. I first clarified the success criteria and the actual risk to the timeline. I stayed calm, documented the options, and asked for help where it would change the outcome fastest. I documented the decision path, followed up on ownership, and kept stakeholders aligned. The situation stabilized quickly because we stopped multitasking and focused on the right fixes.",strong,7,9,10,deeper reflection
163,Tell me about a time you had to stay calm in a stressful situation.,pressure,"to be honest, In a campus project, a critical dependency slipped and compressed the remaining timeline. I tried to help and talk to people, but I was not very structured about it. I made quick tradeoff decisions but explained them clearly so the team stayed aligned We avoided a bigger failure by staying disciplined under pressure.",weak,2,4,3,"measurable impact, specific actions"
164,Tell me about a time you had to stay calm in a stressful situation.,pressure,"In a campus project, a critical dependency slipped and compressed the remaining timeline. I made quick tradeoff decisions but explained them clearly so the team stayed aligned. I also kept the team updated so we could move forward without too much confusion. We avoided a bigger failure by staying disciplined under pressure.",average,5,4,6,strong impact
165,Tell me about a time you had to stay calm in a stressful situation.,pressure,"In a campus project, a critical dependency slipped and compressed the remaining timeline. I first clarified the success criteria and the actual risk to the timeline. I made quick tradeoff decisions but explained them clearly so the team stayed aligned. I documented the decision path, followed up on ownership, and kept stakeholders aligned. We avoided a bigger failure by staying disciplined under pressure.",strong,7,7,9,
166,Describe a time intense deadlines changed how you worked.,pressure,"basically, During an internship release week, we discovered a blocking issue shortly before a demo. I tried to help and talk to people, but I was not very structured about it. I reduced the noise by identifying what truly had to happen first and what could wait We got through the deadline without unnecessary panic and delivered the most important work successfully.",weak,4,3,1,"measurable impact, specific actions"
169,Tell me about a time pressure revealed your decision-making style.,pressure,"basically, In a project presentation cycle, several problems surfaced right before the final deadline. I tried to help and talk to people, but I was not very structured about it. I kept updates short and frequent so nobody wasted time guessing about the status The pressure was real, but the team stayed coordinated because the priorities were clear.",weak,4,2,2,"metrics, ownership, specific context"
172,Describe a time you managed risk during a very busy stretch.,pressure,"kind of, At a student event, last-minute changes forced the team to reorganize work quickly. I tried to help and talk to people, but I was not very structured about it. I avoided trying to fix everything at once and instead focused on the highest-risk path We recovered enough to meet the key milestone, and I learned how much clarity matters when time is tight.",weak,3,2,1,"clear structure, result"
175,Tell me about a time you had to deliver while things felt chaotic.,pressure,"kind of, During a sprint, a production-like bug appeared while other commitments were already heavy. I tried to help and talk to people, but I was not very structured about it. I stayed calm, documented the options, and asked for help where it would change the outcome fastest The situation stabilized quickly because we stopped multitasking and focused on the right fixes.",weak,2,3,1,"clear structure, result"
181,Tell me about a difficult challenge you worked through.,challenge,"kind of, During my internship, a workflow looked simple at first but had several hidden edge cases. I tried to help and talk to people, but I was not very structured about it. I stopped assuming the first path was correct and gathered evidence about what was actually failing We solved the challenge with a stronger approach, and the later solution was much more reliable than the first idea.",weak,2,3,3,"metrics, ownership, specific context"
182,Tell me about a difficult challenge you worked through.,challenge,"During my internship, a workflow looked simple at first but had several hidden edge cases. I stopped assuming the first path was correct and gathered evidence about what was actually failing. I also kept the team updated so we could move forward without too much confusion. We solved the challenge with a stronger approach, and the later solution was much more reliable than the first idea.",average,6,6,6,strong impact
183,Tell me about a difficult challenge you worked through.,challenge,"During my internship, a workflow looked simple at first but had several hidden edge cases. I first clarified the success criteria and the actual risk to the timeline. I stopped assuming the first path was correct and gathered evidence about what was actually failing. I documented the decision path, followed up on ownership, and kept stakeholders aligned. We solved the challenge with a stronger approach, and the later solution was much more reliable than the first idea.",strong,10,9,10,
184,Describe a time a hard problem pushed you out of your comfort zone.,challenge,"kind of, In a class project, our first design failed once we tested it with real users. I tried to help and talk to people, but I was not very structured about it. I broke the problem into smaller hypotheses, tested them one by one, and tracked what I learned The problem took longer than expected, but the final result was better because we validated the real root cause.",weak,3,4,2,"clear structure, result"
185,Describe a time a hard problem pushed you out of your comfort zone.,challenge,"In a class project, our first design failed once we tested it with real users. I broke the problem into smaller hypotheses, tested them one by one, and tracked what I learned. I also kept the team updated so we could move forward without too much confusion. The problem took longer than expected, but the final result was better because we validated the real root cause.",average,6,5,4,metrics
186,Describe a time a hard problem pushed you out of your comfort zone.,challenge,"In a class project, our first design failed once we tested it with real users. I first clarified the success criteria and the actual risk to the timeline. I broke the problem into smaller hypotheses, tested them one by one, and tracked what I learned. I documented the decision path, followed up on ownership, and kept stakeholders aligned. The problem took longer than expected, but the final result was better because we validated the real root cause.",strong,8,9,7,
187,Tell me about a time you faced a challenge that took persistence.,challenge,"to be honest, During a team build, the integration problem was harder than what the initial plan assumed. I tried to help and talk to people, but I was not very structured about it. I kept the team informed when I needed to change direction so nobody planned around old assumptions The challenge improved my problem-solving habits because I became more evidence-driven.",weak,2,2,3,"clear structure, result"
188,Tell me about a time you faced a challenge that took persistence.,challenge,"During a team build, the integration problem was harder than what the initial plan assumed. I kept the team informed when I needed to change direction so nobody planned around old assumptions. I also kept the team updated so we could move forward without too much confusion. The challenge improved my problem-solving habits because I became more evidence-driven.",average,6,6,6,reflection
189,Tell me about a time you faced a challenge that took persistence.,challenge,"During a team build, the integration problem was harder than what the initial plan assumed. I first clarified the success criteria and the actual risk to the timeline. I kept the team informed when I needed to change direction so nobody planned around old assumptions. I documented the decision path, followed up on ownership, and kept stakeholders aligned. The challenge improved my problem-solving habits because I became more evidence-driven.",strong,9,7,8,deeper reflection
190,Describe a time the first solution did not work.,challenge,"to be honest, At an internship, a performance issue appeared only under realistic load. I tried to help and talk to people, but I was not very structured about it. I used the failed attempt as data instead of treating it as wasted effort We delivered a stable outcome after reworking the plan, and that prevented repeat issues later.",weak,3,2,2,"metrics, ownership, specific context"
191,Describe a time the first solution did not work.,challenge,"At an internship, a performance issue appeared only under realistic load. I used the failed attempt as data instead of treating it as wasted effort. I also kept the team updated so we could move forward without too much confusion. We delivered a stable outcome after reworking the plan, and that prevented repeat issues later.",average,7,6,4,strong impact
192,Describe a time the first solution did not work.,challenge,"At an internship, a performance issue appeared only under realistic load. I first clarified the success criteria and the actual risk to the timeline. I used the failed attempt as data instead of treating it as wasted effort. I documented the decision path, followed up on ownership, and kept stakeholders aligned. We delivered a stable outcome after reworking the plan, and that prevented repeat issues later.",strong,7,7,9,
193,Tell me about a time you had to rethink your approach to a challenge.,challenge,"to be honest, In a student product project, a dependency behaved differently from the documentation. I tried to help and talk to people, but I was not very structured about it. I balanced persistence with realism, which meant changing the design once the facts clearly supported it The final solution held up well because we iterated instead of forcing the first design.",weak,4,3,1,"metrics, ownership, specific context"
194,Tell me about a time you had to rethink your approach to a challenge.,challenge,"In a student product project, a dependency behaved differently from the documentation. I balanced persistence with realism, which meant changing the design once the facts clearly supported it. I also kept the team updated so we could move forward without too much confusion. The final solution held up well because we iterated instead of forcing the first design.",average,7,5,5,strong impact
195,Tell me about a time you had to rethink your approach to a challenge.,challenge,"In a student product project, a dependency behaved differently from the documentation. I first clarified the success criteria and the actual risk to the timeline. I balanced persistence with realism, which meant changing the design once the facts clearly supported it. I documented the decision path, followed up on ownership, and kept stakeholders aligned. The final solution held up well because we iterated instead of forcing the first design.",strong,10,9,8,
202,Describe a time you had to learn your way through a problem.,challenge,"kind of, During a team build, the integration problem was harder than what the initial plan assumed. I tried to help and talk to people, but I was not very structured about it. I kept the team informed when I needed to change direction so nobody planned around old assumptions The challenge improved my problem-solving habits because I became more evidence-driven.",weak,4,3,2,"measurable impact, specific actions"
205,Tell me about a time the obvious solution was not enough.,challenge,"honestly, At an internship, a performance issue appeared only under realistic load. I tried to help and talk to people, but I was not very structured about it. I used the failed attempt as data instead of treating it as wasted effort We delivered a stable outcome after reworking the plan, and that prevented repeat issues later.",weak,2,2,1,"measurable impact, specific actions"
211,Tell me about a time your communication made a difference.,communication,"to be honest, During an internship, I had to explain a technical tradeoff to non-technical stakeholders. I tried to help and talk to people, but I was not very structured about it. I adjusted the level of detail for the audience and focused on the decision they actually needed to make People aligned faster, the decision moved forward, and confusion dropped after the conversation.",weak,4,2,2,"metrics, ownership, specific context"
212,Tell me about a time your communication made a difference.,communication,"During an internship, I had to explain a technical tradeoff to non-technical stakeholders. I adjusted the level of detail for the audience and focused on the decision they actually needed to make. I also kept the team updated so we could move forward without too much confusion. People aligned faster, the decision moved forward, and confusion dropped after the conversation.",average,5,4,4,strong impact
213,Tell me about a time your communication made a difference.,communication,"During an internship, I had to explain a technical tradeoff to non-technical stakeholders. I first clarified the success criteria and the actual risk to the timeline. I adjusted the level of detail for the audience and focused on the decision they actually needed to make. I documented the decision path, followed up on ownership, and kept stakeholders aligned. People aligned faster, the decision moved forward, and confusion dropped after the conversation.",strong,9,10,7,deeper reflection
214,Describe a time you had to explain something complex clearly.,communication,"kind of, In a student team, people had different understandings of what the project milestone meant. I tried to help and talk to people, but I was not very structured about it. I replaced jargon with plain language, used a simple example, and confirmed understanding before moving on The message landed well because the audience understood both the risk and the recommended path.",weak,4,3,2,"measurable impact, specific actions"
215,Describe a time you had to explain something complex clearly.,communication,"In a student team, people had different understandings of what the project milestone meant. I replaced jargon with plain language, used a simple example, and confirmed understanding before moving on. I also kept the team updated so we could move forward without too much confusion. The message landed well because the audience understood both the risk and the recommended path.",average,7,5,5,metrics
216,Describe a time you had to explain something complex clearly.,communication,"In a student team, people had different understandings of what the project milestone meant. I first clarified the success criteria and the actual risk to the timeline. I replaced jargon with plain language, used a simple example, and confirmed understanding before moving on. I documented the decision path, followed up on ownership, and kept stakeholders aligned. The message landed well because the audience understood both the risk and the recommended path.",strong,7,10,9,
217,Tell me about a time you aligned people through communication.,communication,"kind of, During a release discussion, several teams were using slightly different definitions of success. I tried to help and talk to people, but I was not very structured about it. I summarized key points in writing afterward so the alignment did not disappear after the meeting We avoided wasted work because expectations became clear before implementation continued.",weak,2,2,1,"measurable impact, specific actions"
218,Tell me about a time you aligned people through communication.,communication,"During a release discussion, several teams were using slightly different definitions of success. I summarized key points in writing afterward so the alignment did not disappear after the meeting. I also kept the team updated so we could move forward without too much confusion. We avoided wasted work because expectations became clear before implementation continued.",average,7,6,4,reflection
219,Tell me about a time you aligned people through communication.,communication,"During a release discussion, several teams were using slightly different definitions of success. I first clarified the success criteria and the actual risk to the timeline. I summarized key points in writing afterward so the alignment did not disappear after the meeting. I documented the decision path, followed up on ownership, and kept stakeholders aligned. We avoided wasted work because expectations became clear before implementation continued.",strong,9,7,8,deeper reflection
220,Describe a time a message had to be adjusted for the audience.,communication,"basically, At an internship, a vague update caused confusion about whether a blocker was resolved. I tried to help and talk to people, but I was not very structured about it. I made the tradeoffs explicit instead of assuming everyone interpreted the situation the same way The communication helped stakeholders make a timely decision and trust the rationale behind it.",weak,3,2,3,"clear structure, result"
221,Describe a time a message had to be adjusted for the audience.,communication,"At an internship, a vague update caused confusion about whether a blocker was resolved. I made the tradeoffs explicit instead of assuming everyone interpreted the situation the same way. I also kept the team updated so we could move forward without too much confusion. The communication helped stakeholders make a timely decision and trust the rationale behind it.",average,7,5,4,strong impact
222,Describe a time a message had to be adjusted for the audience.,communication,"At an internship, a vague update caused confusion about whether a blocker was resolved. I first clarified the success criteria and the actual risk to the timeline. I made the tradeoffs explicit instead of assuming everyone interpreted the situation the same way. I documented the decision path, followed up on ownership, and kept stakeholders aligned. The communication helped stakeholders make a timely decision and trust the rationale behind it.",strong,9,10,9,deeper reflection
223,Tell me about a time poor communication could have caused a problem.,communication,"honestly, In a project review, I needed to present a complex issue in a way leadership could act on quickly. I tried to help and talk to people, but I was not very structured about it. I thought carefully about what was important to say, what was noise, and what action the audience needed next It showed me that good communication is often about clarity and framing, not just detail.",weak,2,3,2,"measurable impact, specific actions"
224,Tell me about a time poor communication could have caused a problem.,communication,"In a project review, I needed to present a complex issue in a way leadership could act on quickly. I thought carefully about what was important to say, what was noise, and what action the audience needed next. I also kept the team updated so we could move forward without too much confusion. It showed me that good communication is often about clarity and framing, not just detail.",average,6,5,6,strong impact
225,Tell me about a time poor communication could have caused a problem.,communication,"In a project review, I needed to present a complex issue in a way leadership could act on quickly. I first clarified the success criteria and the actual risk to the timeline. I thought carefully about what was important to say, what was noise, and what action the audience needed next. I documented the decision path, followed up on ownership, and kept stakeholders aligned. It showed me that good communication is often about clarity and framing, not just detail.",strong,7,10,7,deeper reflection
226,Describe a time you had to simplify technical detail for others.,communication,"kind of, During an internship, I had to explain a technical tradeoff to non-technical stakeholders. I tried to help and talk to people, but I was not very structured about it. I adjusted the level of detail for the audience and focused on the decision they actually needed to make People aligned faster, the decision moved forward, and confusion dropped after the conversation.",weak,3,2,2,"measurable impact, specific actions"
232,Describe a time your communication changed a decision.,communication,"basically, During a release discussion, several teams were using slightly different definitions of success. I tried to help and talk to people, but I was not very structured about it. I summarized key points in writing afterward so the alignment did not disappear after the meeting We avoided wasted work because expectations became clear before implementation continued.",weak,2,2,3,"measurable impact, specific actions"
235,Tell me about a time you had to deliver difficult information clearly.,communication,"honestly, At an internship, a vague update caused confusion about whether a blocker was resolved. I tried to help and talk to people, but I was not very structured about it. I made the tradeoffs explicit instead of assuming everyone interpreted the situation the same way The communication helped stakeholders make a timely decision and trust the rationale behind it.",weak,3,2,3,"metrics, ownership, specific context"
238,Describe a time you improved outcomes by communicating better.,communication,"to be honest, In a project review, I needed to present a complex issue in a way leadership could act on quickly. I tried to help and talk to people, but I was not very structured about it. I thought carefully about what was important to say, what was noise, and what action the audience needed next It showed me that good communication is often about clarity and framing, not just detail.",weak,3,4,1,"clear structure, result"
241,Tell me about a time you worked through ambiguity.,ambiguity,"kind of, During an internship, a project started before the requirements were fully settled. I tried to help and talk to people, but I was not very structured about it. I turned ambiguity into smaller questions, gathered missing signals, and kept a visible list of assumptions We made steady progress instead of stalling, and the project direction became clearer as we learned more.",weak,4,3,1,"clear structure, result"
242,Tell me about a time you worked through ambiguity.,ambiguity,"During an internship, a project started before the requirements were fully settled. I turned ambiguity into smaller questions, gathered missing signals, and kept a visible list of assumptions. I also kept the team updated so we could move forward without too much confusion. We made steady progress instead of stalling, and the project direction became clearer as we learned more.",average,7,5,6,reflection
243,Tell me about a time you worked through ambiguity.,ambiguity,"During an internship, a project started before the requirements were fully settled. I first clarified the success criteria and the actual risk to the timeline. I turned ambiguity into smaller questions, gathered missing signals, and kept a visible list of assumptions. I documented the decision path, followed up on ownership, and kept stakeholders aligned. We made steady progress instead of stalling, and the project direction became clearer as we learned more.",strong,10,8,10,
244,Describe a time requirements were unclear and you still made progress.,ambiguity,"basically, In a product team, stakeholders agreed on the problem but not on the exact solution path. I tried to help and talk to people, but I was not very structured about it. I proposed a narrow first step so we could learn quickly instead of waiting for perfect clarity The team avoided paralysis, validated the right path early, and saved time later.",weak,3,3,3,"measurable impact, specific actions"
245,Describe a time requirements were unclear and you still made progress.,ambiguity,"In a product team, stakeholders agreed on the problem but not on the exact solution path. I proposed a narrow first step so we could learn quickly instead of waiting for perfect clarity. I also kept the team updated so we could move forward without too much confusion. The team avoided paralysis, validated the right path early, and saved time later.",average,6,5,5,metrics
246,Describe a time requirements were unclear and you still made progress.,ambiguity,"In a product team, stakeholders agreed on the problem but not on the exact solution path. I first clarified the success criteria and the actual risk to the timeline. I proposed a narrow first step so we could learn quickly instead of waiting for perfect clarity. I documented the decision path, followed up on ownership, and kept stakeholders aligned. The team avoided paralysis, validated the right path early, and saved time later.",strong,8,10,8,deeper reflection
247,Tell me about a time you had to move without a full answer.,ambiguity,"honestly, During a class project, the goal was broad and success criteria were still forming. I tried to help and talk to people, but I was not very structured about it. I checked in often with stakeholders so the direction became sharper as evidence improved The ambiguity did not disappear immediately, but we created enough structure to execute confidently.",weak,3,4,2,"measurable impact, specific actions"
248,Tell me about a time you had to move without a full answer.,ambiguity,"During a class project, the goal was broad and success criteria were still forming. I checked in often with stakeholders so the direction became sharper as evidence improved. I also kept the team updated so we could move forward without too much confusion. The ambiguity did not disappear immediately, but we created enough structure to execute confidently.",average,6,5,6,reflection
249,Tell me about a time you had to move without a full answer.,ambiguity,"During a class project, the goal was broad and success criteria were still forming. I first clarified the success criteria and the actual risk to the timeline. I checked in often with stakeholders so the direction became sharper as evidence improved. I documented the decision path, followed up on ownership, and kept stakeholders aligned. The ambiguity did not disappear immediately, but we created enough structure to execute confidently.",strong,8,10,7,
250,Describe a time uncertainty made execution difficult.,ambiguity,"kind of, At an internship, the team knew something needed improvement but not yet which direction would work best. I tried to help and talk to people, but I was not very structured about it. I documented the decisions we were making under uncertainty and what would cause us to revisit them The work moved forward without reckless guessing because assumptions were explicit and tested.",weak,2,3,1,"measurable impact, specific actions"
251,Describe a time uncertainty made execution difficult.,ambiguity,"At an internship, the team knew something needed improvement but not yet which direction would work best. I documented the decisions we were making under uncertainty and what would cause us to revisit them. I also kept the team updated so we could move forward without too much confusion. The work moved forward without reckless guessing because assumptions were explicit and tested.",average,6,4,6,metrics
252,Describe a time uncertainty made execution difficult.,ambiguity,"At an internship, the team knew something needed improvement but not yet which direction would work best. I first clarified the success criteria and the actual risk to the timeline. I documented the decisions we were making under uncertainty and what would cause us to revisit them. I documented the decision path, followed up on ownership, and kept stakeholders aligned. The work moved forward without reckless guessing because assumptions were explicit and tested.",strong,10,8,7,deeper reflection
253,Tell me about a time you created structure in an ambiguous situation.,ambiguity,"kind of, In a student build, feedback kept changing while implementation had already started. I tried to help and talk to people, but I was not very structured about it. I focused on reducing risk while still moving forward, not on pretending the uncertainty did not exist It taught me that ambiguity is manageable when you turn it into smaller decisions and feedback loops.",weak,3,4,3,"clear structure, result"
254,Tell me about a time you created structure in an ambiguous situation.,ambiguity,"In a student build, feedback kept changing while implementation had already started. I focused on reducing risk while still moving forward, not on pretending the uncertainty did not exist. I also kept the team updated so we could move forward without too much confusion. It taught me that ambiguity is manageable when you turn it into smaller decisions and feedback loops.",average,7,4,5,reflection
255,Tell me about a time you created structure in an ambiguous situation.,ambiguity,"In a student build, feedback kept changing while implementation had already started. I first clarified the success criteria and the actual risk to the timeline. I focused on reducing risk while still moving forward, not on pretending the uncertainty did not exist. I documented the decision path, followed up on ownership, and kept stakeholders aligned. It taught me that ambiguity is manageable when you turn it into smaller decisions and feedback loops.",strong,10,9,10,
256,Describe a time a project lacked clear direction at first.,ambiguity,"honestly, During an internship, a project started before the requirements were fully settled. I tried to help and talk to people, but I was not very structured about it. I turned ambiguity into smaller questions, gathered missing signals, and kept a visible list of assumptions We made steady progress instead of stalling, and the project direction became clearer as we learned more.",weak,4,2,1,"measurable impact, specific actions"
259,Tell me about a time you had to define the path yourself.,ambiguity,"honestly, In a product team, stakeholders agreed on the problem but not on the exact solution path. I tried to help and talk to people, but I was not very structured about it. I proposed a narrow first step so we could learn quickly instead of waiting for perfect clarity The team avoided paralysis, validated the right path early, and saved time later.",weak,3,2,3,"clear structure, result"
262,Describe a time changing information made planning harder.,ambiguity,"to be honest, During a class project, the goal was broad and success criteria were still forming. I tried to help and talk to people, but I was not very structured about it. I checked in often with stakeholders so the direction became sharper as evidence improved The ambiguity did not disappear immediately, but we created enough structure to execute confidently.",weak,2,4,2,"measurable impact, specific actions"
265,Tell me about a time you had to reduce ambiguity for others.,ambiguity,"to be honest, At an internship, the team knew something needed improvement but not yet which direction would work best. I tried to help and talk to people, but I was not very structured about it. I documented the decisions we were making under uncertainty and what would cause us to revisit them The work moved forward without reckless guessing because assumptions were explicit and tested.",weak,2,3,3,"clear structure, result"
268,Describe a time you made progress with incomplete information.,ambiguity,"basically, In a student build, feedback kept changing while implementation had already started. I tried to help and talk to people, but I was not very structured about it. I focused on reducing risk while still moving forward, not on pretending the uncertainty did not exist It taught me that ambiguity is manageable when you turn it into smaller decisions and feedback loops.",weak,3,4,2,"measurable impact, specific actions"
271,Tell me about a time you took ownership of something important.,ownership,"honestly, During an internship, a workflow had several owners on paper but no one was watching the full outcome. I tried to help and talk to people, but I was not very structured about it. I treated the end result as my responsibility, even when I needed help from several people to get there The issue was resolved more completely because someone was finally watching it end to end.",weak,2,3,3,"clear structure, result"
272,Tell me about a time you took ownership of something important.,ownership,"During an internship, a workflow had several owners on paper but no one was watching the full outcome. I treated the end result as my responsibility, even when I needed help from several people to get there. I also kept the team updated so we could move forward without too much confusion. The issue was resolved more completely because someone was finally watching it end to end.",average,7,5,6,strong impact
273,Tell me about a time you took ownership of something important.,ownership,"During an internship, a workflow had several owners on paper but no one was watching the full outcome. I first clarified the success criteria and the actual risk to the timeline. I treated the end result as my responsibility, even when I needed help from several people to get there. I documented the decision path, followed up on ownership, and kept stakeholders aligned. The issue was resolved more completely because someone was finally watching it end to end.",strong,7,10,9,
274,Describe a time you owned a problem end to end.,ownership,"honestly, In a capstone project, one important task kept slipping because responsibility was fragmented. I tried to help and talk to people, but I was not very structured about it. I kept the full picture visible, not just my individual task, and followed up until the problem was actually closed The delivery quality improved, and the team had more confidence because ownership was visible.",weak,4,4,2,"clear structure, result"
275,Describe a time you owned a problem end to end.,ownership,"In a capstone project, one important task kept slipping because responsibility was fragmented. I kept the full picture visible, not just my individual task, and followed up until the problem was actually closed. I also kept the team updated so we could move forward without too much confusion. The delivery quality improved, and the team had more confidence because ownership was visible.",average,5,6,5,metrics
276,Describe a time you owned a problem end to end.,ownership,"In a capstone project, one important task kept slipping because responsibility was fragmented. I first clarified the success criteria and the actual risk to the timeline. I kept the full picture visible, not just my individual task, and followed up until the problem was actually closed. I documented the decision path, followed up on ownership, and kept stakeholders aligned. The delivery quality improved, and the team had more confidence because ownership was visible.",strong,8,9,8,
277,Tell me about a time you stepped in because something needed a real owner.,ownership,"honestly, During a release cycle, a handoff issue was hurting quality but was not clearly assigned to one person. I tried to help and talk to people, but I was not very structured about it. I made ownership explicit, closed loops with others, and did not assume silence meant things were handled The problem stopped bouncing between people and the resolution happened faster.",weak,4,4,1,"clear structure, result"
278,Tell me about a time you stepped in because something needed a real owner.,ownership,"During a release cycle, a handoff issue was hurting quality but was not clearly assigned to one person. I made ownership explicit, closed loops with others, and did not assume silence meant things were handled. I also kept the team updated so we could move forward without too much confusion. The problem stopped bouncing between people and the resolution happened faster.",average,6,4,6,strong impact
279,Tell me about a time you stepped in because something needed a real owner.,ownership,"During a release cycle, a handoff issue was hurting quality but was not clearly assigned to one person. I first clarified the success criteria and the actual risk to the timeline. I made ownership explicit, closed loops with others, and did not assume silence meant things were handled. I documented the decision path, followed up on ownership, and kept stakeholders aligned. The problem stopped bouncing between people and the resolution happened faster.",strong,8,7,9,deeper reflection
280,Describe a time you carried responsibility beyond your immediate task.,ownership,"basically, At an internship, a recurring blocker sat between teams and was easy for everyone to partially ignore. I tried to help and talk to people, but I was not very structured about it. I pushed past the easy handoff point and stayed engaged until the downstream impact looked healthy too The result was stronger because I stayed engaged after the first fix instead of assuming it was done.",weak,2,2,1,"measurable impact, specific actions"
281,Describe a time you carried responsibility beyond your immediate task.,ownership,"At an internship, a recurring blocker sat between teams and was easy for everyone to partially ignore. I pushed past the easy handoff point and stayed engaged until the downstream impact looked healthy too. I also kept the team updated so we could move forward without too much confusion. The result was stronger because I stayed engaged after the first fix instead of assuming it was done.",average,6,6,6,strong impact
282,Describe a time you carried responsibility beyond your immediate task.,ownership,"At an internship, a recurring blocker sat between teams and was easy for everyone to partially ignore. I first clarified the success criteria and the actual risk to the timeline. I pushed past the easy handoff point and stayed engaged until the downstream impact looked healthy too. I documented the decision path, followed up on ownership, and kept stakeholders aligned. The result was stronger because I stayed engaged after the first fix instead of assuming it was done.",strong,8,9,10,deeper reflection
283,Tell me about a time you treated the result as your responsibility.,ownership,"kind of, In a student project, the final delivery risk was spread out enough that nobody was truly tracking it. I tried to help and talk to people, but I was not very structured about it. I accepted accountability for the outcome, which meant checking details that otherwise would have been missed It reinforced that ownership is really about the outcome, not just the assigned task list.",weak,2,3,1,"metrics, ownership, specific context"
284,Tell me about a time you treated the result as your responsibility.,ownership,"In a student project, the final delivery risk was spread out enough that nobody was truly tracking it. I accepted accountability for the outcome, which meant checking details that otherwise would have been missed. I also kept the team updated so we could move forward without too much confusion. It reinforced that ownership is really about the outcome, not just the assigned task list.",average,5,6,6,reflection
285,Tell me about a time you treated the result as your responsibility.,ownership,"In a student project, the final delivery risk was spread out enough that nobody was truly tracking it. I first clarified the success criteria and the actual risk to the timeline. I accepted accountability for the outcome, which meant checking details that otherwise would have been missed. I documented the decision path, followed up on ownership, and kept stakeholders aligned. It reinforced that ownership is really about the outcome, not just the assigned task list.",strong,10,9,7,deeper reflection
289,Tell me about a time you took accountability for a messy situation.,ownership,"to be honest, In a capstone project, one important task kept slipping because responsibility was fragmented. I tried to help and talk to people, but I was not very structured about it. I kept the full picture visible, not just my individual task, and followed up until the problem was actually closed The delivery quality improved, and the team had more confidence because ownership was visible.",weak,3,2,3,"measurable impact, specific actions"
292,Describe a time you went beyond execution and owned the outcome.,ownership,"basically, During a release cycle, a handoff issue was hurting quality but was not clearly assigned to one person. I tried to help and talk to people, but I was not very structured about it. I made ownership explicit, closed loops with others, and did not assume silence meant things were handled The problem stopped bouncing between people and the resolution happened faster.",weak,2,2,1,"metrics, ownership, specific context"
295,Tell me about a time you made sure nothing fell through the cracks.,ownership,"kind of, At an internship, a recurring blocker sat between teams and was easy for everyone to partially ignore. I tried to help and talk to people, but I was not very structured about it. I pushed past the easy handoff point and stayed engaged until the downstream impact looked healthy too The result was stronger because I stayed engaged after the first fix instead of assuming it was done.",weak,4,4,3,"measurable impact, specific actions"
298,Describe a time your ownership improved the final result.,ownership,"basically, In a student project, the final delivery risk was spread out enough that nobody was truly tracking it. I tried to help and talk to people, but I was not very structured about it. I accepted accountability for the outcome, which meant checking details that otherwise would have been missed It reinforced that ownership is really about the outcome, not just the assigned task list.",weak,3,2,3,"clear structure, result"
301,Describe a time you led execution when the team needed clarity.,leadership,"I think this happened when our team was under pressure and we had some confusion. I tried to help and talk to people, but I was not very structured about it I tried to respond quickly, but I did not really frame the problem in a strong way. In the end things improved a little, but the result was not very strong and I learned I needed better structure.",weak,2,4,2,"measurable result, ownership, specific context"
302,Tell me about a time you aligned people through communication.,communication,"This came up in an internship project, and I remember feeling a bit lost at the start. I tried to help and talk to people, but I was not very structured about it I tried to respond quickly, but I did not really frame the problem in a strong way. In the end things improved a little, but the result was not very strong and I learned I needed better structure.",weak,2,2,1,"decision process, result"
303,Describe a time you carried responsibility beyond your immediate task.,ownership,"I think this happened when our team was under pressure and we had some confusion. basically, At an internship, a recurring blocker sat between teams and was easy for everyone to partially ignore I mostly tried to help and talk to people, but I was not very structured. The situation settled down later, but it showed me that I need to be more organized and specific. What specifically was hard about the situation?",weak,3,2,2,"clear structure, metrics"
304,Describe a time you earned followership instead of using title or role.,leadership,"This happened during a product release where the team had to move quickly while expectations were changing. During a campus tech event, several volunteers were working hard but priorities were scattered I listened to different perspectives, summarized the tradeoffs, and helped the group agree on a practical next action. The issue was resolved without major delay, and I learned the value of setting clearer ownership earlier.",average,5,5,4,strong business impact
305,Describe a time leadership was needed even though you were not the official owner.,leadership,"This example comes from a team project where we were balancing delivery deadlines with a few unresolved blockers. I kept communication direct and calm so people trusted the process instead of feeling managed I spoke with the people involved, clarified the immediate problem, and suggested a simple plan so we could move forward. We delivered the work on time, and the team had a clearer way to handle similar situations after that.",average,7,5,6,metrics
306,Describe a setback that improved your judgment later.,failure,"I dealt with this during an internship project where I owned a key workflow that directly affected the team timeline. It was uncomfortable, but it permanently improved how I scope and communicate work I first clarified the success criteria, then mapped the blockers, assigned clear owners, and set short checkpoints to keep momentum. We delivered successfully with better alignment, and the approach became a repeatable pattern for future projects. Walk me through this example in a little more detail.",strong,7,10,9,
307,Describe a team effort where communication mattered as much as execution.,teamwork,"It was during a project in college and honestly I did not have a very clear plan at first. I shared progress and risks openly, which made it easier for others to adjust their work in time We finished with less confusion and much better visibility than at the start I spoke with the team and did what I could, though I probably should have organized it better. The situation settled down later, but it showed me that I need to be more organized and specific. How did you make sure the team stayed aligned?",weak,4,4,1,"measurable result, ownership, specific context"
308,Describe a setback that improved your judgment later.,failure,"I think this happened when our team was under pressure and we had some confusion. I would say, i turned the mistake into a concrete process change rather than treating it as a one-off problem It was uncomfortable, but it permanently improved how I scope and communicate work I tried to respond quickly, but I did not really frame the problem in a strong way. The situation settled down later, but it showed me that I need to be more organized and specific.",weak,2,3,2,"decision process, result"
309,Tell me about a time you had to deliver difficult information clearly.,communication,"This came up in an internship project, and I remember feeling a bit lost at the start. I made the tradeoffs explicit instead of assuming everyone interpreted the situation the same way The communication helped stakeholders make a timely decision and trust the rationale behind it I tried to respond quickly, but I did not really frame the problem in a strong way. We eventually finished, though the outcome was only okay and I realized I should have communicated more clearly.",weak,2,3,1,"measurable result, ownership, specific context"
310,Describe a time you had to coordinate with people who worked differently from you.,teamwork,"This example comes from a team project where we were balancing delivery deadlines with a few unresolved blockers. I focused on helping the team unblock quickly instead of only finishing my own part I spoke with the people involved, clarified the immediate problem, and suggested a simple plan so we could move forward. The project got back on track, and the team appreciated having a more structured way to communicate progress. What would you change if the same situation happened again?",average,7,5,4,clear reflection
311,Describe a time you improved outcomes by communicating better.,communication,"This happened during a high-visibility release when I was coordinating engineering work across multiple stakeholders. In a project review, I needed to present a complex issue in a way leadership could act on quickly I gathered the missing context, aligned stakeholders on tradeoffs, and led a step-by-step recovery plan with visible follow-through. The team hit the revised milestone, reduced confusion across functions, and my manager highlighted the clarity of my execution. Walk me through this example in a little more detail.",strong,9,7,7,
312,Tell me about a time you created value without formal ownership.,initiative,"This happened during a high-visibility release when I was coordinating engineering work across multiple stakeholders. I focused on removing friction that affected multiple people instead of just optimizing my own workflow I created structure around the ambiguity, documented the decision path, and personally drove execution until the outcome stabilized. We delivered successfully with better alignment, and the approach became a repeatable pattern for future projects.",strong,8,7,9,
313,Describe a time intense deadlines changed how you worked.,pressure,"I think this happened when our team was under pressure and we had some confusion. basically, During an internship release week, we discovered a blocking issue shortly before a demo I mostly tried to help and talk to people, but I was not very structured. In the end things improved a little, but the result was not very strong and I learned I needed better structure.",weak,3,2,1,"measurable result, ownership, specific context"
314,Tell me about a time you had to move without a full answer.,ambiguity,"This happened during a high-visibility release when I was coordinating engineering work across multiple stakeholders. During a class project, the goal was broad and success criteria were still forming I created structure around the ambiguity, documented the decision path, and personally drove execution until the outcome stabilized. We delivered successfully with better alignment, and the approach became a repeatable pattern for future projects.",strong,7,8,8,
315,Describe a time urgent work forced you to prioritize carefully.,pressure,"This came up in an internship project, and I remember feeling a bit lost at the start. to be honest, to be honest, During a sprint, a production-like bug appeared while other commitments were already heavy I spoke with the team and did what I could, though I probably should have organized it better. In the end things improved a little, but the result was not very strong and I learned I needed better structure. What specifically was hard about the situation?",weak,3,4,3,"decision process, result"
316,Describe a time you underestimated something important.,failure,"This happened during a product release where the team had to move quickly while expectations were changing. I started breaking work into smaller checkpoints so I could spot risk earlier instead of near the deadline I broke the issue into smaller actions, aligned with the team lead, and followed up so everyone knew the next step. We delivered the work on time, and the team had a clearer way to handle similar situations after that. What would you change if the same situation happened again?",average,5,4,6,metrics
317,Tell me about a time you stepped in because something needed a real owner.,ownership,"I think this happened when our team was under pressure and we had some confusion. to be honest, honestly, During a release cycle, a handoff issue was hurting quality but was not clearly assigned to one person I spoke with the team and did what I could, though I probably should have organized it better. We eventually finished, though the outcome was only okay and I realized I should have communicated more clearly.",weak,2,4,3,"clear structure, metrics"
318,Tell me about a time you aligned people through communication.,communication,"I think this happened when our team was under pressure and we had some confusion. to be honest, i tried to help and talk to people, but I was not very structured about it I spoke with the team and did what I could, though I probably should have organized it better. The situation settled down later, but it showed me that I need to be more organized and specific. What specifically was hard about the situation?",weak,3,3,3,"decision process, result"
319,Tell me about a time you used communication to remove confusion.,communication,"This happened during a product release where the team had to move quickly while expectations were changing. honestly, the message landed well because the audience understood both the risk and the recommended path I broke the issue into smaller actions, aligned with the team lead, and followed up so everyone knew the next step. The project got back on track, and the team appreciated having a more structured way to communicate progress.",average,5,5,4,metrics
320,Tell me about a time you took initiative.,initiative,"This happened during a product release where the team had to move quickly while expectations were changing. I would say, i also kept the team updated so we could move forward without too much confusion I spoke with the people involved, clarified the immediate problem, and suggested a simple plan so we could move forward. The issue was resolved without major delay, and I learned the value of setting clearer ownership earlier. What would you change if the same situation happened again?",average,5,5,5,strong business impact
321,Tell me about a time you aligned people through communication.,communication,"I think this happened when our team was under pressure and we had some confusion. to be honest, kind of, During a release discussion, several teams were using slightly different definitions of success I mostly tried to help and talk to people, but I was not very structured. We eventually finished, though the outcome was only okay and I realized I should have communicated more clearly.",weak,4,4,3,"decision process, result"
322,Tell me about a time you led without formal authority.,leadership,"This example comes from a team project where we were balancing delivery deadlines with a few unresolved blockers. honestly, the team delivered on time and people kept using the structure I introduced even after the project milestone I listened to different perspectives, summarized the tradeoffs, and helped the group agree on a practical next action. We delivered the work on time, and the team had a clearer way to handle similar situations after that. What specifically was hard about the situation?",average,7,5,4,metrics
323,Describe a time you influenced a group to move in a better direction.,leadership,"This example comes from a team project where we were balancing delivery deadlines with a few unresolved blockers. I volunteered to run short syncs, summarize blockers, and keep the team focused on the highest-risk work first I listened to different perspectives, summarized the tradeoffs, and helped the group agree on a practical next action. We delivered the work on time, and the team had a clearer way to handle similar situations after that.",average,7,4,5,clear reflection
324,Tell me about a time you took accountability for a messy situation.,ownership,"This happened during a product release where the team had to move quickly while expectations were changing. basically, in a capstone project, one important task kept slipping because responsibility was fragmented I broke the issue into smaller actions, aligned with the team lead, and followed up so everyone knew the next step. The issue was resolved without major delay, and I learned the value of setting clearer ownership earlier.",average,7,5,5,metrics
325,Describe a disagreement you handled inside a project team.,conflict,"This example comes from a team project where we were balancing delivery deadlines with a few unresolved blockers. I summarized the actual blocker, clarified decisions that were emotional versus technical, and proposed a simple ownership split I broke the issue into smaller actions, aligned with the team lead, and followed up so everyone knew the next step. We delivered the work on time, and the team had a clearer way to handle similar situations after that.",average,6,6,6,metrics
326,Describe a time the first solution did not work.,challenge,"This came up in an internship project, and I remember feeling a bit lost at the start. honestly, to be honest, At an internship, a performance issue appeared only under realistic load I tried to respond quickly, but I did not really frame the problem in a strong way. The situation settled down later, but it showed me that I need to be more organized and specific. Walk me through this example in a little more detail.",weak,3,2,2,"measurable result, ownership, specific context"
327,Describe a time you solved a problem before it became bigger.,initiative,"It was during a project in college and honestly I did not have a very clear plan at first. basically, i tried to help and talk to people, but I was not very structured about it I spoke with the team and did what I could, though I probably should have organized it better. The situation settled down later, but it showed me that I need to be more organized and specific. How did you make sure the team stayed aligned?",weak,2,2,3,"decision process, result"
328,Describe a time uncertainty made execution difficult.,ambiguity,"This happened during a product release where the team had to move quickly while expectations were changing. I also kept the team updated so we could move forward without too much confusion I broke the issue into smaller actions, aligned with the team lead, and followed up so everyone knew the next step. We delivered the work on time, and the team had a clearer way to handle similar situations after that. What would you change if the same situation happened again?",average,6,4,4,clear reflection
329,Tell me about a time you aligned people through communication.,communication,"I dealt with this during an internship project where I owned a key workflow that directly affected the team timeline. I summarized key points in writing afterward so the alignment did not disappear after the meeting I first clarified the success criteria, then mapped the blockers, assigned clear owners, and set short checkpoints to keep momentum. We recovered the timeline, improved stakeholder trust, and the process I introduced was reused in later work. Walk me through this example in a little more detail.",strong,7,7,7,deeper reflection
330,Describe a failure that taught you something important.,failure,"This happened during a high-visibility release when I was coordinating engineering work across multiple stakeholders. I first clarified the success criteria and the actual risk to the timeline I first clarified the success criteria, then mapped the blockers, assigned clear owners, and set short checkpoints to keep momentum. We recovered the timeline, improved stakeholder trust, and the process I introduced was reused in later work.",strong,8,7,9,
331,Tell me about a time you failed and what you learned.,failure,"This example comes from a team project where we were balancing delivery deadlines with a few unresolved blockers. I also kept the team updated so we could move forward without too much confusion I spoke with the people involved, clarified the immediate problem, and suggested a simple plan so we could move forward. The issue was resolved without major delay, and I learned the value of setting clearer ownership earlier.",average,7,5,5,metrics
332,Tell me about a time you missed the mark.,failure,"I think this happened when our team was under pressure and we had some confusion. basically, i tried to help and talk to people, but I was not very structured about it I tried to respond quickly, but I did not really frame the problem in a strong way. In the end things improved a little, but the result was not very strong and I learned I needed better structure.",weak,3,3,2,"clear structure, metrics"
333,Describe a time you responded effectively to time pressure.,pressure,"This happened during a high-visibility release when I was coordinating engineering work across multiple stakeholders. I documented the decision path, followed up on ownership, and kept stakeholders aligned I first clarified the success criteria, then mapped the blockers, assigned clear owners, and set short checkpoints to keep momentum. We delivered successfully with better alignment, and the approach became a repeatable pattern for future projects.",strong,10,9,7,
334,Describe a time urgent work forced you to prioritize carefully.,pressure,"I faced this situation in an internship when the project owner changed priorities halfway through the sprint. I also kept the team updated so we could move forward without too much confusion I spoke with the people involved, clarified the immediate problem, and suggested a simple plan so we could move forward. The project got back on track, and the team appreciated having a more structured way to communicate progress.",average,6,6,6,clear reflection
335,Describe a time your plan did not work.,failure,"This example comes from a team project where we were balancing delivery deadlines with a few unresolved blockers. At school, I took on too much work personally instead of distributing it earlier I spoke with the people involved, clarified the immediate problem, and suggested a simple plan so we could move forward. The project got back on track, and the team appreciated having a more structured way to communicate progress.",average,6,5,4,clear reflection
336,Describe a challenge that made you change course.,challenge,"This situation came up on a cross-functional initiative where my decisions influenced both execution speed and delivery quality. I balanced persistence with realism, which meant changing the design once the facts clearly supported it I gathered the missing context, aligned stakeholders on tradeoffs, and led a step-by-step recovery plan with visible follow-through. We delivered successfully with better alignment, and the approach became a repeatable pattern for future projects.",strong,9,10,9,
337,Describe a time you went beyond execution and owned the outcome.,ownership,"It was during a project in college and honestly I did not have a very clear plan at first. I made ownership explicit, closed loops with others, and did not assume silence meant things were handled The problem stopped bouncing between people and the resolution happened faster I mostly tried to help and talk to people, but I was not very structured. We eventually finished, though the outcome was only okay and I realized I should have communicated more clearly.",weak,3,3,3,"clear structure, metrics"
338,Describe a time you improved outcomes by communicating better.,communication,"This example comes from a team project where we were balancing delivery deadlines with a few unresolved blockers. honestly, in a project review, I needed to present a complex issue in a way leadership could act on quickly I spoke with the people involved, clarified the immediate problem, and suggested a simple plan so we could move forward. The project got back on track, and the team appreciated having a more structured way to communicate progress.",average,6,5,6,clear reflection
339,Describe a time you managed risk during a very busy stretch.,pressure,"I think this happened when our team was under pressure and we had some confusion. I would say, i avoided trying to fix everything at once and instead focused on the highest-risk path We recovered enough to meet the key milestone, and I learned how much clarity matters when time is tight I mostly tried to help and talk to people, but I was not very structured. In the end things improved a little, but the result was not very strong and I learned I needed better structure.",weak,2,2,3,"measurable result, ownership, specific context"
340,Describe a time your communication changed a decision.,communication,"This situation came up on a cross-functional initiative where my decisions influenced both execution speed and delivery quality. I first clarified the success criteria and the actual risk to the timeline I created structure around the ambiguity, documented the decision path, and personally drove execution until the outcome stabilized. We recovered the timeline, improved stakeholder trust, and the process I introduced was reused in later work.",strong,10,8,10,
341,Tell me about a time you aligned people through communication.,communication,"This happened during a product release where the team had to move quickly while expectations were changing. I summarized key points in writing afterward so the alignment did not disappear after the meeting I broke the issue into smaller actions, aligned with the team lead, and followed up so everyone knew the next step. We delivered the work on time, and the team had a clearer way to handle similar situations after that.",average,5,4,6,clear reflection
342,Tell me about a time you had to stay calm in a stressful situation.,pressure,"This came up in an internship project, and I remember feeling a bit lost at the start. to be honest, In a campus project, a critical dependency slipped and compressed the remaining timeline I spoke with the team and did what I could, though I probably should have organized it better. In the end things improved a little, but the result was not very strong and I learned I needed better structure.",weak,3,4,3,"clear structure, metrics"
343,Tell me about a time you noticed a gap and stepped in.,initiative,"It was during a project in college and honestly I did not have a very clear plan at first. I started small, collected feedback, and improved the idea before asking the full team to change habits The initiative improved delivery speed and made my work more trusted because it helped the whole team I spoke with the team and did what I could, though I probably should have organized it better. In the end things improved a little, but the result was not very strong and I learned I needed better structure. How did you make sure the team stayed aligned?",weak,4,3,3,"clear structure, metrics"
344,Tell me about a time you stepped in because something needed a real owner.,ownership,"This came up in an internship project, and I remember feeling a bit lost at the start. I would say, i made ownership explicit, closed loops with others, and did not assume silence meant things were handled The problem stopped bouncing between people and the resolution happened faster I mostly tried to help and talk to people, but I was not very structured. The situation settled down later, but it showed me that I need to be more organized and specific.",weak,2,2,1,"decision process, result"
345,Describe a time you improved outcomes by communicating better.,communication,"This example comes from a team project where we were balancing delivery deadlines with a few unresolved blockers. basically, i also kept the team updated so we could move forward without too much confusion I broke the issue into smaller actions, aligned with the team lead, and followed up so everyone knew the next step. The issue was resolved without major delay, and I learned the value of setting clearer ownership earlier. What would you change if the same situation happened again?",average,6,4,4,strong business impact
346,Describe a time you owned a problem end to end.,ownership,"I dealt with this during an internship project where I owned a key workflow that directly affected the team timeline. The delivery quality improved, and the team had more confidence because ownership was visible I gathered the missing context, aligned stakeholders on tradeoffs, and led a step-by-step recovery plan with visible follow-through. We delivered successfully with better alignment, and the approach became a repeatable pattern for future projects.",strong,8,10,8,deeper reflection
347,Tell me about a time you improved the way a team worked together.,teamwork,"It was during a project in college and honestly I did not have a very clear plan at first. I tried to help and talk to people, but I was not very structured about it I tried to respond quickly, but I did not really frame the problem in a strong way. The situation settled down later, but it showed me that I need to be more organized and specific. What would you change if the same situation happened again?",weak,3,2,3,"measurable result, ownership, specific context"
348,Tell me about a time you had to deliver difficult information clearly.,communication,"I dealt with this during an internship project where I owned a key workflow that directly affected the team timeline. The communication helped stakeholders make a timely decision and trust the rationale behind it I gathered the missing context, aligned stakeholders on tradeoffs, and led a step-by-step recovery plan with visible follow-through. The team hit the revised milestone, reduced confusion across functions, and my manager highlighted the clarity of my execution. What would you change if the same situation happened again?",strong,8,7,9,deeper reflection
349,Describe a time leadership was needed even though you were not the official owner.,leadership,"This situation came up on a cross-functional initiative where my decisions influenced both execution speed and delivery quality. I documented the decision path, followed up on ownership, and kept stakeholders aligned I first clarified the success criteria, then mapped the blockers, assigned clear owners, and set short checkpoints to keep momentum. We recovered the timeline, improved stakeholder trust, and the process I introduced was reused in later work.",strong,10,7,7,
350,Tell me about a time you had to repair a working relationship.,conflict,"This example comes from a team project where we were balancing delivery deadlines with a few unresolved blockers. I also kept the team updated so we could move forward without too much confusion I spoke with the people involved, clarified the immediate problem, and suggested a simple plan so we could move forward. The issue was resolved without major delay, and I learned the value of setting clearer ownership earlier.",average,7,4,4,metrics
351,Describe a time you led execution when the team needed clarity.,leadership,"I faced this situation in an internship when the project owner changed priorities halfway through the sprint. kind of, we hit the target with less last-minute churn than expected I listened to different perspectives, summarized the tradeoffs, and helped the group agree on a practical next action. We delivered the work on time, and the team had a clearer way to handle similar situations after that. How did you make sure the team stayed aligned?",average,5,5,4,clear reflection
352,Tell me about a time you collaborated effectively with others.,teamwork,"This happened during a product release where the team had to move quickly while expectations were changing. I would say, during my internship, engineering, design, and QA all depended on each other to ship one workflow I listened to different perspectives, summarized the tradeoffs, and helped the group agree on a practical next action. The project got back on track, and the team appreciated having a more structured way to communicate progress.",average,7,4,5,metrics
353,Describe a time a message had to be adjusted for the audience.,communication,"This situation came up on a cross-functional initiative where my decisions influenced both execution speed and delivery quality. At an internship, a vague update caused confusion about whether a blocker was resolved I created structure around the ambiguity, documented the decision path, and personally drove execution until the outcome stabilized. The team hit the revised milestone, reduced confusion across functions, and my manager highlighted the clarity of my execution.",strong,9,10,8,
354,Describe a time you solved a problem before it became bigger.,initiative,"This situation came up on a cross-functional initiative where my decisions influenced both execution speed and delivery quality. The team saved time, the process felt smoother, and the change stuck because it solved a real pain point I created structure around the ambiguity, documented the decision path, and personally drove execution until the outcome stabilized. We delivered successfully with better alignment, and the approach became a repeatable pattern for future projects.",strong,9,8,7,
355,Tell me about a time you created structure in an ambiguous situation.,ambiguity,"I faced this situation in an internship when the project owner changed priorities halfway through the sprint. In a student build, feedback kept changing while implementation had already started I broke the issue into smaller actions, aligned with the team lead, and followed up so everyone knew the next step. The project got back on track, and the team appreciated having a more structured way to communicate progress. Walk me through this example in a little more detail.",average,6,4,5,clear reflection
356,Tell me about a setback that changed how you work.,failure,"This example comes from a team project where we were balancing delivery deadlines with a few unresolved blockers. I also kept the team updated so we could move forward without too much confusion I broke the issue into smaller actions, aligned with the team lead, and followed up so everyone knew the next step. The project got back on track, and the team appreciated having a more structured way to communicate progress.",average,5,4,6,metrics
357,Describe a time you created alignment across multiple people.,leadership,"I dealt with this during an internship project where I owned a key workflow that directly affected the team timeline. During an internship, a feature had many moving parts but no clear day-to-day coordinator I created structure around the ambiguity, documented the decision path, and personally drove execution until the outcome stabilized. We delivered successfully with better alignment, and the approach became a repeatable pattern for future projects. How did you make sure the team stayed aligned?",strong,9,8,10,deeper reflection
358,Describe a time your communication changed a decision.,communication,"I faced this situation in an internship when the project owner changed priorities halfway through the sprint. We avoided wasted work because expectations became clear before implementation continued I spoke with the people involved, clarified the immediate problem, and suggested a simple plan so we could move forward. The project got back on track, and the team appreciated having a more structured way to communicate progress.",average,6,5,5,metrics
359,Tell me about a setback that changed how you work.,failure,"I dealt with this during an internship project where I owned a key workflow that directly affected the team timeline. I first clarified the success criteria and the actual risk to the timeline I first clarified the success criteria, then mapped the blockers, assigned clear owners, and set short checkpoints to keep momentum. The team hit the revised milestone, reduced confusion across functions, and my manager highlighted the clarity of my execution. Walk me through this example in a little more detail.",strong,8,10,9,
360,Describe a time you owned a problem end to end.,ownership,"This came up in an internship project, and I remember feeling a bit lost at the start. I kept the full picture visible, not just my individual task, and followed up until the problem was actually closed The delivery quality improved, and the team had more confidence because ownership was visible I mostly tried to help and talk to people, but I was not very structured. The situation settled down later, but it showed me that I need to be more organized and specific.",weak,2,3,1,"measurable result, ownership, specific context"
361,Describe a time you went beyond execution and owned the outcome.,ownership,"I dealt with this during an internship project where I owned a key workflow that directly affected the team timeline. I first clarified the success criteria and the actual risk to the timeline I gathered the missing context, aligned stakeholders on tradeoffs, and led a step-by-step recovery plan with visible follow-through. We recovered the timeline, improved stakeholder trust, and the process I introduced was reused in later work.",strong,9,10,10,deeper reflection
362,Describe a time uncertainty made execution difficult.,ambiguity,"This happened during a high-visibility release when I was coordinating engineering work across multiple stakeholders. The work moved forward without reckless guessing because assumptions were explicit and tested I created structure around the ambiguity, documented the decision path, and personally drove execution until the outcome stabilized. The team hit the revised milestone, reduced confusion across functions, and my manager highlighted the clarity of my execution.",strong,7,7,8,
363,Tell me about a time you learned from an avoidable miss.,failure,"I faced this situation in an internship when the project owner changed priorities halfway through the sprint. to be honest, at school, I took on too much work personally instead of distributing it earlier I listened to different perspectives, summarized the tradeoffs, and helped the group agree on a practical next action. The project got back on track, and the team appreciated having a more structured way to communicate progress.",average,7,5,5,metrics
364,Tell me about a time your decision created a problem.,failure,"I think this happened when our team was under pressure and we had some confusion. I would say, i tried to help and talk to people, but I was not very structured about it I tried to respond quickly, but I did not really frame the problem in a strong way. In the end things improved a little, but the result was not very strong and I learned I needed better structure.",weak,3,4,1,"decision process, result"
365,Tell me about a time you worked through ambiguity.,ambiguity,"This came up in an internship project, and I remember feeling a bit lost at the start. kind of, During an internship, a project started before the requirements were fully settled I spoke with the team and did what I could, though I probably should have organized it better. In the end things improved a little, but the result was not very strong and I learned I needed better structure.",weak,3,2,1,"decision process, result"
366,Describe a time your plan did not work.,failure,"This happened during a high-visibility release when I was coordinating engineering work across multiple stakeholders. I did not hide the mistake, and the learning from it prevented a similar issue later I first clarified the success criteria, then mapped the blockers, assigned clear owners, and set short checkpoints to keep momentum. The team hit the revised milestone, reduced confusion across functions, and my manager highlighted the clarity of my execution.",strong,10,7,8,
367,Describe a time you proactively improved team execution.,initiative,"This came up in an internship project, and I remember feeling a bit lost at the start. honestly, In a class project, repeated setup issues were wasting time for new teammates I spoke with the team and did what I could, though I probably should have organized it better. We eventually finished, though the outcome was only okay and I realized I should have communicated more clearly.",weak,3,2,2,"measurable result, ownership, specific context"
368,Describe a time two people on your team were not aligned and you helped.,conflict,"This situation came up on a cross-functional initiative where my decisions influenced both execution speed and delivery quality. I first clarified the success criteria and the actual risk to the timeline I gathered the missing context, aligned stakeholders on tradeoffs, and led a step-by-step recovery plan with visible follow-through. We delivered successfully with better alignment, and the approach became a repeatable pattern for future projects. What specifically was hard about the situation?",strong,10,9,9,deeper reflection
369,Tell me about a time you had to reduce ambiguity for others.,ambiguity,"This example comes from a team project where we were balancing delivery deadlines with a few unresolved blockers. At an internship, the team knew something needed improvement but not yet which direction would work best I broke the issue into smaller actions, aligned with the team lead, and followed up so everyone knew the next step. We delivered the work on time, and the team had a clearer way to handle similar situations after that.",average,7,5,5,strong business impact
370,Describe a time you earned followership instead of using title or role.,leadership,"This situation came up on a cross-functional initiative where my decisions influenced both execution speed and delivery quality. During a campus tech event, several volunteers were working hard but priorities were scattered I first clarified the success criteria, then mapped the blockers, assigned clear owners, and set short checkpoints to keep momentum. The team hit the revised milestone, reduced confusion across functions, and my manager highlighted the clarity of my execution. How did you make sure the team stayed aligned?",strong,8,9,10,deeper reflection
371,Describe a time you led execution when the team needed clarity.,leadership,"This situation came up on a cross-functional initiative where my decisions influenced both execution speed and delivery quality. I documented decisions and followed through on the details so the momentum did not fade after meetings I gathered the missing context, aligned stakeholders on tradeoffs, and led a step-by-step recovery plan with visible follow-through. We delivered successfully with better alignment, and the approach became a repeatable pattern for future projects.",strong,10,7,10,
372,Tell me about a time you missed the mark.,failure,"This situation came up on a cross-functional initiative where my decisions influenced both execution speed and delivery quality. I first clarified the success criteria and the actual risk to the timeline I created structure around the ambiguity, documented the decision path, and personally drove execution until the outcome stabilized. We recovered the timeline, improved stakeholder trust, and the process I introduced was reused in later work.",strong,9,8,9,deeper reflection
373,Tell me about a time you treated the result as your responsibility.,ownership,"I think this happened when our team was under pressure and we had some confusion. I tried to help and talk to people, but I was not very structured about it I spoke with the team and did what I could, though I probably should have organized it better. In the end things improved a little, but the result was not very strong and I learned I needed better structure. How did you make sure the team stayed aligned?",weak,2,4,2,"decision process, result"
374,Tell me about a time you started something useful on your own.,initiative,"I faced this situation in an internship when the project owner changed priorities halfway through the sprint. I also kept the team updated so we could move forward without too much confusion I spoke with the people involved, clarified the immediate problem, and suggested a simple plan so we could move forward. The project got back on track, and the team appreciated having a more structured way to communicate progress.",average,6,5,5,metrics
375,Describe a time you did more than the assigned work because it mattered.,initiative,"It was during a project in college and honestly I did not have a very clear plan at first. I started small, collected feedback, and improved the idea before asking the full team to change habits The initiative improved delivery speed and made my work more trusted because it helped the whole team I tried to respond quickly, but I did not really frame the problem in a strong way. We eventually finished, though the outcome was only okay and I realized I should have communicated more clearly.",weak,3,3,3,"decision process, result"
376,Describe a time uncertainty made execution difficult.,ambiguity,"This example comes from a team project where we were balancing delivery deadlines with a few unresolved blockers. At an internship, the team knew something needed improvement but not yet which direction would work best I listened to different perspectives, summarized the tradeoffs, and helped the group agree on a practical next action. The issue was resolved without major delay, and I learned the value of setting clearer ownership earlier. What specifically was hard about the situation?",average,5,5,6,clear reflection
377,Tell me about a time you took initiative.,initiative,"This situation came up on a cross-functional initiative where my decisions influenced both execution speed and delivery quality. The team saved time, the process felt smoother, and the change stuck because it solved a real pain point I gathered the missing context, aligned stakeholders on tradeoffs, and led a step-by-step recovery plan with visible follow-through. The team hit the revised milestone, reduced confusion across functions, and my manager highlighted the clarity of my execution.",strong,10,8,10,
378,Describe a time you built trust quickly within a team.,teamwork,"This happened during a high-visibility release when I was coordinating engineering work across multiple stakeholders. I documented the decision path, followed up on ownership, and kept stakeholders aligned I created structure around the ambiguity, documented the decision path, and personally drove execution until the outcome stabilized. The team hit the revised milestone, reduced confusion across functions, and my manager highlighted the clarity of my execution. What specifically was hard about the situation?",strong,10,7,8,deeper reflection
379,Tell me about a time teamwork helped solve a difficult problem.,teamwork,"This example comes from a team project where we were balancing delivery deadlines with a few unresolved blockers. In a group project, different people owned research, coding, and presentation tasks under a tight timeline I spoke with the people involved, clarified the immediate problem, and suggested a simple plan so we could move forward. The issue was resolved without major delay, and I learned the value of setting clearer ownership earlier.",average,5,5,5,strong business impact
380,Tell me about a time you had to stay calm in a stressful situation.,pressure,"This came up in an internship project, and I remember feeling a bit lost at the start. I tried to help and talk to people, but I was not very structured about it I mostly tried to help and talk to people, but I was not very structured. In the end things improved a little, but the result was not very strong and I learned I needed better structure.",weak,4,4,2,"measurable result, ownership, specific context"
381,Describe a time you created alignment across multiple people.,leadership,"This example comes from a team project where we were balancing delivery deadlines with a few unresolved blockers. to be honest, i also kept the team updated so we could move forward without too much confusion I broke the issue into smaller actions, aligned with the team lead, and followed up so everyone knew the next step. We delivered the work on time, and the team had a clearer way to handle similar situations after that. How did you make sure the team stayed aligned?",average,6,4,6,strong business impact
382,Tell me about a time your team depended on strong collaboration.,teamwork,"This situation came up on a cross-functional initiative where my decisions influenced both execution speed and delivery quality. I shared progress and risks openly, which made it easier for others to adjust their work in time I created structure around the ambiguity, documented the decision path, and personally drove execution until the outcome stabilized. We recovered the timeline, improved stakeholder trust, and the process I introduced was reused in later work.",strong,8,10,8,
383,Tell me about a time your team depended on strong collaboration.,teamwork,"This example comes from a team project where we were balancing delivery deadlines with a few unresolved blockers. At an internship, one deliverable required tight handoffs between backend, frontend, and product I spoke with the people involved, clarified the immediate problem, and suggested a simple plan so we could move forward. The issue was resolved without major delay, and I learned the value of setting clearer ownership earlier.",average,5,5,6,metrics
384,Tell me about a time you stepped up and led an effort.,leadership,"This example comes from a team project where we were balancing delivery deadlines with a few unresolved blockers. During a campus tech event, several volunteers were working hard but priorities were scattered I broke the issue into smaller actions, aligned with the team lead, and followed up so everyone knew the next step. The issue was resolved without major delay, and I learned the value of setting clearer ownership earlier. What would you change if the same situation happened again?",average,6,5,6,strong business impact
385,Tell me about a time you set direction for a group project.,leadership,"This came up in an internship project, and I remember feeling a bit lost at the start. basically, At an internship, the team needed someone to connect product feedback with engineering tasks I spoke with the team and did what I could, though I probably should have organized it better. In the end things improved a little, but the result was not very strong and I learned I needed better structure.",weak,2,3,3,"clear structure, metrics"
386,Describe a disagreement you handled inside a project team.,conflict,"I faced this situation in an internship when the project owner changed priorities halfway through the sprint. The merge moved forward the next day and the relationship between the teammates improved noticeably I spoke with the people involved, clarified the immediate problem, and suggested a simple plan so we could move forward. The project got back on track, and the team appreciated having a more structured way to communicate progress. What specifically was hard about the situation?",average,7,6,6,clear reflection
387,Tell me about a time you noticed a gap and stepped in.,initiative,"This situation came up on a cross-functional initiative where my decisions influenced both execution speed and delivery quality. The initiative improved delivery speed and made my work more trusted because it helped the whole team I first clarified the success criteria, then mapped the blockers, assigned clear owners, and set short checkpoints to keep momentum. We recovered the timeline, improved stakeholder trust, and the process I introduced was reused in later work.",strong,8,7,7,deeper reflection
388,Tell me about a time your communication made a difference.,communication,"This happened during a high-visibility release when I was coordinating engineering work across multiple stakeholders. During an internship, I had to explain a technical tradeoff to non-technical stakeholders I gathered the missing context, aligned stakeholders on tradeoffs, and led a step-by-step recovery plan with visible follow-through. The team hit the revised milestone, reduced confusion across functions, and my manager highlighted the clarity of my execution.",strong,8,8,8,deeper reflection
389,Describe a time you managed risk during a very busy stretch.,pressure,"This situation came up on a cross-functional initiative where my decisions influenced both execution speed and delivery quality. At a student event, last-minute changes forced the team to reorganize work quickly I gathered the missing context, aligned stakeholders on tradeoffs, and led a step-by-step recovery plan with visible follow-through. We recovered the timeline, improved stakeholder trust, and the process I introduced was reused in later work.",strong,7,10,7,
390,Describe a time you solved a problem before it became bigger.,initiative,"This came up in an internship project, and I remember feeling a bit lost at the start. basically, During my internship, I noticed repeated friction in the review process even though nobody had formally owned it I spoke with the team and did what I could, though I probably should have organized it better. The situation settled down later, but it showed me that I need to be more organized and specific. What specifically was hard about the situation?",weak,4,2,2,"clear structure, metrics"
391,Describe a conflict that could have slowed the project down.,conflict,"This came up in an internship project, and I remember feeling a bit lost at the start. I tried to help and talk to people, but I was not very structured about it I mostly tried to help and talk to people, but I was not very structured. The situation settled down later, but it showed me that I need to be more organized and specific.",weak,4,4,2,"clear structure, metrics"
392,Describe a challenge that made you change course.,challenge,"This happened during a high-visibility release when I was coordinating engineering work across multiple stakeholders. I documented the decision path, followed up on ownership, and kept stakeholders aligned I first clarified the success criteria, then mapped the blockers, assigned clear owners, and set short checkpoints to keep momentum. We delivered successfully with better alignment, and the approach became a repeatable pattern for future projects. What would you change if the same situation happened again?",strong,7,8,7,deeper reflection
393,Tell me about a time you stepped in because something needed a real owner.,ownership,"It was during a project in college and honestly I did not have a very clear plan at first. I tried to help and talk to people, but I was not very structured about it I tried to respond quickly, but I did not really frame the problem in a strong way. In the end things improved a little, but the result was not very strong and I learned I needed better structure.",weak,3,4,3,"clear structure, metrics"
394,Tell me about a time you had to step into a difficult team disagreement.,conflict,"I faced this situation in an internship when the project owner changed priorities halfway through the sprint. basically, i also kept the team updated so we could move forward without too much confusion I spoke with the people involved, clarified the immediate problem, and suggested a simple plan so we could move forward. The project got back on track, and the team appreciated having a more structured way to communicate progress. How did you make sure the team stayed aligned?",average,7,5,4,metrics
395,Tell me about a time you collaborated effectively with others.,teamwork,"This happened during a high-visibility release when I was coordinating engineering work across multiple stakeholders. I made communication simpler by keeping one shared tracker, one update rhythm, and one source of truth I first clarified the success criteria, then mapped the blockers, assigned clear owners, and set short checkpoints to keep momentum. We delivered successfully with better alignment, and the approach became a repeatable pattern for future projects. What specifically was hard about the situation?",strong,10,7,8,
396,Tell me about a time your decision created a problem.,failure,"This happened during a high-visibility release when I was coordinating engineering work across multiple stakeholders. I documented what I got wrong, asked for feedback, and changed how I planned similar work later I created structure around the ambiguity, documented the decision path, and personally drove execution until the outcome stabilized. The team hit the revised milestone, reduced confusion across functions, and my manager highlighted the clarity of my execution.",strong,8,9,8,
397,Describe a conflict that could have slowed the project down.,conflict,"This happened during a product release where the team had to move quickly while expectations were changing. I would say, during a hackathon follow-up project, communication friction started affecting handoffs I spoke with the people involved, clarified the immediate problem, and suggested a simple plan so we could move forward. The issue was resolved without major delay, and I learned the value of setting clearer ownership earlier.",average,5,4,5,clear reflection
398,Tell me about a time you led without formal authority.,leadership,"This situation came up on a cross-functional initiative where my decisions influenced both execution speed and delivery quality. I created a visible plan with milestones, owners, and check-in points so everyone could see where we stood I first clarified the success criteria, then mapped the blockers, assigned clear owners, and set short checkpoints to keep momentum. We delivered successfully with better alignment, and the approach became a repeatable pattern for future projects.",strong,10,10,9,
399,Tell me about a time you had to reduce ambiguity for others.,ambiguity,"This situation came up on a cross-functional initiative where my decisions influenced both execution speed and delivery quality. The work moved forward without reckless guessing because assumptions were explicit and tested I first clarified the success criteria, then mapped the blockers, assigned clear owners, and set short checkpoints to keep momentum. The team hit the revised milestone, reduced confusion across functions, and my manager highlighted the clarity of my execution.",strong,9,10,7,deeper reflection
400,Tell me about a time you stepped up and led an effort.,leadership,"I faced this situation in an internship when the project owner changed priorities halfway through the sprint. The group became more aligned, and our output quality improved because ownership was visible I listened to different perspectives, summarized the tradeoffs, and helped the group agree on a practical next action. The project got back on track, and the team appreciated having a more structured way to communicate progress.",average,5,5,6,strong business impact
401,Tell me about a time you took ownership of something important.,ownership,"This example comes from a team project where we were balancing delivery deadlines with a few unresolved blockers. I treated the end result as my responsibility, even when I needed help from several people to get there I listened to different perspectives, summarized the tradeoffs, and helped the group agree on a practical next action. The project got back on track, and the team appreciated having a more structured way to communicate progress. What would you change if the same situation happened again?",average,6,5,6,metrics
402,Tell me about a time your communication made a difference.,communication,"I faced this situation in an internship when the project owner changed priorities halfway through the sprint. I adjusted the level of detail for the audience and focused on the decision they actually needed to make I broke the issue into smaller actions, aligned with the team lead, and followed up so everyone knew the next step. The issue was resolved without major delay, and I learned the value of setting clearer ownership earlier.",average,6,5,5,metrics
403,Tell me about a time you worked through ambiguity.,ambiguity,"This happened during a high-visibility release when I was coordinating engineering work across multiple stakeholders. I turned ambiguity into smaller questions, gathered missing signals, and kept a visible list of assumptions I created structure around the ambiguity, documented the decision path, and personally drove execution until the outcome stabilized. We recovered the timeline, improved stakeholder trust, and the process I introduced was reused in later work.",strong,7,7,7,
404,Describe a time you stayed with a problem until it was fully resolved.,ownership,"I dealt with this during an internship project where I owned a key workflow that directly affected the team timeline. I first clarified the success criteria and the actual risk to the timeline I created structure around the ambiguity, documented the decision path, and personally drove execution until the outcome stabilized. The team hit the revised milestone, reduced confusion across functions, and my manager highlighted the clarity of my execution.",strong,9,7,10,
405,Tell me about a time you had to define the path yourself.,ambiguity,"I faced this situation in an internship when the project owner changed priorities halfway through the sprint. basically, i proposed a narrow first step so we could learn quickly instead of waiting for perfect clarity I listened to different perspectives, summarized the tradeoffs, and helped the group agree on a practical next action. The issue was resolved without major delay, and I learned the value of setting clearer ownership earlier.",average,5,4,6,strong business impact
406,Describe a time you stayed with a problem until it was fully resolved.,ownership,"I dealt with this during an internship project where I owned a key workflow that directly affected the team timeline. During an internship, a workflow had several owners on paper but no one was watching the full outcome I gathered the missing context, aligned stakeholders on tradeoffs, and led a step-by-step recovery plan with visible follow-through. We recovered the timeline, improved stakeholder trust, and the process I introduced was reused in later work. What specifically was hard about the situation?",strong,7,9,7,
407,Tell me about a time the obvious solution was not enough.,challenge,"I faced this situation in an internship when the project owner changed priorities halfway through the sprint. basically, i used the failed attempt as data instead of treating it as wasted effort I broke the issue into smaller actions, aligned with the team lead, and followed up so everyone knew the next step. The issue was resolved without major delay, and I learned the value of setting clearer ownership earlier. How did you make sure the team stayed aligned?",average,5,4,6,clear reflection
408,Tell me about a time you organized others around a goal.,leadership,"I faced this situation in an internship when the project owner changed priorities halfway through the sprint. I documented decisions and followed through on the details so the momentum did not fade after meetings I broke the issue into smaller actions, aligned with the team lead, and followed up so everyone knew the next step. The project got back on track, and the team appreciated having a more structured way to communicate progress.",average,5,4,4,strong business impact
409,Tell me about a time you started something useful on your own.,initiative,"I faced this situation in an internship when the project owner changed priorities halfway through the sprint. People adopted the improvement quickly and it reduced repeated confusion across the group I listened to different perspectives, summarized the tradeoffs, and helped the group agree on a practical next action. The project got back on track, and the team appreciated having a more structured way to communicate progress.",average,5,6,4,strong business impact
410,Tell me about a time you had to balance different opinions on a team.,conflict,"This happened during a high-visibility release when I was coordinating engineering work across multiple stakeholders. I set up a short alignment meeting, wrote down the tradeoffs, and pushed the team toward one decision we could all support I gathered the missing context, aligned stakeholders on tradeoffs, and led a step-by-step recovery plan with visible follow-through. The team hit the revised milestone, reduced confusion across functions, and my manager highlighted the clarity of my execution. Walk me through this example in a little more detail.",strong,8,10,7,deeper reflection
411,Describe a time a message had to be adjusted for the audience.,communication,"This happened during a product release where the team had to move quickly while expectations were changing. to be honest, at an internship, a vague update caused confusion about whether a blocker was resolved I broke the issue into smaller actions, aligned with the team lead, and followed up so everyone knew the next step. The project got back on track, and the team appreciated having a more structured way to communicate progress.",average,5,4,5,metrics
412,Describe a time urgent work forced you to prioritize carefully.,pressure,"I faced this situation in an internship when the project owner changed priorities halfway through the sprint. basically, during a sprint, a production-like bug appeared while other commitments were already heavy I spoke with the people involved, clarified the immediate problem, and suggested a simple plan so we could move forward. The issue was resolved without major delay, and I learned the value of setting clearer ownership earlier. What would you change if the same situation happened again?",average,7,5,6,clear reflection
413,Describe a time a hard problem pushed you out of your comfort zone.,challenge,"This situation came up on a cross-functional initiative where my decisions influenced both execution speed and delivery quality. In a class project, our first design failed once we tested it with real users I first clarified the success criteria, then mapped the blockers, assigned clear owners, and set short checkpoints to keep momentum. The team hit the revised milestone, reduced confusion across functions, and my manager highlighted the clarity of my execution.",strong,7,10,7,
414,Describe a time you managed risk during a very busy stretch.,pressure,"I dealt with this during an internship project where I owned a key workflow that directly affected the team timeline. I first clarified the success criteria and the actual risk to the timeline I gathered the missing context, aligned stakeholders on tradeoffs, and led a step-by-step recovery plan with visible follow-through. We delivered successfully with better alignment, and the approach became a repeatable pattern for future projects.",strong,8,9,8,
415,Describe a time you built trust quickly within a team.,teamwork,"I think this happened when our team was under pressure and we had some confusion. I made communication simpler by keeping one shared tracker, one update rhythm, and one source of truth We delivered a stronger result than any one person could have done alone, and the teamwork felt much more efficient by the end I tried to respond quickly, but I did not really frame the problem in a strong way. In the end things improved a little, but the result was not very strong and I learned I needed better structure.",weak,2,2,1,"measurable result, ownership, specific context"
416,Tell me about a time you created structure in an ambiguous situation.,ambiguity,"This came up in an internship project, and I remember feeling a bit lost at the start. kind of, In a student build, feedback kept changing while implementation had already started I spoke with the team and did what I could, though I probably should have organized it better. In the end things improved a little, but the result was not very strong and I learned I needed better structure.",weak,3,4,3,"decision process, result"
417,Describe a time a deadline or high-stakes situation tested you.,pressure,"I dealt with this during an internship project where I owned a key workflow that directly affected the team timeline. I documented the decision path, followed up on ownership, and kept stakeholders aligned I first clarified the success criteria, then mapped the blockers, assigned clear owners, and set short checkpoints to keep momentum. We recovered the timeline, improved stakeholder trust, and the process I introduced was reused in later work.",strong,9,7,9,deeper reflection
418,Describe a time leadership was needed even though you were not the official owner.,leadership,"It was during a project in college and honestly I did not have a very clear plan at first. honestly, At an internship, the team needed someone to connect product feedback with engineering tasks I tried to respond quickly, but I did not really frame the problem in a strong way. The situation settled down later, but it showed me that I need to be more organized and specific.",weak,4,2,3,"measurable result, ownership, specific context"
419,Tell me about a time you used communication to remove confusion.,communication,"This happened during a high-visibility release when I was coordinating engineering work across multiple stakeholders. I replaced jargon with plain language, used a simple example, and confirmed understanding before moving on I gathered the missing context, aligned stakeholders on tradeoffs, and led a step-by-step recovery plan with visible follow-through. We delivered successfully with better alignment, and the approach became a repeatable pattern for future projects. What specifically was hard about the situation?",strong,8,9,10,
420,Tell me about a time you noticed a gap and stepped in.,initiative,"It was during a project in college and honestly I did not have a very clear plan at first. basically, i tried to help and talk to people, but I was not very structured about it I spoke with the team and did what I could, though I probably should have organized it better. We eventually finished, though the outcome was only okay and I realized I should have communicated more clearly.",weak,4,3,2,"measurable result, ownership, specific context"
