id,question,category,answer,label,score_clarity,score_structure,score_impact,missing
1,Tell me about a time you resolved a conflict with a teammate.,conflict,"honestly, During my internship, two teammates disagreed on how to split a feature for a release. I tried to help and talk to people, but I was not very structured about it. I spoke to both sides separately first, then reframed the issue around the shared deadline and user impact We shipped without slipping the release and the team had a better way to escalate disagreements after that.",weak,2,4,2,"metrics, ownership, specific context"
2,Tell me about a time you resolved a conflict with a teammate.,conflict,"During my internship, two teammates disagreed on how to split a feature for a release. I spoke to both sides separately first, then reframed the issue around the shared deadline and user impact. I also kept the team updated so we could move forward without too much confusion. We shipped without slipping the release and the team had a better way to escalate disagreements after that.",average,5,4,6,metrics
3,Tell me about a time you resolved a conflict with a teammate.,conflict,"During my internship, two teammates disagreed on how to split a feature for a release. I first clarified the success criteria and the actual risk to the timeline. I spoke to both sides separately first, then reframed the issue around the shared deadline and user impact. I documented the decision path, followed up on ownership, and kept stakeholders aligned. We shipped without slipping the release and the team had a better way to escalate disagreements after that.",strong,7,10,7,
4,Describe a disagreement you handled inside a project team.,conflict,"honestly, In a college capstone project, design and engineering kept blaming each other for delays. I tried to help and talk to people, but I was not very structured about it. I summarized the actual blocker, clarified decisions that were emotional versus technical, and proposed a simple ownership split The merge moved forward the next day and the relationship between the teammates improved noticeably.",weak,2,2,3,"measurable impact, specific actions"
5,Describe a disagreement you handled inside a project team.,conflict,"In a college capstone project, design and engineering kept blaming each other for delays. I summarized the actual blocker, clarified decisions that were emotional versus technical, and proposed a simple ownership split. I also kept the team updated so we could move forward without too much confusion. The merge moved forward the next day and the relationship between the teammates improved noticeably.",average,5,6,4,reflection
6,Describe a disagreement you handled inside a project team.,conflict,"In a college capstone project, design and engineering kept blaming each other for delays. I first clarified the success criteria and the actual risk to the timeline. I summarized the actual blocker, clarified decisions that were emotional versus technical, and proposed a simple ownership split. I documented the decision path, followed up on ownership, and kept stakeholders aligned. The merge moved forward the next day and the relationship between the teammates improved noticeably.",strong,10,8,10,
7,Walk me through a time team tension affected delivery.,conflict,"kind of, On a student product team, two contributors wanted different priorities for the same sprint. I tried to help and talk to people, but I was not very structured about it. I set up a short alignment meeting, wrote down the tradeoffs, and pushed the team toward one decision we could all support We got back on schedule and I learned that naming the real issue early prevents small tension from growing.",weak,2,2,3,"clear structure, result"
8,Walk me through a time team tension affected delivery.,conflict,"On a student product team, two contributors wanted different priorities for the same sprint. I set up a short alignment meeting, wrote down the tradeoffs, and pushed the team toward one decision we could all support. I also kept the team updated so we could move forward without too much confusion. We got back on schedule and I learned that naming the real issue early prevents small tension from growing.",average,6,5,4,metrics
9,Walk me through a time team tension affected delivery.,conflict,"On a student product team, two contributors wanted different priorities for the same sprint. I first clarified the success criteria and the actual risk to the timeline. I set up a short alignment meeting, wrote down the tradeoffs, and pushed the team toward one decision we could all support. I documented the decision path, followed up on ownership, and kept stakeholders aligned. We got back on schedule and I learned that naming the real issue early prevents small tension from growing.",strong,9,7,7,deeper reflection
10,Tell me about a time you had to repair a working relationship.,conflict,"honestly, At an internship, code review comments became defensive and slowed the merge process. I tried to help and talk to people, but I was not very structured about it. I kept the discussion focused on facts, timelines, and the goal instead of who was right The team regained momentum, and the lead later reused the same alignment format for future disputes.",weak,3,3,3,"clear structure, result"
11,Tell me about a time you had to repair a working relationship.,conflict,"At an internship, code review comments became defensive and slowed the merge process. I kept the discussion focused on facts, timelines, and the goal instead of who was right. I also kept the team updated so we could move forward without too much confusion. The team regained momentum, and the lead later reused the same alignment format for future disputes.",average,5,6,5,reflection
12,Tell me about a time you had to repair a working relationship.,conflict,"At an internship, code review comments became defensive and slowed the merge process. I first clarified the success criteria and the actual risk to the timeline. I kept the discussion focused on facts, timelines, and the goal instead of who was right. I documented the decision path, followed up on ownership, and kept stakeholders aligned. The team regained momentum, and the lead later reused the same alignment format for future disputes.",strong,7,10,7,
13,Describe a conflict that could have slowed the project down.,conflict,"kind of, During a hackathon follow-up project, communication friction started affecting handoffs. I tried to help and talk to people, but I was not very structured about it. I followed up after the meeting to make sure the tension did not quietly return during execution The conflict stopped blocking progress, and our later reviews were much smoother.",weak,4,4,2,"measurable impact, specific actions"
14,Describe a conflict that could have slowed the project down.,conflict,"During a hackathon follow-up project, communication friction started affecting handoffs. I followed up after the meeting to make sure the tension did not quietly return during execution. I also kept the team updated so we could move forward without too much confusion. The conflict stopped blocking progress, and our later reviews were much smoother.",average,5,6,4,metrics
15,Describe a conflict that could have slowed the project down.,conflict,"During a hackathon follow-up project, communication friction started affecting handoffs. I first clarified the success criteria and the actual risk to the timeline. I followed up after the meeting to make sure the tension did not quietly return during execution. I documented the decision path, followed up on ownership, and kept stakeholders aligned. The conflict stopped blocking progress, and our later reviews were much smoother.",strong,8,9,7,
19,Describe a time two people on your team were not aligned and you helped.,conflict,"to be honest, In a college capstone project, design and engineering kept blaming each other for delays. I tried to help and talk to people, but I was not very structured about it. I summarized the actual blocker, clarified decisions that were emotional versus technical, and proposed a simple ownership split The merge moved forward the next day and the relationship between the teammates improved noticeably.",weak,4,4,1,"metrics, ownership, specific context"
22,Tell me about a time you had to balance different opinions on a team.,conflict,"honestly, On a student product team, two contributors wanted different priorities for the same sprint. I tried to help and talk to people, but I was not very structured about it. I set up a short alignment meeting, wrote down the tradeoffs, and pushed the team toward one decision we could all support We got back on schedule and I learned that naming the real issue early prevents small tension from growing.",weak,3,3,2,"metrics, ownership, specific context"
25,Describe a time conflict made execution harder than it should have been.,conflict,"basically, At an internship, code review comments became defensive and slowed the merge process. I tried to help and talk to people, but I was not very structured about it. I kept the discussion focused on facts, timelines, and the goal instead of who was right The team regained momentum, and the lead later reused the same alignment format for future disputes.",weak,2,3,1,"metrics, ownership, specific context"
28,Tell me about a time you had to keep a team moving during disagreement.,conflict,"to be honest, During a hackathon follow-up project, communication friction started affecting handoffs. I tried to help and talk to people, but I was not very structured about it. I followed up after the meeting to make sure the tension did not quietly return during execution The conflict stopped blocking progress, and our later reviews were much smoother.",weak,4,3,1,"metrics, ownership, specific context"
31,Tell me about a time you led without formal authority.,leadership,"basically, During an internship, a feature had many moving parts but no clear day-to-day coordinator. I tried to help and talk to people, but I was not very structured about it. I created a visible plan with milestones, owners, and check-in points so everyone could see where we stood The team delivered on time and people kept using the structure I introduced even after the project milestone.",weak,4,3,3,"metrics, ownership, specific context"
32,Tell me about a time you led without formal authority.,leadership,"During an internship, a feature had many moving parts but no clear day-to-day coordinator. I created a visible plan with milestones, owners, and check-in points so everyone could see where we stood. I also kept the team updated so we could move forward without too much confusion. The team delivered on time and people kept using the structure I introduced even after the project milestone.",average,7,6,4,reflection
33,Tell me about a time you led without formal authority.,leadership,"During an internship, a feature had many moving parts but no clear day-to-day coordinator. I first clarified the success criteria and the actual risk to the timeline. I created a visible plan with milestones, owners, and check-in points so everyone could see where we stood. I documented the decision path, followed up on ownership, and kept stakeholders aligned. The team delivered on time and people kept using the structure I introduced even after the project milestone.",strong,9,9,7,deeper reflection
34,Describe a time you influenced a group to move in a better direction.,leadership,"basically, In a student project, the team had strong ideas but no one was keeping decisions organized. I tried to help and talk to people, but I was not very structured about it. I volunteered to run short syncs, summarize blockers, and keep the team focused on the highest-risk work first We reduced confusion, finished the work more smoothly, and I learned that leadership is often about clarity and follow-through.",weak,2,3,1,"measurable impact, specific actions"
35,Describe a time you influenced a group to move in a better direction.,leadership,"In a student project, the team had strong ideas but no one was keeping decisions organized. I volunteered to run short syncs, summarize blockers, and keep the team focused on the highest-risk work first. I also kept the team updated so we could move forward without too much confusion. We reduced confusion, finished the work more smoothly, and I learned that leadership is often about clarity and follow-through.",average,7,5,6,metrics
36,Describe a time you influenced a group to move in a better direction.,leadership,"In a student project, the team had strong ideas but no one was keeping decisions organized. I first clarified the success criteria and the actual risk to the timeline. I volunteered to run short syncs, summarize blockers, and keep the team focused on the highest-risk work first. I documented the decision path, followed up on ownership, and kept stakeholders aligned. We reduced confusion, finished the work more smoothly, and I learned that leadership is often about clarity and follow-through.",strong,7,9,8,
37,Tell me about a time you stepped up and led an effort.,leadership,"kind of, During a campus tech event, several volunteers were working hard but priorities were scattered. I tried to help and talk to people, but I was not very structured about it. I made sure quieter teammates were heard, then turned the conversation into concrete next actions The group became more aligned, and our output quality improved because ownership was visible.",weak,2,4,3,"metrics, ownership, specific context"
38,Tell me about a time you stepped up and led an effort.,leadership,"During a campus tech event, several volunteers were working hard but priorities were scattered. I made sure quieter teammates were heard, then turned the conversation into concrete next actions. I also kept the team updated so we could move forward without too much confusion. The group became more aligned, and our output quality improved because ownership was visible.",average,7,5,5,metrics
39,Tell me about a time you stepped up and led an effort.,leadership,"During a campus tech event, several volunteers were working hard but priorities were scattered. I first clarified the success criteria and the actual risk to the timeline. I made sure quieter teammates were heard, then turned the conversation into concrete next actions. I documented the decision path, followed up on ownership, and kept stakeholders aligned. The group became more aligned, and our output quality improved because ownership was visible.",strong,7,9,9,
40,Describe a time leadership was needed even though you were not the official owner.,leadership,"honestly, At an internship, the team needed someone to connect product feedback with engineering tasks. I tried to help and talk to people, but I was not very structured about it. I kept communication direct and calm so people trusted the process instead of feeling managed The project recovered from drift and my manager mentioned that the coordination improved team confidence.",weak,2,4,1,"metrics, ownership, specific context"
41,Describe a time leadership was needed even though you were not the official owner.,leadership,"At an internship, the team needed someone to connect product feedback with engineering tasks. I kept communication direct and calm so people trusted the process instead of feeling managed. I also kept the team updated so we could move forward without too much confusion. The project recovered from drift and my manager mentioned that the coordination improved team confidence.",average,7,5,4,reflection
42,Describe a time leadership was needed even though you were not the official owner.,leadership,"At an internship, the team needed someone to connect product feedback with engineering tasks. I first clarified the success criteria and the actual risk to the timeline. I kept communication direct and calm so people trusted the process instead of feeling managed. I documented the decision path, followed up on ownership, and kept stakeholders aligned. The project recovered from drift and my manager mentioned that the coordination improved team confidence.",strong,8,8,10,
43,Tell me about a time you organized others around a goal.,leadership,"to be honest, On a capstone team, we were close to deadline and needed clearer execution ownership. I tried to help and talk to people, but I was not very structured about it. I documented decisions and followed through on the details so the momentum did not fade after meetings We hit the target with less last-minute churn than expected.",weak,3,4,3,"clear structure, result"
44,Tell me about a time you organized others around a goal.,leadership,"On a capstone team, we were close to deadline and needed clearer execution ownership. I documented decisions and followed through on the details so the momentum did not fade after meetings. I also kept the team updated so we could move forward without too much confusion. We hit the target with less last-minute churn than expected.",average,5,6,6,reflection
45,Tell me about a time you organized others around a goal.,leadership,"On a capstone team, we were close to deadline and needed clearer execution ownership. I first clarified the success criteria and the actual risk to the timeline. I documented decisions and followed through on the details so the momentum did not fade after meetings. I documented the decision path, followed up on ownership, and kept stakeholders aligned. We hit the target with less last-minute churn than expected.",strong,8,9,10,
46,Describe a time you created alignment across multiple people.,leadership,"kind of, During an internship, a feature had many moving parts but no clear day-to-day coordinator. I tried to help and talk to people, but I was not very structured about it. I created a visible plan with milestones, owners, and check-in points so everyone could see where we stood The team delivered on time and people kept using the structure I introduced even after the project milestone.",weak,3,4,2,"metrics, ownership, specific context"
49,Tell me about a time you took initiative to lead a delivery effort.,leadership,"honestly, In a student project, the team had strong ideas but no one was keeping decisions organized. I tried to help and talk to people, but I was not very structured about it. I volunteered to run short syncs, summarize blockers, and keep the team focused on the highest-risk work first We reduced confusion, finished the work more smoothly, and I learned that leadership is often about clarity and follow-through.",weak,4,4,1,"metrics, ownership, specific context"
52,Describe a time you earned followership instead of using title or role.,leadership,"to be honest, During a campus tech event, several volunteers were working hard but priorities were scattered. I tried to help and talk to people, but I was not very structured about it. I made sure quieter teammates were heard, then turned the conversation into concrete next actions The group became more aligned, and our output quality improved because ownership was visible.",weak,4,4,3,"clear structure, result"
55,Tell me about a time you set direction for a group project.,leadership,"basically, At an internship, the team needed someone to connect product feedback with engineering tasks. I tried to help and talk to people, but I was not very structured about it. I kept communication direct and calm so people trusted the process instead of feeling managed The project recovered from drift and my manager mentioned that the coordination improved team confidence.",weak,3,3,3,"metrics, ownership, specific context"
61,Tell me about a time you collaborated effectively with others.,teamwork,"honestly, During my internship, engineering, design, and QA all depended on each other to ship one workflow. I tried to help and talk to people, but I was not very structured about it. I made communication simpler by keeping one shared tracker, one update rhythm, and one source of truth We delivered a stronger result than any one person could have done alone, and the teamwork felt much more efficient by the end.",weak,2,4,3,"metrics, ownership, specific context"
62,Tell me about a time you collaborated effectively with others.,teamwork,"During my internship, engineering, design, and QA all depended on each other to ship one workflow. I made communication simpler by keeping one shared tracker, one update rhythm, and one source of truth. I also kept the team updated so we could move forward without too much confusion. We delivered a stronger result than any one person could have done alone, and the teamwork felt much more efficient by the end.",average,5,4,4,strong impact
63,Tell me about a time you collaborated effectively with others.,teamwork,"During my internship, engineering, design, and QA all depended on each other to ship one workflow. I first clarified the success criteria and the actual risk to the timeline. I made communication simpler by keeping one shared tracker, one update rhythm, and one source of truth. I documented the decision path, followed up on ownership, and kept stakeholders aligned. We delivered a stronger result than any one person could have done alone, and the teamwork felt much more efficient by the end.",strong,10,10,8,deeper reflection
64,Describe a project where teamwork was critical to success.,teamwork,"honestly, In a group project, different people owned research, coding, and presentation tasks under a tight timeline. I tried to help and talk to people, but I was not very structured about it. I checked assumptions early so we did not discover mismatched expectations at the end The project landed successfully, and our handoffs became much smoother after we aligned the workflow.",weak,2,3,1,"clear structure, result"
65,Describe a project where teamwork was critical to success.,teamwork,"In a group project, different people owned research, coding, and presentation tasks under a tight timeline. I checked assumptions early so we did not discover mismatched expectations at the end. I also kept the team updated so we could move forward without too much confusion. The project landed successfully, and our handoffs became much smoother after we aligned the workflow.",average,6,5,5,strong impact
66,Describe a project where teamwork was critical to success.,teamwork,"In a group project, different people owned research, coding, and presentation tasks under a tight timeline. I first clarified the success criteria and the actual risk to the timeline. I checked assumptions early so we did not discover mismatched expectations at the end. I documented the decision path, followed up on ownership, and kept stakeholders aligned. The project landed successfully, and our handoffs became much smoother after we aligned the workflow.",strong,10,8,8,deeper reflection
67,Tell me about a time cross-functional collaboration made the difference.,teamwork,"to be honest, On a hackathon team, we had mixed experience levels and limited time to get aligned. I tried to help and talk to people, but I was not very structured about it. I translated between technical and non-technical teammates when needed so decisions stayed clear We avoided duplicate work, hit the milestone, and built more trust across the group.",weak,2,4,3,"measurable impact, specific actions"
68,Tell me about a time cross-functional collaboration made the difference.,teamwork,"On a hackathon team, we had mixed experience levels and limited time to get aligned. I translated between technical and non-technical teammates when needed so decisions stayed clear. I also kept the team updated so we could move forward without too much confusion. We avoided duplicate work, hit the milestone, and built more trust across the group.",average,5,6,5,metrics
69,Tell me about a time cross-functional collaboration made the difference.,teamwork,"On a hackathon team, we had mixed experience levels and limited time to get aligned. I first clarified the success criteria and the actual risk to the timeline. I translated between technical and non-technical teammates when needed so decisions stayed clear. I documented the decision path, followed up on ownership, and kept stakeholders aligned. We avoided duplicate work, hit the milestone, and built more trust across the group.",strong,7,10,8,
70,Describe a time you had to coordinate with people who worked differently from you.,teamwork,"honestly, During a campus organization project, multiple people were contributing asynchronously. I tried to help and talk to people, but I was not very structured about it. I focused on helping the team unblock quickly instead of only finishing my own part The collaboration improved both speed and quality, especially because people knew where to go for updates.",weak,2,2,3,"metrics, ownership, specific context"
71,Describe a time you had to coordinate with people who worked differently from you.,teamwork,"During a campus organization project, multiple people were contributing asynchronously. I focused on helping the team unblock quickly instead of only finishing my own part. I also kept the team updated so we could move forward without too much confusion. The collaboration improved both speed and quality, especially because people knew where to go for updates.",average,7,4,5,metrics
72,Describe a time you had to coordinate with people who worked differently from you.,teamwork,"During a campus organization project, multiple people were contributing asynchronously. I first clarified the success criteria and the actual risk to the timeline. I focused on helping the team unblock quickly instead of only finishing my own part. I documented the decision path, followed up on ownership, and kept stakeholders aligned. The collaboration improved both speed and quality, especially because people knew where to go for updates.",strong,8,7,7,deeper reflection
73,Tell me about a time your team depended on strong collaboration.,teamwork,"kind of, At an internship, one deliverable required tight handoffs between backend, frontend, and product. I tried to help and talk to people, but I was not very structured about it. I shared progress and risks openly, which made it easier for others to adjust their work in time We finished with less confusion and much better visibility than at the start.",weak,3,2,3,"measurable impact, specific actions"
74,Tell me about a time your team depended on strong collaboration.,teamwork,"At an internship, one deliverable required tight handoffs between backend, frontend, and product. I shared progress and risks openly, which made it easier for others to adjust their work in time. I also kept the team updated so we could move forward without too much confusion. We finished with less confusion and much better visibility than at the start.",average,6,4,5,strong impact
75,Tell me about a time your team depended on strong collaboration.,teamwork,"At an internship, one deliverable required tight handoffs between backend, frontend, and product. I first clarified the success criteria and the actual risk to the timeline. I shared progress and risks openly, which made it easier for others to adjust their work in time. I documented the decision path, followed up on ownership, and kept stakeholders aligned. We finished with less confusion and much better visibility than at the start.",strong,8,9,10,deeper reflection
79,Tell me about a time teamwork helped solve a difficult problem.,teamwork,"to be honest, In a group project, different people owned research, coding, and presentation tasks under a tight timeline. I tried to help and talk to people, but I was not very structured about it. I checked assumptions early so we did not discover mismatched expectations at the end The project landed successfully, and our handoffs became much smoother after we aligned the workflow.",weak,3,3,1,"clear structure, result"
82,Describe a time you had to collaborate across roles or backgrounds.,teamwork,"kind of, On a hackathon team, we had mixed experience levels and limited time to get aligned. I tried to help and talk to people, but I was not very structured about it. I translated between technical and non-technical teammates when needed so decisions stayed clear We avoided duplicate work, hit the milestone, and built more trust across the group.",weak,2,2,3,"measurable impact, specific actions"
85,Tell me about a time you improved the way a team worked together.,teamwork,"kind of, During a campus organization project, multiple people were contributing asynchronously. I tried to help and talk to people, but I was not very structured about it. I focused on helping the team unblock quickly instead of only finishing my own part The collaboration improved both speed and quality, especially because people knew where to go for updates.",weak,4,3,2,"metrics, ownership, specific context"
91,Tell me about a time you failed and what you learned.,failure,"honestly, During an internship, I underestimated how much validation a feature needed before rollout. I tried to help and talk to people, but I was not very structured about it. Once I saw the miss, I owned it directly, explained the impact clearly, and shifted into recovery mode instead of defending the mistake The short-term miss was real, but later work improved because I handled planning and communication much more carefully.",weak,3,4,3,"metrics, ownership, specific context"
92,Tell me about a time you failed and what you learned.,failure,"During an internship, I underestimated how much validation a feature needed before rollout. Once I saw the miss, I owned it directly, explained the impact clearly, and shifted into recovery mode instead of defending the mistake. I also kept the team updated so we could move forward without too much confusion. The short-term miss was real, but later work improved because I handled planning and communication much more carefully.",average,6,4,4,strong impact
93,Tell me about a time you failed and what you learned.,failure,"During an internship, I underestimated how much validation a feature needed before rollout. I first clarified the success criteria and the actual risk to the timeline. Once I saw the miss, I owned it directly, explained the impact clearly, and shifted into recovery mode instead of defending the mistake. I documented the decision path, followed up on ownership, and kept stakeholders aligned. The short-term miss was real, but later work improved because I handled planning and communication much more carefully.",strong,9,7,9,
94,Describe a mistake you would handle differently now.,failure,"to be honest, In a student project, I assumed a task would be quick and did not surface risk early enough. I tried to help and talk to people, but I was not very structured about it. I documented what I got wrong, asked for feedback, and changed how I planned similar work later I earned trust back by being accountable and applying the lesson in the next project.",weak,4,2,2,"measurable impact, specific actions"
95,Describe a mistake you would handle differently now.,failure,"In a student project, I assumed a task would be quick and did not surface risk early enough. I documented what I got wrong, asked for feedback, and changed how I planned similar work later. I also kept the team updated so we could move forward without too much confusion. I earned trust back by being accountable and applying the lesson in the next project.",average,6,6,6,metrics
96,Describe a mistake you would handle differently now.,failure,"In a student project, I assumed a task would be quick and did not surface risk early enough. I first clarified the success criteria and the actual risk to the timeline. I documented what I got wrong, asked for feedback, and changed how I planned similar work later. I documented the decision path, followed up on ownership, and kept stakeholders aligned. I earned trust back by being accountable and applying the lesson in the next project.",strong,8,8,8,deeper reflection
97,Tell me about a setback that changed how you work.,failure,"honestly, During a hackathon follow-up, I focused too much on implementation and not enough on user testing. I tried to help and talk to people, but I was not very structured about it. I started breaking work into smaller checkpoints so I could spot risk earlier instead of near the deadline The experience made me much better at risk management, and later estimates were noticeably more reliable.",weak,2,4,2,"clear structure, result"
98,Tell me about a setback that changed how you work.,failure,"During a hackathon follow-up, I focused too much on implementation and not enough on user testing. I started breaking work into smaller checkpoints so I could spot risk earlier instead of near the deadline. I also kept the team updated so we could move forward without too much confusion. The experience made me much better at risk management, and later estimates were noticeably more reliable.",average,7,6,4,strong impact
99,Tell me about a setback that changed how you work.,failure,"During a hackathon follow-up, I focused too much on implementation and not enough on user testing. I first clarified the success criteria and the actual risk to the timeline. I started breaking work into smaller checkpoints so I could spot risk earlier instead of near the deadline. I documented the decision path, followed up on ownership, and kept stakeholders aligned. The experience made me much better at risk management, and later estimates were noticeably more reliable.",strong,8,7,10,
100,Describe a time your plan did not work.,failure,"basically, At school, I took on too much work personally instead of distributing it earlier. I tried to help and talk to people, but I was not very structured about it. I made a habit of validating assumptions earlier and communicating uncertainty with more precision I did not hide the mistake, and the learning from it prevented a similar issue later.",weak,2,2,2,"clear structure, result"
101,Describe a time your plan did not work.,failure,"At school, I took on too much work personally instead of distributing it earlier. I made a habit of validating assumptions earlier and communicating uncertainty with more precision. I also kept the team updated so we could move forward without too much confusion. I did not hide the mistake, and the learning from it prevented a similar issue later.",average,6,4,4,metrics
102,Describe a time your plan did not work.,failure,"At school, I took on too much work personally instead of distributing it earlier. I first clarified the success criteria and the actual risk to the timeline. I made a habit of validating assumptions earlier and communicating uncertainty with more precision. I documented the decision path, followed up on ownership, and kept stakeholders aligned. I did not hide the mistake, and the learning from it prevented a similar issue later.",strong,8,10,9,deeper reflection
103,Tell me about a time you missed the mark.,failure,"honestly, In an internship sprint, I gave an optimistic estimate without enough technical discovery first. I tried to help and talk to people, but I was not very structured about it. I turned the mistake into a concrete process change rather than treating it as a one-off problem It was uncomfortable, but it permanently improved how I scope and communicate work.",weak,3,3,3,"measurable impact, specific actions"
104,Tell me about a time you missed the mark.,failure,"In an internship sprint, I gave an optimistic estimate without enough technical discovery first. I turned the mistake into a concrete process change rather than treating it as a one-off problem. I also kept the team updated so we could move forward without too much confusion. It was uncomfortable, but it permanently improved how I scope and communicate work.",average,6,6,6,strong impact
105,Tell me about a time you missed the mark.,failure,"In an internship sprint, I gave an optimistic estimate without enough technical discovery first. I first clarified the success criteria and the actual risk to the timeline. I turned the mistake into a concrete process change rather than treating it as a one-off problem. I documented the decision path, followed up on ownership, and kept stakeholders aligned. It was uncomfortable, but it permanently improved how I scope and communicate work.",strong,7,7,9,
106,Describe a failure that taught you something important.,failure,"kind of, During an internship, I underestimated how much validation a feature needed before rollout. I tried to help and talk to people, but I was not very structured about it. Once I saw the miss, I owned it directly, explained the impact clearly, and shifted into recovery mode instead of defending the mistake The short-term miss was real, but later work improved because I handled planning and communication much more carefully.",weak,2,2,3,"clear structure, result"
109,Tell me about a time your decision created a problem.,failure,"honestly, In a student project, I assumed a task would be quick and did not surface risk early enough. I tried to help and talk to people, but I was not very structured about it. I documented what I got wrong, asked for feedback, and changed how I planned similar work later I earned trust back by being accountable and applying the lesson in the next project.",weak,4,3,1,"measurable impact, specific actions"
112,Describe a time you underestimated something important.,failure,"kind of, During a hackathon follow-up, I focused too much on implementation and not enough on user testing. I tried to help and talk to people, but I was not very structured about it. I started breaking work into smaller checkpoints so I could spot risk earlier instead of near the deadline The experience made me much better at risk management, and later estimates were noticeably more reliable.",weak,4,3,3,"metrics, ownership, specific context"
115,Tell me about a time you learned from an avoidable miss.,failure,"kind of, At school, I took on too much work personally instead of distributing it earlier. I tried to help and talk to people, but I was not very structured about it. I made a habit of validating assumptions earlier and communicating uncertainty with more precision I did not hide the mistake, and the learning from it prevented a similar issue later.",weak,4,2,1,"clear structure, result"
121,Tell me about a time you took initiative.,initiative,"to be honest, During my internship, I noticed repeated friction in the review process even though nobody had formally owned it. I tried to help and talk to people, but I was not very structured about it. I put together a lightweight fix, tested it quickly, and then shared it in a way that made adoption easy The team saved time, the process felt smoother, and the change stuck because it solved a real pain point.",weak,4,3,3,"metrics, ownership, specific context"
122,Tell me about a time you took initiative.,initiative,"During my internship, I noticed repeated friction in the review process even though nobody had formally owned it. I put together a lightweight fix, tested it quickly, and then shared it in a way that made adoption easy. I also kept the team updated so we could move forward without too much confusion. The team saved time, the process felt smoother, and the change stuck because it solved a real pain point.",average,7,4,5,reflection
123,Tell me about a time you took initiative.,initiative,"During my internship, I noticed repeated friction in the review process even though nobody had formally owned it. I first clarified the success criteria and the actual risk to the timeline. I put together a lightweight fix, tested it quickly, and then shared it in a way that made adoption easy. I documented the decision path, followed up on ownership, and kept stakeholders aligned. The team saved time, the process felt smoother, and the change stuck because it solved a real pain point.",strong,9,7,8,
124,Describe a time you acted without being asked.,initiative,"kind of, In a student project, I saw that the team kept losing time because the work tracker was outdated. I tried to help and talk to people, but I was not very structured about it. I did not wait for permission to do the discovery work, but I made sure to keep the actual owners informed People adopted the improvement quickly and it reduced repeated confusion across the group.",weak,2,2,1,"metrics, ownership, specific context"
125,Describe a time you acted without being asked.,initiative,"In a student project, I saw that the team kept losing time because the work tracker was outdated. I did not wait for permission to do the discovery work, but I made sure to keep the actual owners informed. I also kept the team updated so we could move forward without too much confusion. People adopted the improvement quickly and it reduced repeated confusion across the group.",average,5,4,5,reflection
126,Describe a time you acted without being asked.,initiative,"In a student project, I saw that the team kept losing time because the work tracker was outdated. I first clarified the success criteria and the actual risk to the timeline. I did not wait for permission to do the discovery work, but I made sure to keep the actual owners informed. I documented the decision path, followed up on ownership, and kept stakeholders aligned. People adopted the improvement quickly and it reduced repeated confusion across the group.",strong,7,10,10,
127,Tell me about a time you noticed a gap and stepped in.,initiative,"to be honest, During a campus event build, I noticed the onboarding material for new contributors was missing. I tried to help and talk to people, but I was not very structured about it. I started small, collected feedback, and improved the idea before asking the full team to change habits The initiative improved delivery speed and made my work more trusted because it helped the whole team.",weak,4,4,2,"clear structure, result"
128,Tell me about a time you noticed a gap and stepped in.,initiative,"During a campus event build, I noticed the onboarding material for new contributors was missing. I started small, collected feedback, and improved the idea before asking the full team to change habits. I also kept the team updated so we could move forward without too much confusion. The initiative improved delivery speed and made my work more trusted because it helped the whole team.",average,6,4,4,reflection
129,Tell me about a time you noticed a gap and stepped in.,initiative,"During a campus event build, I noticed the onboarding material for new contributors was missing. I first clarified the success criteria and the actual risk to the timeline. I started small, collected feedback, and improved the idea before asking the full team to change habits. I documented the decision path, followed up on ownership, and kept stakeholders aligned. The initiative improved delivery speed and made my work more trusted because it helped the whole team.",strong,7,7,10,
130,Describe a time you improved something proactively.,initiative,"to be honest, At an internship, I saw a recurring communication gap between the feature owner and implementers. I tried to help and talk to people, but I was not very structured about it. I kept the solution practical because I wanted it to be used, not just admired The fix was simple but high leverage, which taught me that initiative works best when it is practical.",weak,4,4,2,"metrics, ownership, specific context"
131,Describe a time you improved something proactively.,initiative,"At an internship, I saw a recurring communication gap between the feature owner and implementers. I kept the solution practical because I wanted it to be used, not just admired. I also kept the team updated so we could move forward without too much confusion. The fix was simple but high leverage, which taught me that initiative works best when it is practical.",average,7,4,4,strong impact
132,Describe a time you improved something proactively.,initiative,"At an internship, I saw a recurring communication gap between the feature owner and implementers. I first clarified the success criteria and the actual risk to the timeline. I kept the solution practical because I wanted it to be used, not just admired. I documented the decision path, followed up on ownership, and kept stakeholders aligned. The fix was simple but high leverage, which taught me that initiative works best when it is practical.",strong,8,10,9,deeper reflection
133,Tell me about a time you created value without formal ownership.,initiative,"basically, In a class project, repeated setup issues were wasting time for new teammates. I tried to help and talk to people, but I was not very structured about it. I focused on removing friction that affected multiple people instead of just optimizing my own workflow It improved the workflow enough that later teammates continued using it.",weak,4,3,1,"measurable impact, specific actions"
134,Tell me about a time you created value without formal ownership.,initiative,"In a class project, repeated setup issues were wasting time for new teammates. I focused on removing friction that affected multiple people instead of just optimizing my own workflow. I also kept the team updated so we could move forward without too much confusion. It improved the workflow enough that later teammates continued using it.",average,6,5,5,metrics
135,Tell me about a time you created value without formal ownership.,initiative,"In a class project, repeated setup issues were wasting time for new teammates. I first clarified the success criteria and the actual risk to the timeline. I focused on removing friction that affected multiple people instead of just optimizing my own workflow. I documented the decision path, followed up on ownership, and kept stakeholders aligned. It improved the workflow enough that later teammates continued using it.",strong,9,10,8,deeper reflection
136,Describe a time you solved a problem before it became bigger.,initiative,"basically, During my internship, I noticed repeated friction in the review process even though nobody had formally owned it. I tried to help and talk to people, but I was not very structured about it. I put together a lightweight fix, tested it quickly, and then shared it in a way that made adoption easy The team saved time, the process felt smoother, and the change stuck because it solved a real pain point.",weak,2,4,2,"metrics, ownership, specific context"
139,Tell me about a time you started something useful on your own.,initiative,"basically, In a student project, I saw that the team kept losing time because the work tracker was outdated. I tried to help and talk to people, but I was not very structured about it. I did not wait for permission to do the discovery work, but I made sure to keep the actual owners informed People adopted the improvement quickly and it reduced repeated confusion across the group.",weak,4,2,3,"metrics, ownership, specific context"
142,Describe a time you did more than the assigned work because it mattered.,initiative,"basically, During a campus event build, I noticed the onboarding material for new contributors was missing. I tried to help and talk to people, but I was not very structured about it. I started small, collected feedback, and improved the idea before asking the full team to change habits The initiative improved delivery speed and made my work more trusted because it helped the whole team.",weak,3,4,3,"metrics, ownership, specific context"
148,Describe a time you proactively improved team execution.,initiative,"honestly, In a class project, repeated setup issues were wasting time for new teammates. I tried to help and talk to people, but I was not very structured about it. I focused on removing friction that affected multiple people instead of just optimizing my own workflow It improved the workflow enough that later teammates continued using it.",weak,3,4,3,"measurable impact, specific actions"
151,Tell me about a time you performed under pressure.,pressure,"kind of, During an internship release week, we discovered a blocking issue shortly before a demo. I tried to help and talk to people, but I was not very structured about it. I reduced the noise by identifying what truly had to happen first and what could wait We got through the deadline without unnecessary panic and delivered the most important work successfully.",weak,3,3,1,"clear structure, result"
152,Tell me about a time you performed under pressure.,pressure,"During an internship release week, we discovered a blocking issue shortly before a demo. I reduced the noise by identifying what truly had to happen first and what could wait. I also kept the team updated so we could move forward without too much confusion. We got through the deadline without unnecessary panic and delivered the most important work successfully.",average,6,5,5,strong impact
153,Tell me about a time you performed under pressure.,pressure,"During an internship release week, we discovered a blocking issue shortly before a demo. I first clarified the success criteria and the actual risk to the timeline. I reduced the noise by identifying what truly had to happen first and what could wait. I documented the decision path, followed up on ownership, and kept stakeholders aligned. We got through the deadline without unnecessary panic and delivered the most important work successfully.",strong,10,9,7,deeper reflection
154,Describe a time a deadline or high-stakes situation tested you.,pressure,"honestly, In a project presentation cycle, several problems surfaced right before the final deadline. I tried to help and talk to people, but I was not very structured about it. I kept updates short and frequent so nobody wasted time guessing about the status The pressure was real, but the team stayed coordinated because the priorities were clear.",weak,4,4,1,"clear structure, result"
155,Describe a time a deadline or high-stakes situation tested you.,pressure,"In a project presentation cycle, several problems surfaced right before the final deadline. I kept updates short and frequent so nobody wasted time guessing about the status. I also kept the team updated so we could move forward without too much confusion. The pressure was real, but the team stayed coordinated because the priorities were clear.",average,5,6,4,reflection
156,Describe a time a deadline or high-stakes situation tested you.,pressure,"In a project presentation cycle, several problems surfaced right before the final deadline. I first clarified the success criteria and the actual risk to the timeline. I kept updates short and frequent so nobody wasted time guessing about the status. I documented the decision path, followed up on ownership, and kept stakeholders aligned. The pressure was real, but the team stayed coordinated because the priorities were clear.",strong,7,7,8,
157,Tell me about a time you handled pressure without losing focus.,pressure,"honestly, At a student event, last-minute changes forced the team to reorganize work quickly. I tried to help and talk to people, but I was not very structured about it. I avoided trying to fix everything at once and instead focused on the highest-risk path We recovered enough to meet the key milestone, and I learned how much clarity matters when time is tight.",weak,4,2,1,"metrics, ownership, specific context"
158,Tell me about a time you handled pressure without losing focus.,pressure,"At a student event, last-minute changes forced the team to reorganize work quickly. I avoided trying to fix everything at once and instead focused on the highest-risk path. I also kept the team updated so we could move forward without too much confusion. We recovered enough to meet the key milestone, and I learned how much clarity matters when time is tight.",average,6,6,4,reflection
159,Tell me about a time you handled pressure without losing focus.,pressure,"At a student event, last-minute changes forced the team to reorganize work quickly. I first clarified the success criteria and the actual risk to the timeline. I avoided trying to fix everything at once and instead focused on the highest-risk path. I documented the decision path, followed up on ownership, and kept stakeholders aligned. We recovered enough to meet the key milestone, and I learned how much clarity matters when time is tight.",strong,8,10,9,deeper reflection
160,Describe a time urgent work forced you to prioritize carefully.,pressure,"to be honest, During a sprint, a production-like bug appeared while other commitments were already heavy. I tried to help and talk to people, but I was not very structured about it. I stayed calm, documented the options, and asked for help where it would change the outcome fastest The situation stabilized quickly because we stopped multitasking and focused on the right fixes.",weak,4,4,3,"measurable impact, specific actions"
161,Describe a time urgent work forced you to prioritize carefully.,pressure,"During a sprint, a production-like bug appeared while other commitments were already heavy. I stayed calm, documented the options, and asked for help where it would change the outcome fastest. I also kept the team updated so we could move forward without too much confusion. The situation stabilized quickly because we stopped multitasking and focused on the right fixes.",average,5,4,5,metrics
162,Describe a time urgent work forced you to prioritize carefully.,pressure,"During a sprint, a production-like bug appeared while other commitments were already heavy. I first clarified the success criteria and the actual risk to the timeline. I stayed calm, documented the options, and asked for help where it would change the outcome fastest. I documented the decision path, followed up on ownership, and kept stakeholders aligned. The situation stabilized quickly because we stopped multitasking and focused on the right fixes.",strong,7,9,10,deeper reflection
163,Tell me about a time you had to stay calm in a stressful situation.,pressure,"to be honest, In a campus project, a critical dependency slipped and compressed the remaining timeline. I tried to help and talk to people, but I was not very structured about it. I made quick tradeoff decisions but explained them clearly so the team stayed aligned We avoided a bigger failure by staying disciplined under pressure.",weak,2,4,3,"measurable impact, specific actions"
164,Tell me about a time you had to stay calm in a stressful situation.,pressure,"In a campus project, a critical dependency slipped and compressed the remaining timeline. I made quick tradeoff decisions but explained them clearly so the team stayed aligned. I also kept the team updated so we could move forward without too much confusion. We avoided a bigger failure by staying disciplined under pressure.",average,5,4,6,strong impact
165,Tell me about a time you had to stay calm in a stressful situation.,pressure,"In a campus project, a critical dependency slipped and compressed the remaining timeline. I first clarified the success criteria and the actual risk to the timeline. I made quick tradeoff decisions but explained them clearly so the team stayed aligned. I documented the decision path, followed up on ownership, and kept stakeholders aligned. We avoided a bigger failure by staying disciplined under pressure.",strong,7,7,9,
166,Describe a time intense deadlines changed how you worked.,pressure,"basically, During an internship release week, we discovered a blocking issue shortly before a demo. I tried to help and talk to people, but I was not very structured about it. I reduced the noise by identifying what truly had to happen first and what could wait We got through the deadline without unnecessary panic and delivered the most important work successfully.",weak,4,3,1,"measurable impact, specific actions"
169,Tell me about a time pressure revealed your decision-making style.,pressure,"basically, In a project presentation cycle, several problems surfaced right before the final deadline. I tried to help and talk to people, but I was not very structured about it. I kept updates short and frequent so nobody wasted time guessing about the status The pressure was real, but the team stayed coordinated because the priorities were clear.",weak,4,2,2,"metrics, ownership, specific context"
172,Describe a time you managed risk during a very busy stretch.,pressure,"kind of, At a student event, last-minute changes forced the team to reorganize work quickly. I tried to help and talk to people, but I was not very structured about it. I avoided trying to fix everything at once and instead focused on the highest-risk path We recovered enough to meet the key milestone, and I learned how much clarity matters when time is tight.",weak,3,2,1,"clear structure, result"
175,Tell me about a time you had to deliver while things felt chaotic.,pressure,"kind of, During a sprint, a production-like bug appeared while other commitments were already heavy. I tried to help and talk to people, but I was not very structured about it. I stayed calm, documented the options, and asked for help where it would change the outcome fastest The situation stabilized quickly because we stopped multitasking and focused on the right fixes.",weak,2,3,1,"clear structure, result"
181,Tell me about a difficult challenge you worked through.,challenge,"kind of, During my internship, a workflow looked simple at first but had several hidden edge cases. I tried to help and talk to people, but I was not very structured about it. I stopped assuming the first path was correct and gathered evidence about what was actually failing We solved the challenge with a stronger approach, and the later solution was much more reliable than the first idea.",weak,2,3,3,"metrics, ownership, specific context"
182,Tell me about a difficult challenge you worked through.,challenge,"During my internship, a workflow looked simple at first but had several hidden edge cases. I stopped assuming the first path was correct and gathered evidence about what was actually failing. I also kept the team updated so we could move forward without too much confusion. We solved the challenge with a stronger approach, and the later solution was much more reliable than the first idea.",average,6,6,6,strong impact
183,Tell me about a difficult challenge you worked through.,challenge,"During my internship, a workflow looked simple at first but had several hidden edge cases. I first clarified the success criteria and the actual risk to the timeline. I stopped assuming the first path was correct and gathered evidence about what was actually failing. I documented the decision path, followed up on ownership, and kept stakeholders aligned. We solved the challenge with a stronger approach, and the later solution was much more reliable than the first idea.",strong,10,9,10,
184,Describe a time a hard problem pushed you out of your comfort zone.,challenge,"kind of, In a class project, our first design failed once we tested it with real users. I tried to help and talk to people, but I was not very structured about it. I broke the problem into smaller hypotheses, tested them one by one, and tracked what I learned The problem took longer than expected, but the final result was better because we validated the real root cause.",weak,3,4,2,"clear structure, result"
185,Describe a time a hard problem pushed you out of your comfort zone.,challenge,"In a class project, our first design failed once we tested it with real users. I broke the problem into smaller hypotheses, tested them one by one, and tracked what I learned. I also kept the team updated so we could move forward without too much confusion. The problem took longer than expected, but the final result was better because we validated the real root cause.",average,6,5,4,metrics
186,Describe a time a hard problem pushed you out of your comfort zone.,challenge,"In a class project, our first design failed once we tested it with real users. I first clarified the success criteria and the actual risk to the timeline. I broke the problem into smaller hypotheses, tested them one by one, and tracked what I learned. I documented the decision path, followed up on ownership, and kept stakeholders aligned. The problem took longer than expected, but the final result was better because we validated the real root cause.",strong,8,9,7,
187,Tell me about a time you faced a challenge that took persistence.,challenge,"to be honest, During a team build, the integration problem was harder than what the initial plan assumed. I tried to help and talk to people, but I was not very structured about it. I kept the team informed when I needed to change direction so nobody planned around old assumptions The challenge improved my problem-solving habits because I became more evidence-driven.",weak,2,2,3,"clear structure, result"
188,Tell me about a time you faced a challenge that took persistence.,challenge,"During a team build, the integration problem was harder than what the initial plan assumed. I kept the team informed when I needed to change direction so nobody planned around old assumptions. I also kept the team updated so we could move forward without too much confusion. The challenge improved my problem-solving habits because I became more evidence-driven.",average,6,6,6,reflection
189,Tell me about a time you faced a challenge that took persistence.,challenge,"During a team build, the integration problem was harder than what the initial plan assumed. I first clarified the success criteria and the actual risk to the timeline. I kept the team informed when I needed to change direction so nobody planned around old assumptions. I documented the decision path, followed up on ownership, and kept stakeholders aligned. The challenge improved my problem-solving habits because I became more evidence-driven.",strong,9,7,8,deeper reflection
190,Describe a time the first solution did not work.,challenge,"to be honest, At an internship, a performance issue appeared only under realistic load. I tried to help and talk to people, but I was not very structured about it. I used the failed attempt as data instead of treating it as wasted effort We delivered a stable outcome after reworking the plan, and that prevented repeat issues later.",weak,3,2,2,"metrics, ownership, specific context"
191,Describe a time the first solution did not work.,challenge,"At an internship, a performance issue appeared only under realistic load. I used the failed attempt as data instead of treating it as wasted effort. I also kept the team updated so we could move forward without too much confusion. We delivered a stable outcome after reworking the plan, and that prevented repeat issues later.",average,7,6,4,strong impact
192,Describe a time the first solution did not work.,challenge,"At an internship, a performance issue appeared only under realistic load. I first clarified the success criteria and the actual risk to the timeline. I used the failed attempt as data instead of treating it as wasted effort. I documented the decision path, followed up on ownership, and kept stakeholders aligned. We delivered a stable outcome after reworking the plan, and that prevented repeat issues later.",strong,7,7,9,
193,Tell me about a time you had to rethink your approach to a challenge.,challenge,"to be honest, In a student product project, a dependency behaved differently from the documentation. I tried to help and talk to people, but I was not very structured about it. I balanced persistence with realism, which meant changing the design once the facts clearly supported it The final solution held up well because we iterated instead of forcing the first design.",weak,4,3,1,"metrics, ownership, specific context"
194,Tell me about a time you had to rethink your approach to a challenge.,challenge,"In a student product project, a dependency behaved differently from the documentation. I balanced persistence with realism, which meant changing the design once the facts clearly supported it. I also kept the team updated so we could move forward without too much confusion. The final solution held up well because we iterated instead of forcing the first design.",average,7,5,5,strong impact
195,Tell me about a time you had to rethink your approach to a challenge.,challenge,"In a student product project, a dependency behaved differently from the documentation. I first clarified the success criteria and the actual risk to the timeline. I balanced persistence with realism, which meant changing the design once the facts clearly supported it. I documented the decision path, followed up on ownership, and kept stakeholders aligned. The final solution held up well because we iterated instead of forcing the first design.",strong,10,9,8,
202,Describe a time you had to learn your way through a problem.,challenge,"kind of, During a team build, the integration problem was harder than what the initial plan assumed. I tried to help and talk to people, but I was not very structured about it. I kept the team informed when I needed to change direction so nobody planned around old assumptions The challenge improved my problem-solving habits because I became more evidence-driven.",weak,4,3,2,"measurable impact, specific actions"
205,Tell me about a time the obvious solution was not enough.,challenge,"honestly, At an internship, a performance issue appeared only under realistic load. I tried to help and talk to people, but I was not very structured about it. I used the failed attempt as data instead of treating it as wasted effort We delivered a stable outcome after reworking the plan, and that prevented repeat issues later.",weak,2,2,1,"measurable impact, specific actions"
211,Tell me about a time your communication made a difference.,communication,"to be honest, During an internship, I had to explain a technical tradeoff to non-technical stakeholders. I tried to help and talk to people, but I was not very structured about it. I adjusted the level of detail for the audience and focused on the decision they actually needed to make People aligned faster, the decision moved forward, and confusion dropped after the conversation.",weak,4,2,2,"metrics, ownership, specific context"
212,Tell me about a time your communication made a difference.,communication,"During an internship, I had to explain a technical tradeoff to non-technical stakeholders. I adjusted the level of detail for the audience and focused on the decision they actually needed to make. I also kept the team updated so we could move forward without too much confusion. People aligned faster, the decision moved forward, and confusion dropped after the conversation.",average,5,4,4,strong impact
213,Tell me about a time your communication made a difference.,communication,"During an internship, I had to explain a technical tradeoff to non-technical stakeholders. I first clarified the success criteria and the actual risk to the timeline. I adjusted the level of detail for the audience and focused on the decision they actually needed to make. I documented the decision path, followed up on ownership, and kept stakeholders aligned. People aligned faster, the decision moved forward, and confusion dropped after the conversation.",strong,9,10,7,deeper reflection
214,Describe a time you had to explain something complex clearly.,communication,"kind of, In a student team, people had different understandings of what the project milestone meant. I tried to help and talk to people, but I was not very structured about it. I replaced jargon with plain language, used a simple example, and confirmed understanding before moving on The message landed well because the audience understood both the risk and the recommended path.",weak,4,3,2,"measurable impact, specific actions"
215,Describe a time you had to explain something complex clearly.,communication,"In a student team, people had different understandings of what the project milestone meant. I replaced jargon with plain language, used a simple example, and confirmed understanding before moving on. I also kept the team updated so we could move forward without too much confusion. The message landed well because the audience understood both the risk and the recommended path.",average,7,5,5,metrics
216,Describe a time you had to explain something complex clearly.,communication,"In a student team, people had different understandings of what the project milestone meant. I first clarified the success criteria and the actual risk to the timeline. I replaced jargon with plain language, used a simple example, and confirmed understanding before moving on. I documented the decision path, followed up on ownership, and kept stakeholders aligned. The message landed well because the audience understood both the risk and the recommended path.",strong,7,10,9,
217,Tell me about a time you aligned people through communication.,communication,"kind of, During a release discussion, several teams were using slightly different definitions of success. I tried to help and talk to people, but I was not very structured about it. I summarized key points in writing afterward so the alignment did not disappear after the meeting We avoided wasted work because expectations became clear before implementation continued.",weak,2,2,1,"measurable impact, specific actions"
218,Tell me about a time you aligned people through communication.,communication,"During a release discussion, several teams were using slightly different definitions of success. I summarized key points in writing afterward so the alignment did not disappear after the meeting. I also kept the team updated so we could move forward without too much confusion. We avoided wasted work because expectations became clear before implementation continued.",average,7,6,4,reflection
219,Tell me about a time you aligned people through communication.,communication,"During a release discussion, several teams were using slightly different definitions of success. I first clarified the success criteria and the actual risk to the timeline. I summarized key points in writing afterward so the alignment did not disappear after the meeting. I documented the decision path, followed up on ownership, and kept stakeholders aligned. We avoided wasted work because expectations became clear before implementation continued.",strong,9,7,8,deeper reflection
220,Describe a time a message had to be adjusted for the audience.,communication,"basically, At an internship, a vague update caused confusion about whether a blocker was resolved. I tried to help and talk to people, but I was not very structured about it. I made the tradeoffs explicit instead of assuming everyone interpreted the situation the same way The communication helped stakeholders make a timely decision and trust the rationale behind it.",weak,3,2,3,"clear structure, result"
221,Describe a time a message had to be adjusted for the audience.,communication,"At an internship, a vague update caused confusion about whether a blocker was resolved. I made the tradeoffs explicit instead of assuming everyone interpreted the situation the same way. I also kept the team updated so we could move forward without too much confusion. The communication helped stakeholders make a timely decision and trust the rationale behind it.",average,7,5,4,strong impact
222,Describe a time a message had to be adjusted for the audience.,communication,"At an internship, a vague update caused confusion about whether a blocker was resolved. I first clarified the success criteria and the actual risk to the timeline. I made the tradeoffs explicit instead of assuming everyone interpreted the situation the same way. I documented the decision path, followed up on ownership, and kept stakeholders aligned. The communication helped stakeholders make a timely decision and trust the rationale behind it.",strong,9,10,9,deeper reflection
223,Tell me about a time poor communication could have caused a problem.,communication,"honestly, In a project review, I needed to present a complex issue in a way leadership could act on quickly. I tried to help and talk to people, but I was not very structured about it. I thought carefully about what was important to say, what was noise, and what action the audience needed next It showed me that good communication is often about clarity and framing, not just detail.",weak,2,3,2,"measurable impact, specific actions"
224,Tell me about a time poor communication could have caused a problem.,communication,"In a project review, I needed to present a complex issue in a way leadership could act on quickly. I thought carefully about what was important to say, what was noise, and what action the audience needed next. I also kept the team updated so we could move forward without too much confusion. It showed me that good communication is often about clarity and framing, not just detail.",average,6,5,6,strong impact
225,Tell me about a time poor communication could have caused a problem.,communication,"In a project review, I needed to present a complex issue in a way leadership could act on quickly. I first clarified the success criteria and the actual risk to the timeline. I thought carefully about what was important to say, what was noise, and what action the audience needed next. I documented the decision path, followed up on ownership, and kept stakeholders aligned. It showed me that good communication is often about clarity and framing, not just detail.",strong,7,10,7,deeper reflection
226,Describe a time you had to simplify technical detail for others.,communication,"kind of, During an internship, I had to explain a technical tradeoff to non-technical stakeholders. I tried to help and talk to people, but I was not very structured about it. I adjusted the level of detail for the audience and focused on the decision they actually needed to make People aligned faster, the decision moved forward, and confusion dropped after the conversation.",weak,3,2,2,"measurable impact, specific actions"
232,Describe a time your communication changed a decision.,communication,"basically, During a release discussion, several teams were using slightly different definitions of success. I tried to help and talk to people, but I was not very structured about it. I summarized key points in writing afterward so the alignment did not disappear after the meeting We avoided wasted work because expectations became clear before implementation continued.",weak,2,2,3,"measurable impact, specific actions"
235,Tell me about a time you had to deliver difficult information clearly.,communication,"honestly, At an internship, a vague update caused confusion about whether a blocker was resolved. I tried to help and talk to people, but I was not very structured about it. I made the tradeoffs explicit instead of assuming everyone interpreted the situation the same way The communication helped stakeholders make a timely decision and trust the rationale behind it.",weak,3,2,3,"metrics, ownership, specific context"
238,Describe a time you improved outcomes by communicating better.,communication,"to be honest, In a project review, I needed to present a complex issue in a way leadership could act on quickly. I tried to help and talk to people, but I was not very structured about it. I thought carefully about what was important to say, what was noise, and what action the audience needed next It showed me that good communication is often about clarity and framing, not just detail.",weak,3,4,1,"clear structure, result"
241,Tell me about a time you worked through ambiguity.,ambiguity,"kind of, During an internship, a project started before the requirements were fully settled. I tried to help and talk to people, but I was not very structured about it. I turned ambiguity into smaller questions, gathered missing signals, and kept a visible list of assumptions We made steady progress instead of stalling, and the project direction became clearer as we learned more.",weak,4,3,1,"clear structure, result"
242,Tell me about a time you worked through ambiguity.,ambiguity,"During an internship, a project started before the requirements were fully settled. I turned ambiguity into smaller questions, gathered missing signals, and kept a visible list of assumptions. I also kept the team updated so we could move forward without too much confusion. We made steady progress instead of stalling, and the project direction became clearer as we learned more.",average,7,5,6,reflection
243,Tell me about a time you worked through ambiguity.,ambiguity,"During an internship, a project started before the requirements were fully settled. I first clarified the success criteria and the actual risk to the timeline. I turned ambiguity into smaller questions, gathered missing signals, and kept a visible list of assumptions. I documented the decision path, followed up on ownership, and kept stakeholders aligned. We made steady progress instead of stalling, and the project direction became clearer as we learned more.",strong,10,8,10,
244,Describe a time requirements were unclear and you still made progress.,ambiguity,"basically, In a product team, stakeholders agreed on the problem but not on the exact solution path. I tried to help and talk to people, but I was not very structured about it. I proposed a narrow first step so we could learn quickly instead of waiting for perfect clarity The team avoided paralysis, validated the right path early, and saved time later.",weak,3,3,3,"measurable impact, specific actions"
245,Describe a time requirements were unclear and you still made progress.,ambiguity,"In a product team, stakeholders agreed on the problem but not on the exact solution path. I proposed a narrow first step so we could learn quickly instead of waiting for perfect clarity. I also kept the team updated so we could move forward without too much confusion. The team avoided paralysis, validated the right path early, and saved time later.",average,6,5,5,metrics
246,Describe a time requirements were unclear and you still made progress.,ambiguity,"In a product team, stakeholders agreed on the problem but not on the exact solution path. I first clarified the success criteria and the actual risk to the timeline. I proposed a narrow first step so we could learn quickly instead of waiting for perfect clarity. I documented the decision path, followed up on ownership, and kept stakeholders aligned. The team avoided paralysis, validated the right path early, and saved time later.",strong,8,10,8,deeper reflection
247,Tell me about a time you had to move without a full answer.,ambiguity,"honestly, During a class project, the goal was broad and success criteria were still forming. I tried to help and talk to people, but I was not very structured about it. I checked in often with stakeholders so the direction became sharper as evidence improved The ambiguity did not disappear immediately, but we created enough structure to execute confidently.",weak,3,4,2,"measurable impact, specific actions"
248,Tell me about a time you had to move without a full answer.,ambiguity,"During a class project, the goal was broad and success criteria were still forming. I checked in often with stakeholders so the direction became sharper as evidence improved. I also kept the team updated so we could move forward without too much confusion. The ambiguity did not disappear immediately, but we created enough structure to execute confidently.",average,6,5,6,reflection
249,Tell me about a time you had to move without a full answer.,ambiguity,"During a class project, the goal was broad and success criteria were still forming. I first clarified the success criteria and the actual risk to the timeline. I checked in often with stakeholders so the direction became sharper as evidence improved. I documented the decision path, followed up on ownership, and kept stakeholders aligned. The ambiguity did not disappear immediately, but we created enough structure to execute confidently.",strong,8,10,7,
250,Describe a time uncertainty made execution difficult.,ambiguity,"kind of, At an internship, the team knew something needed improvement but not yet which direction would work best. I tried to help and talk to people, but I was not very structured about it. I documented the decisions we were making under uncertainty and what would cause us to revisit them The work moved forward without reckless guessing because assumptions were explicit and tested.",weak,2,3,1,"measurable impact, specific actions"
251,Describe a time uncertainty made execution difficult.,ambiguity,"At an internship, the team knew something needed improvement but not yet which direction would work best. I documented the decisions we were making under uncertainty and what would cause us to revisit them. I also kept the team updated so we could move forward without too much confusion. The work moved forward without reckless guessing because assumptions were explicit and tested.",average,6,4,6,metrics
252,Describe a time uncertainty made execution difficult.,ambiguity,"At an internship, the team knew something needed improvement but not yet which direction would work best. I first clarified the success criteria and the actual risk to the timeline. I documented the decisions we were making under uncertainty and what would cause us to revisit them. I documented the decision path, followed up on ownership, and kept stakeholders aligned. The work moved forward without reckless guessing because assumptions were explicit and tested.",strong,10,8,7,deeper reflection
253,Tell me about a time you created structure in an ambiguous situation.,ambiguity,"kind of, In a student build, feedback kept changing while implementation had already started. I tried to help and talk to people, but I was not very structured about it. I focused on reducing risk while still moving forward, not on pretending the uncertainty did not exist It taught me that ambiguity is manageable when you turn it into smaller decisions and feedback loops.",weak,3,4,3,"clear structure, result"
254,Tell me about a time you created structure in an ambiguous situation.,ambiguity,"In a student build, feedback kept changing while implementation had already started. I focused on reducing risk while still moving forward, not on pretending the uncertainty did not exist. I also kept the team updated so we could move forward without too much confusion. It taught me that ambiguity is manageable when you turn it into smaller decisions and feedback loops.",average,7,4,5,reflection
255,Tell me about a time you created structure in an ambiguous situation.,ambiguity,"In a student build, feedback kept changing while implementation had already started. I first clarified the success criteria and the actual risk to the timeline. I focused on reducing risk while still moving forward, not on pretending the uncertainty did not exist. I documented the decision path, followed up on ownership, and kept stakeholders aligned. It taught me that ambiguity is manageable when you turn it into smaller decisions and feedback loops.",strong,10,9,10,
256,Describe a time a project lacked clear direction at first.,ambiguity,"honestly, During an internship, a project started before the requirements were fully settled. I tried to help and talk to people, but I was not very structured about it. I turned ambiguity into smaller questions, gathered missing signals, and kept a visible list of assumptions We made steady progress instead of stalling, and the project direction became clearer as we learned more.",weak,4,2,1,"measurable impact, specific actions"
259,Tell me about a time you had to define the path yourself.,ambiguity,"honestly, In a product team, stakeholders agreed on the problem but not on the exact solution path. I tried to help and talk to people, but I was not very structured about it. I proposed a narrow first step so we could learn quickly instead of waiting for perfect clarity The team avoided paralysis, validated the right path early, and saved time later.",weak,3,2,3,"clear structure, result"
262,Describe a time changing information made planning harder.,ambiguity,"to be honest, During a class project, the goal was broad and success criteria were still forming. I tried to help and talk to people, but I was not very structured about it. I checked in often with stakeholders so the direction became sharper as evidence improved The ambiguity did not disappear immediately, but we created enough structure to execute confidently.",weak,2,4,2,"measurable impact, specific actions"
265,Tell me about a time you had to reduce ambiguity for others.,ambiguity,"to be honest, At an internship, the team knew something needed improvement but not yet which direction would work best. I tried to help and talk to people, but I was not very structured about it. I documented the decisions we were making under uncertainty and what would cause us to revisit them The work moved forward without reckless guessing because assumptions were explicit and tested.",weak,2,3,3,"clear structure, result"
268,Describe a time you made progress with incomplete information.,ambiguity,"basically, In a student build, feedback kept changing while implementation had already started. I tried to help and talk to people, but I was not very structured about it. I focused on reducing risk while still moving forward, not on pretending the uncertainty did not exist It taught me that ambiguity is manageable when you turn it into smaller decisions and feedback loops.",weak,3,4,2,"measurable impact, specific actions"
271,Tell me about a time you took ownership of something important.,ownership,"honestly, During an internship, a workflow had several owners on paper but no one was watching the full outcome. I tried to help and talk to people, but I was not very structured about it. I treated the end result as my responsibility, even when I needed help from several people to get there The issue was resolved more completely because someone was finally watching it end to end.",weak,2,3,3,"clear structure, result"
272,Tell me about a time you took ownership of something important.,ownership,"During an internship, a workflow had several owners on paper but no one was watching the full outcome. I treated the end result as my responsibility, even when I needed help from several people to get there. I also kept the team updated so we could move forward without too much confusion. The issue was resolved more completely because someone was finally watching it end to end.",average,7,5,6,strong impact
273,Tell me about a time you took ownership of something important.,ownership,"During an internship, a workflow had several owners on paper but no one was watching the full outcome. I first clarified the success criteria and the actual risk to the timeline. I treated the end result as my responsibility, even when I needed help from several people to get there. I documented the decision path, followed up on ownership, and kept stakeholders aligned. The issue was resolved more completely because someone was finally watching it end to end.",strong,7,10,9,
274,Describe a time you owned a problem end to end.,ownership,"honestly, In a capstone project, one important task kept slipping because responsibility was fragmented. I tried to help and talk to people, but I was not very structured about it. I kept the full picture visible, not just my individual task, and followed up until the problem was actually closed The delivery quality improved, and the team had more confidence because ownership was visible.",weak,4,4,2,"clear structure, result"
275,Describe a time you owned a problem end to end.,ownership,"In a capstone project, one important task kept slipping because responsibility was fragmented. I kept the full picture visible, not just my individual task, and followed up until the problem was actually closed. I also kept the team updated so we could move forward without too much confusion. The delivery quality improved, and the team had more confidence because ownership was visible.",average,5,6,5,metrics
276,Describe a time you owned a problem end to end.,ownership,"In a capstone project, one important task kept slipping because responsibility was fragmented. I first clarified the success criteria and the actual risk to the timeline. I kept the full picture visible, not just my individual task, and followed up until the problem was actually closed. I documented the decision path, followed up on ownership, and kept stakeholders aligned. The delivery quality improved, and the team had more confidence because ownership was visible.",strong,8,9,8,
277,Tell me about a time you stepped in because something needed a real owner.,ownership,"honestly, During a release cycle, a handoff issue was hurting quality but was not clearly assigned to one person. I tried to help and talk to people, but I was not very structured about it. I made ownership explicit, closed loops with others, and did not assume silence meant things were handled The problem stopped bouncing between people and the resolution happened faster.",weak,4,4,1,"clear structure, result"
278,Tell me about a time you stepped in because something needed a real owner.,ownership,"During a release cycle, a handoff issue was hurting quality but was not clearly assigned to one person. I made ownership explicit, closed loops with others, and did not assume silence meant things were handled. I also kept the team updated so we could move forward without too much confusion. The problem stopped bouncing between people and the resolution happened faster.",average,6,4,6,strong impact
279,Tell me about a time you stepped in because something needed a real owner.,ownership,"During a release cycle, a handoff issue was hurting quality but was not clearly assigned to one person. I first clarified the success criteria and the actual risk to the timeline. I made ownership explicit, closed loops with others, and did not assume silence meant things were handled. I documented the decision path, followed up on ownership, and kept stakeholders aligned. The problem stopped bouncing between people and the resolution happened faster.",strong,8,7,9,deeper reflection
280,Describe a time you carried responsibility beyond your immediate task.,ownership,"basically, At an internship, a recurring blocker sat between teams and was easy for everyone to partially ignore. I tried to help and talk to people, but I was not very structured about it. I pushed past the easy handoff point and stayed engaged until the downstream impact looked healthy too The result was stronger because I stayed engaged after the first fix instead of assuming it was done.",weak,2,2,1,"measurable impact, specific actions"
281,Describe a time you carried responsibility beyond your immediate task.,ownership,"At an internship, a recurring blocker sat between teams and was easy for everyone to partially ignore. I pushed past the easy handoff point and stayed engaged until the downstream impact looked healthy too. I also kept the team updated so we could move forward without too much confusion. The result was stronger because I stayed engaged after the first fix instead of assuming it was done.",average,6,6,6,strong impact
282,Describe a time you carried responsibility beyond your immediate task.,ownership,"At an internship, a recurring blocker sat between teams and was easy for everyone to partially ignore. I first clarified the success criteria and the actual risk to the timeline. I pushed past the easy handoff point and stayed engaged until the downstream impact looked healthy too. I documented the decision path, followed up on ownership, and kept stakeholders aligned. The result was stronger because I stayed engaged after the first fix instead of assuming it was done.",strong,8,9,10,deeper reflection
283,Tell me about a time you treated the result as your responsibility.,ownership,"kind of, In a student project, the final delivery risk was spread out enough that nobody was truly tracking it. I tried to help and talk to people, but I was not very structured about it. I accepted accountability for the outcome, which meant checking details that otherwise would have been missed It reinforced that ownership is really about the outcome, not just the assigned task list.",weak,2,3,1,"metrics, ownership, specific context"
284,Tell me about a time you treated the result as your responsibility.,ownership,"In a student project, the final delivery risk was spread out enough that nobody was truly tracking it. I accepted accountability for the outcome, which meant checking details that otherwise would have been missed. I also kept the team updated so we could move forward without too much confusion. It reinforced that ownership is really about the outcome, not just the assigned task list.",average,5,6,6,reflection
285,Tell me about a time you treated the result as your responsibility.,ownership,"In a student project, the final delivery risk was spread out enough that nobody was truly tracking it. I first clarified the success criteria and the actual risk to the timeline. I accepted accountability for the outcome, which meant checking details that otherwise would have been missed. I documented the decision path, followed up on ownership, and kept stakeholders aligned. It reinforced that ownership is really about the outcome, not just the assigned task list.",strong,10,9,7,deeper reflection
289,Tell me about a time you took accountability for a messy situation.,ownership,"to be honest, In a capstone project, one important task kept slipping because responsibility was fragmented. I tried to help and talk to people, but I was not very structured about it. I kept the full picture visible, not just my individual task, and followed up until the problem was actually closed The delivery quality improved, and the team had more confidence because ownership was visible.",weak,3,2,3,"measurable impact, specific actions"
292,Describe a time you went beyond execution and owned the outcome.,ownership,"basically, During a release cycle, a handoff issue was hurting quality but was not clearly assigned to one person. I tried to help and talk to people, but I was not very structured about it. I made ownership explicit, closed loops with others, and did not assume silence meant things were handled The problem stopped bouncing between people and the resolution happened faster.",weak,2,2,1,"metrics, ownership, specific context"
295,Tell me about a time you made sure nothing fell through the cracks.,ownership,"kind of, At an internship, a recurring blocker sat between teams and was easy for everyone to partially ignore. I tried to help and talk to people, but I was not very structured about it. I pushed past the easy handoff point and stayed engaged until the downstream impact looked healthy too The result was stronger because I stayed engaged after the first fix instead of assuming it was done.",weak,4,4,3,"measurable impact, specific actions"
298,Describe a time your ownership improved the final result.,ownership,"basically, In a student project, the final delivery risk was spread out enough that nobody was truly tracking it. I tried to help and talk to people, but I was not very structured about it. I accepted accountability for the outcome, which meant checking details that otherwise would have been missed It reinforced that ownership is really about the outcome, not just the assigned task list.",weak,3,2,3,"clear structure, result"
301,Describe a time you led execution when the team needed clarity.,leadership,"I think this happened when our team was under pressure and we had some confusion. I tried to help and talk to people, but I was not very structured about it I tried to respond quickly, but I did not really frame the problem in a strong way. In the end things improved a little, but the result was not very strong and I learned I needed better structure.",weak,2,4,2,"measurable result, ownership, specific context"
301,Describe a time requirements were unclear and you still made progress.,ambiguity,"This was during a team project and honestly things were already a bit messy. I proposed a narrow first step so we could learn quickly instead of waiting for perfect clarity The team avoided paralysis, validated the right path early, and saved time later I tried to respond quickly, but I did not really define the problem clearly. The situation settled down later, but it made me realize I needed to be more specific and organized.",weak,2,2,3,"decision rationale, result"
302,Tell me about a time you aligned people through communication.,communication,"This came up in an internship project, and I remember feeling a bit lost at the start. I tried to help and talk to people, but I was not very structured about it I tried to respond quickly, but I did not really frame the problem in a strong way. In the end things improved a little, but the result was not very strong and I learned I needed better structure.",weak,2,2,1,"decision process, result"
302,Describe a conflict that could have slowed the project down.,conflict,"This example comes from a team assignment where we had a deadline and a few unresolved blockers. The conflict stopped blocking progress, and our later reviews were much smoother I listened to different viewpoints, summarized the tradeoffs, and helped the group agree on a practical action. During a hackathon follow-up project, communication friction started affecting handoffs The issue was resolved without a major delay, and I learned the value of clearer ownership up front.",average,5,4,4,metrics
303,Describe a time you carried responsibility beyond your immediate task.,ownership,"I think this happened when our team was under pressure and we had some confusion. basically, At an internship, a recurring blocker sat between teams and was easy for everyone to partially ignore I mostly tried to help and talk to people, but I was not very structured. The situation settled down later, but it showed me that I need to be more organized and specific. What specifically was hard about the situation?",weak,3,2,2,"clear structure, metrics"
303,Describe a time you went beyond execution and owned the outcome.,ownership,"This happened during a high-visibility project where the timeline and coordination really mattered. The problem stopped bouncing between people and the resolution happened faster I gathered missing context, aligned stakeholders on the tradeoffs, and drove a structured recovery plan. We recovered the timeline, improved alignment across the team, and reused the same approach in later work.",strong,8,10,9,
304,Describe a time you earned followership instead of using title or role.,leadership,"This happened during a product release where the team had to move quickly while expectations were changing. During a campus tech event, several volunteers were working hard but priorities were scattered I listened to different perspectives, summarized the tradeoffs, and helped the group agree on a practical next action. The issue was resolved without major delay, and I learned the value of setting clearer ownership earlier.",average,5,5,4,strong business impact
304,Tell me about a time you had to deliver while things felt chaotic.,pressure,"This came up during an internship task, and I was kind of figuring things out as I went. to be honest, i stayed calm, documented the options, and asked for help where it would change the outcome fastest The situation stabilized quickly because we stopped multitasking and focused on the right fixes I mostly tried to help and talk through it, but I was not very structured. Things improved a little, but the result was not very strong and I learned I needed better structure.",weak,4,2,2,"metrics, ownership"
305,Describe a time leadership was needed even though you were not the official owner.,leadership,"This example comes from a team project where we were balancing delivery deadlines with a few unresolved blockers. I kept communication direct and calm so people trusted the process instead of feeling managed I spoke with the people involved, clarified the immediate problem, and suggested a simple plan so we could move forward. We delivered the work on time, and the team had a clearer way to handle similar situations after that.",average,7,5,6,metrics
305,Tell me about a time you stepped up and led an effort.,leadership,"This happened during a project where expectations changed and the team had to adjust quickly. The group became more aligned, and our output quality improved because ownership was visible I listened to different viewpoints, summarized the tradeoffs, and helped the group agree on a practical action. The project recovered, and people appreciated having a more structured way to communicate progress.",average,6,5,5,strong impact
306,Describe a setback that improved your judgment later.,failure,"I dealt with this during an internship project where I owned a key workflow that directly affected the team timeline. It was uncomfortable, but it permanently improved how I scope and communicate work I first clarified the success criteria, then mapped the blockers, assigned clear owners, and set short checkpoints to keep momentum. We delivered successfully with better alignment, and the approach became a repeatable pattern for future projects. Walk me through this example in a little more detail.",strong,7,10,9,
306,Tell me about a time the obvious solution was not enough.,challenge,"This happened during a high-visibility project where the timeline and coordination really mattered. to be honest, i first clarified the success criteria and the actual risk to the timeline I gathered missing context, aligned stakeholders on the tradeoffs, and drove a structured recovery plan. At an internship, a performance issue appeared only under realistic load One thing I learned from that was that I needed to communicate earlier. We recovered the timeline, improved alignment across the team, and reused the same approach in later work.",strong,8,8,10,
307,Describe a team effort where communication mattered as much as execution.,teamwork,"It was during a project in college and honestly I did not have a very clear plan at first. I shared progress and risks openly, which made it easier for others to adjust their work in time We finished with less confusion and much better visibility than at the start I spoke with the team and did what I could, though I probably should have organized it better. The situation settled down later, but it showed me that I need to be more organized and specific. How did you make sure the team stayed aligned?",weak,4,4,1,"measurable result, ownership, specific context"
307,Describe a time the first solution did not work.,challenge,"This was during a team project and honestly things were already a bit messy. I used the failed attempt as data instead of treating it as wasted effort We delivered a stable outcome after reworking the plan, and that prevented repeat issues later I tried to respond quickly, but I did not really define the problem clearly. I tried to help and talk to people, but I was not very structured about it The situation settled down later, but it made me realize I needed to be more specific and organized.",weak,3,4,2,"decision rationale, result"
308,Describe a setback that improved your judgment later.,failure,"I think this happened when our team was under pressure and we had some confusion. I would say, i turned the mistake into a concrete process change rather than treating it as a one-off problem It was uncomfortable, but it permanently improved how I scope and communicate work I tried to respond quickly, but I did not really frame the problem in a strong way. The situation settled down later, but it showed me that I need to be more organized and specific.",weak,2,3,2,"decision process, result"
308,Tell me about a time you started something useful on your own.,initiative,"This happened during a project where expectations changed and the team had to adjust quickly. I did not wait for permission to do the discovery work, but I made sure to keep the actual owners informed I listened to different viewpoints, summarized the tradeoffs, and helped the group agree on a practical action. I also kept the team updated so we could move forward without too much confusion Looking back, I would set expectations much sooner next time. The project recovered, and people appreciated having a more structured way to communicate progress.",average,5,4,6,deeper ownership
309,Tell me about a time you had to deliver difficult information clearly.,communication,"This came up in an internship project, and I remember feeling a bit lost at the start. I made the tradeoffs explicit instead of assuming everyone interpreted the situation the same way The communication helped stakeholders make a timely decision and trust the rationale behind it I tried to respond quickly, but I did not really frame the problem in a strong way. We eventually finished, though the outcome was only okay and I realized I should have communicated more clearly.",weak,2,3,1,"measurable result, ownership, specific context"
309,Describe a time you had to learn your way through a problem.,challenge,"I dealt with this in an internship where my work directly affected delivery for the broader team. During a team build, the integration problem was harder than what the initial plan assumed I gathered missing context, aligned stakeholders on the tradeoffs, and drove a structured recovery plan. I first clarified the success criteria and the actual risk to the timeline We delivered successfully with better coordination, and the process became a repeatable pattern for future projects.",strong,9,7,7,deeper reflection
310,Describe a time you had to coordinate with people who worked differently from you.,teamwork,"This example comes from a team project where we were balancing delivery deadlines with a few unresolved blockers. I focused on helping the team unblock quickly instead of only finishing my own part I spoke with the people involved, clarified the immediate problem, and suggested a simple plan so we could move forward. The project got back on track, and the team appreciated having a more structured way to communicate progress. What would you change if the same situation happened again?",average,7,5,4,clear reflection
310,Tell me about a time you had to rethink your approach to a challenge.,challenge,"This was during a team project and honestly things were already a bit messy. to be honest, In a student product project, a dependency behaved differently from the documentation I mostly tried to help and talk through it, but I was not very structured. I tried to help and talk to people, but I was not very structured about it The situation settled down later, but it made me realize I needed to be more specific and organized.",weak,2,4,1,"context, result, specific actions"
311,Describe a time you improved outcomes by communicating better.,communication,"This happened during a high-visibility release when I was coordinating engineering work across multiple stakeholders. In a project review, I needed to present a complex issue in a way leadership could act on quickly I gathered the missing context, aligned stakeholders on tradeoffs, and led a step-by-step recovery plan with visible follow-through. The team hit the revised milestone, reduced confusion across functions, and my manager highlighted the clarity of my execution. Walk me through this example in a little more detail.",strong,9,7,7,
311,Tell me about a time you used communication to remove confusion.,communication,"This happened during a project where expectations changed and the team had to adjust quickly. if I am being real, the message landed well because the audience understood both the risk and the recommended path I clarified the immediate issue, spoke with the people involved, and suggested a simple plan to move forward. I also kept the team updated so we could move forward without too much confusion We got the work back on track, and the team had a clearer way to handle similar situations after that.",average,6,5,4,strong impact
312,Tell me about a time you created value without formal ownership.,initiative,"This happened during a high-visibility release when I was coordinating engineering work across multiple stakeholders. I focused on removing friction that affected multiple people instead of just optimizing my own workflow I created structure around the ambiguity, documented the decision path, and personally drove execution until the outcome stabilized. We delivered successfully with better alignment, and the approach became a repeatable pattern for future projects.",strong,8,7,9,
312,Tell me about a time you took initiative to lead a delivery effort.,leadership,"I dealt with this in an internship where my work directly affected delivery for the broader team. I first clarified the success criteria and the actual risk to the timeline I created clarity around the problem, documented the decision path, and followed through until the outcome stabilized. I volunteered to run short syncs, summarize blockers, and keep the team focused on the highest-risk work first The team hit the revised milestone, reduced confusion, and my manager called out the clarity of the execution.",strong,10,8,9,
313,Describe a time intense deadlines changed how you worked.,pressure,"I think this happened when our team was under pressure and we had some confusion. basically, During an internship release week, we discovered a blocking issue shortly before a demo I mostly tried to help and talk to people, but I was not very structured. In the end things improved a little, but the result was not very strong and I learned I needed better structure.",weak,3,2,1,"measurable result, ownership, specific context"
313,Describe a mistake you would handle differently now.,failure,"This was during a team project and honestly things were already a bit messy. to be honest, i tried to help and talk to people, but I was not very structured about it I mostly tried to help and talk through it, but I was not very structured. I documented what I got wrong, asked for feedback, and changed how I planned similar work later I earned trust back by being accountable and applying the lesson in the next project One thing I learned from that was that I needed to communicate earlier. Things improved a little, but the result was not very strong and I learned I needed better structure.",weak,2,2,2,"metrics, ownership"
314,Tell me about a time you had to move without a full answer.,ambiguity,"This happened during a high-visibility release when I was coordinating engineering work across multiple stakeholders. During a class project, the goal was broad and success criteria were still forming I created structure around the ambiguity, documented the decision path, and personally drove execution until the outcome stabilized. We delivered successfully with better alignment, and the approach became a repeatable pattern for future projects.",strong,7,8,8,
314,Describe a failure that taught you something important.,failure,"I faced this situation during an internship when priorities shifted halfway through the work. During an internship, I underestimated how much validation a feature needed before rollout I clarified the immediate issue, spoke with the people involved, and suggested a simple plan to move forward. The short-term miss was real, but later work improved because I handled planning and communication much more carefully The issue was resolved without a major delay, and I learned the value of clearer ownership up front.",average,7,5,4,deeper ownership
315,Describe a time urgent work forced you to prioritize carefully.,pressure,"This came up in an internship project, and I remember feeling a bit lost at the start. to be honest, to be honest, During a sprint, a production-like bug appeared while other commitments were already heavy I spoke with the team and did what I could, though I probably should have organized it better. In the end things improved a little, but the result was not very strong and I learned I needed better structure. What specifically was hard about the situation?",weak,3,4,3,"decision process, result"
315,Tell me about a time you handled pressure without losing focus.,pressure,"This happened during a high-visibility project where the timeline and coordination really mattered. if I am being real, we recovered enough to meet the key milestone, and I learned how much clarity matters when time is tight I gathered missing context, aligned stakeholders on the tradeoffs, and drove a structured recovery plan. I first clarified the success criteria and the actual risk to the timeline Looking back, I would set expectations much sooner next time. We recovered the timeline, improved alignment across the team, and reused the same approach in later work.",strong,10,7,7,
316,Describe a time you underestimated something important.,failure,"This happened during a product release where the team had to move quickly while expectations were changing. I started breaking work into smaller checkpoints so I could spot risk earlier instead of near the deadline I broke the issue into smaller actions, aligned with the team lead, and followed up so everyone knew the next step. We delivered the work on time, and the team had a clearer way to handle similar situations after that. What would you change if the same situation happened again?",average,5,4,6,metrics
316,Tell me about a time pressure revealed your decision-making style.,pressure,"This was during a team project and honestly things were already a bit messy. honestly, i tried to help and talk to people, but I was not very structured about it I did what I could in the moment, though I probably should have organized things better. basically, In a project presentation cycle, several problems surfaced right before the final deadline Things improved a little, but the result was not very strong and I learned I needed better structure.",weak,4,2,1,"metrics, ownership"
317,Tell me about a time you stepped in because something needed a real owner.,ownership,"I think this happened when our team was under pressure and we had some confusion. to be honest, honestly, During a release cycle, a handoff issue was hurting quality but was not clearly assigned to one person I spoke with the team and did what I could, though I probably should have organized it better. We eventually finished, though the outcome was only okay and I realized I should have communicated more clearly.",weak,2,4,3,"clear structure, metrics"
317,Tell me about a time you identified an issue early and acted.,initiative,"This happened during a project where expectations changed and the team had to adjust quickly. kind of, at an internship, I saw a recurring communication gap between the feature owner and implementers I clarified the immediate issue, spoke with the people involved, and suggested a simple plan to move forward. I also kept the team updated so we could move forward without too much confusion The project recovered, and people appreciated having a more structured way to communicate progress.",average,5,5,5,reflection
318,Tell me about a time you aligned people through communication.,communication,"I think this happened when our team was under pressure and we had some confusion. to be honest, i tried to help and talk to people, but I was not very structured about it I spoke with the team and did what I could, though I probably should have organized it better. The situation settled down later, but it showed me that I need to be more organized and specific. What specifically was hard about the situation?",weak,3,3,3,"decision process, result"
318,Tell me about a time you had to balance different opinions on a team.,conflict,"This situation came up during a cross-functional effort where I had to balance speed, clarity, and execution. I first clarified the success criteria and the actual risk to the timeline I gathered missing context, aligned stakeholders on the tradeoffs, and drove a structured recovery plan. I set up a short alignment meeting, wrote down the tradeoffs, and pushed the team toward one decision we could all support We recovered the timeline, improved alignment across the team, and reused the same approach in later work.",strong,7,10,8,
319,Tell me about a time you used communication to remove confusion.,communication,"This happened during a product release where the team had to move quickly while expectations were changing. honestly, the message landed well because the audience understood both the risk and the recommended path I broke the issue into smaller actions, aligned with the team lead, and followed up so everyone knew the next step. The project got back on track, and the team appreciated having a more structured way to communicate progress.",average,5,5,4,metrics
319,Tell me about a time you used communication to remove confusion.,communication,"This was during a team project and honestly things were already a bit messy. kind of, In a student team, people had different understandings of what the project milestone meant I did what I could in the moment, though I probably should have organized things better. I replaced jargon with plain language, used a simple example, and confirmed understanding before moving on The message landed well because the audience understood both the risk and the recommended path The situation settled down later, but it made me realize I needed to be more specific and organized.",weak,2,4,1,"clear structure, reflection"
320,Tell me about a time you took initiative.,initiative,"This happened during a product release where the team had to move quickly while expectations were changing. I would say, i also kept the team updated so we could move forward without too much confusion I spoke with the people involved, clarified the immediate problem, and suggested a simple plan so we could move forward. The issue was resolved without major delay, and I learned the value of setting clearer ownership earlier. What would you change if the same situation happened again?",average,5,5,5,strong business impact
320,Tell me about a time you had to deliver while things felt chaotic.,pressure,"This example comes from a team assignment where we had a deadline and a few unresolved blockers. basically, i stayed calm, documented the options, and asked for help where it would change the outcome fastest I clarified the immediate issue, spoke with the people involved, and suggested a simple plan to move forward. We got the work back on track, and the team had a clearer way to handle similar situations after that.",average,6,4,4,reflection
321,Tell me about a time you aligned people through communication.,communication,"I think this happened when our team was under pressure and we had some confusion. to be honest, kind of, During a release discussion, several teams were using slightly different definitions of success I mostly tried to help and talk to people, but I was not very structured. We eventually finished, though the outcome was only okay and I realized I should have communicated more clearly.",weak,4,4,3,"decision process, result"
321,Tell me about a time your decision created a problem.,failure,"This happened during a high-visibility project where the timeline and coordination really mattered. to be honest, i documented the decision path, followed up on ownership, and kept stakeholders aligned I created clarity around the problem, documented the decision path, and followed through until the outcome stabilized. I first clarified the success criteria and the actual risk to the timeline What made it harder was that not everyone was aligned at the beginning. We delivered successfully with better coordination, and the process became a repeatable pattern for future projects.",strong,8,10,9,deeper reflection
322,Tell me about a time you led without formal authority.,leadership,"This example comes from a team project where we were balancing delivery deadlines with a few unresolved blockers. honestly, the team delivered on time and people kept using the structure I introduced even after the project milestone I listened to different perspectives, summarized the tradeoffs, and helped the group agree on a practical next action. We delivered the work on time, and the team had a clearer way to handle similar situations after that. What specifically was hard about the situation?",average,7,5,4,metrics
322,Tell me about a time teamwork helped solve a difficult problem.,teamwork,"This was during a team project and honestly things were already a bit messy. honestly, to be honest, In a group project, different people owned research, coding, and presentation tasks under a tight timeline I did what I could in the moment, though I probably should have organized things better. I tried to help and talk to people, but I was not very structured about it What made it harder was that not everyone was aligned at the beginning. The situation settled down later, but it made me realize I needed to be more specific and organized.",weak,4,4,2,"clear structure, reflection"
323,Describe a time you influenced a group to move in a better direction.,leadership,"This example comes from a team project where we were balancing delivery deadlines with a few unresolved blockers. I volunteered to run short syncs, summarize blockers, and keep the team focused on the highest-risk work first I listened to different perspectives, summarized the tradeoffs, and helped the group agree on a practical next action. We delivered the work on time, and the team had a clearer way to handle similar situations after that.",average,7,4,5,clear reflection
323,Tell me about a time you collaborated effectively with others.,teamwork,"This happened during a project where expectations changed and the team had to adjust quickly. I made communication simpler by keeping one shared tracker, one update rhythm, and one source of truth I listened to different viewpoints, summarized the tradeoffs, and helped the group agree on a practical action. The issue was resolved without a major delay, and I learned the value of clearer ownership up front.",average,7,5,6,strong impact
324,Tell me about a time you took accountability for a messy situation.,ownership,"This happened during a product release where the team had to move quickly while expectations were changing. basically, in a capstone project, one important task kept slipping because responsibility was fragmented I broke the issue into smaller actions, aligned with the team lead, and followed up so everyone knew the next step. The issue was resolved without major delay, and I learned the value of setting clearer ownership earlier.",average,7,5,5,metrics
324,Describe a time intense deadlines changed how you worked.,pressure,"This situation came up during a cross-functional effort where I had to balance speed, clarity, and execution. if I am being real, we got through the deadline without unnecessary panic and delivered the most important work successfully I gathered missing context, aligned stakeholders on the tradeoffs, and drove a structured recovery plan. We recovered the timeline, improved alignment across the team, and reused the same approach in later work.",strong,8,7,9,
325,Describe a disagreement you handled inside a project team.,conflict,"This example comes from a team project where we were balancing delivery deadlines with a few unresolved blockers. I summarized the actual blocker, clarified decisions that were emotional versus technical, and proposed a simple ownership split I broke the issue into smaller actions, aligned with the team lead, and followed up so everyone knew the next step. We delivered the work on time, and the team had a clearer way to handle similar situations after that.",average,6,6,6,metrics
325,Tell me about a time cross-functional collaboration made the difference.,teamwork,"This came up during an internship task, and I was kind of figuring things out as I went. to be honest, On a hackathon team, we had mixed experience levels and limited time to get aligned I mostly tried to help and talk through it, but I was not very structured. I tried to help and talk to people, but I was not very structured about it Things improved a little, but the result was not very strong and I learned I needed better structure.",weak,3,2,1,"decision rationale, result"
326,Describe a time the first solution did not work.,challenge,"This came up in an internship project, and I remember feeling a bit lost at the start. honestly, to be honest, At an internship, a performance issue appeared only under realistic load I tried to respond quickly, but I did not really frame the problem in a strong way. The situation settled down later, but it showed me that I need to be more organized and specific. Walk me through this example in a little more detail.",weak,3,2,2,"measurable result, ownership, specific context"
326,Describe a conflict that could have slowed the project down.,conflict,"This happened during a project where expectations changed and the team had to adjust quickly. kind of, during a hackathon follow-up project, communication friction started affecting handoffs I broke the problem into smaller actions, aligned with the team, and followed up on the next steps. I also kept the team updated so we could move forward without too much confusion The issue was resolved without a major delay, and I learned the value of clearer ownership up front.",average,6,4,4,reflection
327,Describe a time you solved a problem before it became bigger.,initiative,"It was during a project in college and honestly I did not have a very clear plan at first. basically, i tried to help and talk to people, but I was not very structured about it I spoke with the team and did what I could, though I probably should have organized it better. The situation settled down later, but it showed me that I need to be more organized and specific. How did you make sure the team stayed aligned?",weak,2,2,3,"decision process, result"
327,Tell me about a time you had to move without a full answer.,ambiguity,"This happened during a high-visibility project where the timeline and coordination really mattered. I documented the decision path, followed up on ownership, and kept stakeholders aligned I gathered missing context, aligned stakeholders on the tradeoffs, and drove a structured recovery plan. The tricky part was that the situation changed while we were already executing. The team hit the revised milestone, reduced confusion, and my manager called out the clarity of the execution.",strong,10,9,7,
328,Describe a time uncertainty made execution difficult.,ambiguity,"This happened during a product release where the team had to move quickly while expectations were changing. I also kept the team updated so we could move forward without too much confusion I broke the issue into smaller actions, aligned with the team lead, and followed up so everyone knew the next step. We delivered the work on time, and the team had a clearer way to handle similar situations after that. What would you change if the same situation happened again?",average,6,4,4,clear reflection
328,Tell me about a time your team depended on strong collaboration.,teamwork,"I remember this happening in college, and I did not really have a clear plan at first. I shared progress and risks openly, which made it easier for others to adjust their work in time We finished with less confusion and much better visibility than at the start I tried to respond quickly, but I did not really define the problem clearly. The situation settled down later, but it made me realize I needed to be more specific and organized.",weak,3,2,3,"context, result, specific actions"
329,Tell me about a time you aligned people through communication.,communication,"I dealt with this during an internship project where I owned a key workflow that directly affected the team timeline. I summarized key points in writing afterward so the alignment did not disappear after the meeting I first clarified the success criteria, then mapped the blockers, assigned clear owners, and set short checkpoints to keep momentum. We recovered the timeline, improved stakeholder trust, and the process I introduced was reused in later work. Walk me through this example in a little more detail.",strong,7,7,7,deeper reflection
329,Tell me about a time you stepped in because something needed a real owner.,ownership,"This example comes from a team assignment where we had a deadline and a few unresolved blockers. honestly, during a release cycle, a handoff issue was hurting quality but was not clearly assigned to one person I listened to different viewpoints, summarized the tradeoffs, and helped the group agree on a practical action. We got the work back on track, and the team had a clearer way to handle similar situations after that.",average,6,6,5,reflection
330,Describe a failure that taught you something important.,failure,"This happened during a high-visibility release when I was coordinating engineering work across multiple stakeholders. I first clarified the success criteria and the actual risk to the timeline I first clarified the success criteria, then mapped the blockers, assigned clear owners, and set short checkpoints to keep momentum. We recovered the timeline, improved stakeholder trust, and the process I introduced was reused in later work.",strong,8,7,9,
330,Describe a time a deadline or high-stakes situation tested you.,pressure,"I dealt with this in an internship where my work directly affected delivery for the broader team. In a project presentation cycle, several problems surfaced right before the final deadline I clarified the success criteria, mapped the blockers, assigned clear owners, and set checkpoints to keep things moving. The pressure was real, but the team stayed coordinated because the priorities were clear We delivered successfully with better coordination, and the process became a repeatable pattern for future projects.",strong,7,9,9,
331,Tell me about a time you failed and what you learned.,failure,"This example comes from a team project where we were balancing delivery deadlines with a few unresolved blockers. I also kept the team updated so we could move forward without too much confusion I spoke with the people involved, clarified the immediate problem, and suggested a simple plan so we could move forward. The issue was resolved without major delay, and I learned the value of setting clearer ownership earlier.",average,7,5,5,metrics
331,Tell me about a time you created structure in an ambiguous situation.,ambiguity,"This was during a team project and honestly things were already a bit messy. kind of, In a student build, feedback kept changing while implementation had already started I mostly tried to help and talk through it, but I was not very structured. The tricky part was that the situation changed while we were already executing. Things improved a little, but the result was not very strong and I learned I needed better structure.",weak,2,3,3,"decision rationale, result"
332,Tell me about a time you missed the mark.,failure,"I think this happened when our team was under pressure and we had some confusion. basically, i tried to help and talk to people, but I was not very structured about it I tried to respond quickly, but I did not really frame the problem in a strong way. In the end things improved a little, but the result was not very strong and I learned I needed better structure.",weak,3,3,2,"clear structure, metrics"
332,Tell me about a time you had to deliver difficult information clearly.,communication,"I faced this situation during an internship when priorities shifted halfway through the work. to be honest, at an internship, a vague update caused confusion about whether a blocker was resolved I clarified the immediate issue, spoke with the people involved, and suggested a simple plan to move forward. Looking back, I would set expectations much sooner next time. We got the work back on track, and the team had a clearer way to handle similar situations after that.",average,5,5,5,strong impact
333,Describe a time you responded effectively to time pressure.,pressure,"This happened during a high-visibility release when I was coordinating engineering work across multiple stakeholders. I documented the decision path, followed up on ownership, and kept stakeholders aligned I first clarified the success criteria, then mapped the blockers, assigned clear owners, and set short checkpoints to keep momentum. We delivered successfully with better alignment, and the approach became a repeatable pattern for future projects.",strong,10,9,7,
333,Describe a time you created alignment across multiple people.,leadership,"This happened during a high-visibility project where the timeline and coordination really mattered. During an internship, a feature had many moving parts but no clear day-to-day coordinator I gathered missing context, aligned stakeholders on the tradeoffs, and drove a structured recovery plan. I documented the decision path, followed up on ownership, and kept stakeholders aligned We delivered successfully with better coordination, and the process became a repeatable pattern for future projects.",strong,10,8,10,deeper reflection
334,Describe a time urgent work forced you to prioritize carefully.,pressure,"I faced this situation in an internship when the project owner changed priorities halfway through the sprint. I also kept the team updated so we could move forward without too much confusion I spoke with the people involved, clarified the immediate problem, and suggested a simple plan so we could move forward. The project got back on track, and the team appreciated having a more structured way to communicate progress.",average,6,6,6,clear reflection
334,Tell me about a time you made sure nothing fell through the cracks.,ownership,"This was during a team project and honestly things were already a bit messy. I pushed past the easy handoff point and stayed engaged until the downstream impact looked healthy too The result was stronger because I stayed engaged after the first fix instead of assuming it was done I mostly tried to help and talk through it, but I was not very structured. I tried to help and talk to people, but I was not very structured about it The tricky part was that the situation changed while we were already executing. Things improved a little, but the result was not very strong and I learned I needed better structure.",weak,4,3,3,"metrics, ownership"
335,Describe a time your plan did not work.,failure,"This example comes from a team project where we were balancing delivery deadlines with a few unresolved blockers. At school, I took on too much work personally instead of distributing it earlier I spoke with the people involved, clarified the immediate problem, and suggested a simple plan so we could move forward. The project got back on track, and the team appreciated having a more structured way to communicate progress.",average,6,5,4,clear reflection
335,Describe a team effort where communication mattered as much as execution.,teamwork,"I faced this situation during an internship when priorities shifted halfway through the work. I also kept the team updated so we could move forward without too much confusion I broke the problem into smaller actions, aligned with the team, and followed up on the next steps. We finished with less confusion and much better visibility than at the start The issue was resolved without a major delay, and I learned the value of clearer ownership up front.",average,6,6,4,metrics
336,Describe a challenge that made you change course.,challenge,"This situation came up on a cross-functional initiative where my decisions influenced both execution speed and delivery quality. I balanced persistence with realism, which meant changing the design once the facts clearly supported it I gathered the missing context, aligned stakeholders on tradeoffs, and led a step-by-step recovery plan with visible follow-through. We delivered successfully with better alignment, and the approach became a repeatable pattern for future projects.",strong,9,10,9,
336,Describe a time you went beyond execution and owned the outcome.,ownership,"I dealt with this in an internship where my work directly affected delivery for the broader team. honestly, during a release cycle, a handoff issue was hurting quality but was not clearly assigned to one person I gathered missing context, aligned stakeholders on the tradeoffs, and drove a structured recovery plan. I documented the decision path, followed up on ownership, and kept stakeholders aligned Looking back, I would set expectations much sooner next time. We delivered successfully with better coordination, and the process became a repeatable pattern for future projects.",strong,10,10,7,
337,Describe a time you went beyond execution and owned the outcome.,ownership,"It was during a project in college and honestly I did not have a very clear plan at first. I made ownership explicit, closed loops with others, and did not assume silence meant things were handled The problem stopped bouncing between people and the resolution happened faster I mostly tried to help and talk to people, but I was not very structured. We eventually finished, though the outcome was only okay and I realized I should have communicated more clearly.",weak,3,3,3,"clear structure, metrics"
337,Describe a time you responded effectively to time pressure.,pressure,"This was during a team project and honestly things were already a bit messy. I made quick tradeoff decisions but explained them clearly so the team stayed aligned We avoided a bigger failure by staying disciplined under pressure I mostly tried to help and talk through it, but I was not very structured. One thing I learned from that was that I needed to communicate earlier. We finished eventually, though the outcome was only okay and it showed me I should have communicated earlier.",weak,2,4,3,"clear structure, reflection"
338,Describe a time you improved outcomes by communicating better.,communication,"This example comes from a team project where we were balancing delivery deadlines with a few unresolved blockers. honestly, in a project review, I needed to present a complex issue in a way leadership could act on quickly I spoke with the people involved, clarified the immediate problem, and suggested a simple plan so we could move forward. The project got back on track, and the team appreciated having a more structured way to communicate progress.",average,6,5,6,clear reflection
338,Describe a time you had to collaborate across roles or backgrounds.,teamwork,"This happened during a project where expectations changed and the team had to adjust quickly. On a hackathon team, we had mixed experience levels and limited time to get aligned I listened to different viewpoints, summarized the tradeoffs, and helped the group agree on a practical action. I also kept the team updated so we could move forward without too much confusion The issue was resolved without a major delay, and I learned the value of clearer ownership up front.",average,6,5,5,strong impact
339,Describe a time you managed risk during a very busy stretch.,pressure,"I think this happened when our team was under pressure and we had some confusion. I would say, i avoided trying to fix everything at once and instead focused on the highest-risk path We recovered enough to meet the key milestone, and I learned how much clarity matters when time is tight I mostly tried to help and talk to people, but I was not very structured. In the end things improved a little, but the result was not very strong and I learned I needed better structure.",weak,2,2,3,"measurable result, ownership, specific context"
339,Describe a time uncertainty made execution difficult.,ambiguity,"This happened during a high-visibility project where the timeline and coordination really mattered. I documented the decision path, followed up on ownership, and kept stakeholders aligned I clarified the success criteria, mapped the blockers, assigned clear owners, and set checkpoints to keep things moving. I documented the decisions we were making under uncertainty and what would cause us to revisit them One thing I learned from that was that I needed to communicate earlier. The team hit the revised milestone, reduced confusion, and my manager called out the clarity of the execution.",strong,7,7,7,
340,Describe a time your communication changed a decision.,communication,"This situation came up on a cross-functional initiative where my decisions influenced both execution speed and delivery quality. I first clarified the success criteria and the actual risk to the timeline I created structure around the ambiguity, documented the decision path, and personally drove execution until the outcome stabilized. We recovered the timeline, improved stakeholder trust, and the process I introduced was reused in later work.",strong,10,8,10,
340,Describe a time your communication changed a decision.,communication,"This was during a team project and honestly things were already a bit messy. I tried to help and talk to people, but I was not very structured about it I did what I could in the moment, though I probably should have organized things better. I summarized key points in writing afterward so the alignment did not disappear after the meeting We avoided wasted work because expectations became clear before implementation continued We finished eventually, though the outcome was only okay and it showed me I should have communicated earlier.",weak,4,4,3,"decision rationale, result"
341,Tell me about a time you aligned people through communication.,communication,"This happened during a product release where the team had to move quickly while expectations were changing. I summarized key points in writing afterward so the alignment did not disappear after the meeting I broke the issue into smaller actions, aligned with the team lead, and followed up so everyone knew the next step. We delivered the work on time, and the team had a clearer way to handle similar situations after that.",average,5,4,6,clear reflection
341,Describe a time you owned a problem end to end.,ownership,"This example comes from a team assignment where we had a deadline and a few unresolved blockers. I also kept the team updated so we could move forward without too much confusion I broke the problem into smaller actions, aligned with the team, and followed up on the next steps. The delivery quality improved, and the team had more confidence because ownership was visible We got the work back on track, and the team had a clearer way to handle similar situations after that.",average,5,4,6,reflection
342,Tell me about a time you had to stay calm in a stressful situation.,pressure,"This came up in an internship project, and I remember feeling a bit lost at the start. to be honest, In a campus project, a critical dependency slipped and compressed the remaining timeline I spoke with the team and did what I could, though I probably should have organized it better. In the end things improved a little, but the result was not very strong and I learned I needed better structure.",weak,3,4,3,"clear structure, metrics"
342,Describe a disagreement you handled inside a project team.,conflict,"I dealt with this in an internship where my work directly affected delivery for the broader team. if I am being real, in a college capstone project, design and engineering kept blaming each other for delays I created clarity around the problem, documented the decision path, and followed through until the outcome stabilized. I first clarified the success criteria and the actual risk to the timeline We delivered successfully with better coordination, and the process became a repeatable pattern for future projects.",strong,10,10,7,deeper reflection
343,Tell me about a time you noticed a gap and stepped in.,initiative,"It was during a project in college and honestly I did not have a very clear plan at first. I started small, collected feedback, and improved the idea before asking the full team to change habits The initiative improved delivery speed and made my work more trusted because it helped the whole team I spoke with the team and did what I could, though I probably should have organized it better. In the end things improved a little, but the result was not very strong and I learned I needed better structure. How did you make sure the team stayed aligned?",weak,4,3,3,"clear structure, metrics"
343,Describe a time you responded effectively to time pressure.,pressure,"This was during a team project and honestly things were already a bit messy. honestly, to be honest, In a campus project, a critical dependency slipped and compressed the remaining timeline I mostly tried to help and talk through it, but I was not very structured. The situation settled down later, but it made me realize I needed to be more specific and organized.",weak,3,4,3,"decision rationale, result"
344,Tell me about a time you stepped in because something needed a real owner.,ownership,"This came up in an internship project, and I remember feeling a bit lost at the start. I would say, i made ownership explicit, closed loops with others, and did not assume silence meant things were handled The problem stopped bouncing between people and the resolution happened faster I mostly tried to help and talk to people, but I was not very structured. The situation settled down later, but it showed me that I need to be more organized and specific.",weak,2,2,1,"decision process, result"
344,Describe a time you improved something proactively.,initiative,"I faced this situation during an internship when priorities shifted halfway through the work. if I am being real, i also kept the team updated so we could move forward without too much confusion I listened to different viewpoints, summarized the tradeoffs, and helped the group agree on a practical action. The project recovered, and people appreciated having a more structured way to communicate progress.",average,5,5,5,strong impact
345,Describe a time you improved outcomes by communicating better.,communication,"This example comes from a team project where we were balancing delivery deadlines with a few unresolved blockers. basically, i also kept the team updated so we could move forward without too much confusion I broke the issue into smaller actions, aligned with the team lead, and followed up so everyone knew the next step. The issue was resolved without major delay, and I learned the value of setting clearer ownership earlier. What would you change if the same situation happened again?",average,6,4,4,strong business impact
345,Tell me about a time you led without formal authority.,leadership,"I dealt with this in an internship where my work directly affected delivery for the broader team. During an internship, a feature had many moving parts but no clear day-to-day coordinator I clarified the success criteria, mapped the blockers, assigned clear owners, and set checkpoints to keep things moving. I documented the decision path, followed up on ownership, and kept stakeholders aligned We recovered the timeline, improved alignment across the team, and reused the same approach in later work.",strong,8,10,10,deeper reflection
346,Describe a time you owned a problem end to end.,ownership,"I dealt with this during an internship project where I owned a key workflow that directly affected the team timeline. The delivery quality improved, and the team had more confidence because ownership was visible I gathered the missing context, aligned stakeholders on tradeoffs, and led a step-by-step recovery plan with visible follow-through. We delivered successfully with better alignment, and the approach became a repeatable pattern for future projects.",strong,8,10,8,deeper reflection
346,Tell me about a time you created structure in an ambiguous situation.,ambiguity,"This came up during an internship task, and I was kind of figuring things out as I went. kind of, In a student build, feedback kept changing while implementation had already started I did what I could in the moment, though I probably should have organized things better. One thing I learned from that was that I needed to communicate earlier. Things improved a little, but the result was not very strong and I learned I needed better structure.",weak,4,3,2,"context, result, specific actions"
347,Tell me about a time you improved the way a team worked together.,teamwork,"It was during a project in college and honestly I did not have a very clear plan at first. I tried to help and talk to people, but I was not very structured about it I tried to respond quickly, but I did not really frame the problem in a strong way. The situation settled down later, but it showed me that I need to be more organized and specific. What would you change if the same situation happened again?",weak,3,2,3,"measurable result, ownership, specific context"
347,Tell me about a time you stepped in because something needed a real owner.,ownership,"I faced this situation during an internship when priorities shifted halfway through the work. The problem stopped bouncing between people and the resolution happened faster I listened to different viewpoints, summarized the tradeoffs, and helped the group agree on a practical action. I also kept the team updated so we could move forward without too much confusion We got the work back on track, and the team had a clearer way to handle similar situations after that.",average,5,5,4,reflection
348,Tell me about a time you had to deliver difficult information clearly.,communication,"I dealt with this during an internship project where I owned a key workflow that directly affected the team timeline. The communication helped stakeholders make a timely decision and trust the rationale behind it I gathered the missing context, aligned stakeholders on tradeoffs, and led a step-by-step recovery plan with visible follow-through. The team hit the revised milestone, reduced confusion across functions, and my manager highlighted the clarity of my execution. What would you change if the same situation happened again?",strong,8,7,9,deeper reflection
348,Describe a team effort where communication mattered as much as execution.,teamwork,"This situation came up during a cross-functional effort where I had to balance speed, clarity, and execution. kind of, i shared progress and risks openly, which made it easier for others to adjust their work in time I created clarity around the problem, documented the decision path, and followed through until the outcome stabilized. We recovered the timeline, improved alignment across the team, and reused the same approach in later work.",strong,9,8,9,
349,Describe a time leadership was needed even though you were not the official owner.,leadership,"This situation came up on a cross-functional initiative where my decisions influenced both execution speed and delivery quality. I documented the decision path, followed up on ownership, and kept stakeholders aligned I first clarified the success criteria, then mapped the blockers, assigned clear owners, and set short checkpoints to keep momentum. We recovered the timeline, improved stakeholder trust, and the process I introduced was reused in later work.",strong,10,7,7,
349,Tell me about a time your decision created a problem.,failure,"I remember this happening in college, and I did not really have a clear plan at first. I documented what I got wrong, asked for feedback, and changed how I planned similar work later I earned trust back by being accountable and applying the lesson in the next project I did what I could in the moment, though I probably should have organized things better. honestly, In a student project, I assumed a task would be quick and did not surface risk early enough Looking back, I would set expectations much sooner next time. Things improved a little, but the result was not very strong and I learned I needed better structure.",weak,3,3,2,"context, result, specific actions"
350,Tell me about a time you had to repair a working relationship.,conflict,"This example comes from a team project where we were balancing delivery deadlines with a few unresolved blockers. I also kept the team updated so we could move forward without too much confusion I spoke with the people involved, clarified the immediate problem, and suggested a simple plan so we could move forward. The issue was resolved without major delay, and I learned the value of setting clearer ownership earlier.",average,7,4,4,metrics
350,Describe a time you led execution when the team needed clarity.,leadership,"This example comes from a team assignment where we had a deadline and a few unresolved blockers. I documented decisions and followed through on the details so the momentum did not fade after meetings I listened to different viewpoints, summarized the tradeoffs, and helped the group agree on a practical action. I also kept the team updated so we could move forward without too much confusion The issue was resolved without a major delay, and I learned the value of clearer ownership up front.",average,5,6,5,deeper ownership
351,Describe a time you led execution when the team needed clarity.,leadership,"I faced this situation in an internship when the project owner changed priorities halfway through the sprint. kind of, we hit the target with less last-minute churn than expected I listened to different perspectives, summarized the tradeoffs, and helped the group agree on a practical next action. We delivered the work on time, and the team had a clearer way to handle similar situations after that. How did you make sure the team stayed aligned?",average,5,5,4,clear reflection
351,Tell me about a time you learned from an avoidable miss.,failure,"This situation came up during a cross-functional effort where I had to balance speed, clarity, and execution. kind of, i first clarified the success criteria and the actual risk to the timeline I clarified the success criteria, mapped the blockers, assigned clear owners, and set checkpoints to keep things moving. I made a habit of validating assumptions earlier and communicating uncertainty with more precision Looking back, I would set expectations much sooner next time. The team hit the revised milestone, reduced confusion, and my manager called out the clarity of the execution.",strong,10,9,7,
352,Tell me about a time you collaborated effectively with others.,teamwork,"This happened during a product release where the team had to move quickly while expectations were changing. I would say, during my internship, engineering, design, and QA all depended on each other to ship one workflow I listened to different perspectives, summarized the tradeoffs, and helped the group agree on a practical next action. The project got back on track, and the team appreciated having a more structured way to communicate progress.",average,7,4,5,metrics
352,Tell me about a time you used communication to remove confusion.,communication,"This came up during an internship task, and I was kind of figuring things out as I went. I replaced jargon with plain language, used a simple example, and confirmed understanding before moving on The message landed well because the audience understood both the risk and the recommended path I mostly tried to help and talk through it, but I was not very structured. The situation settled down later, but it made me realize I needed to be more specific and organized.",weak,3,3,1,"metrics, ownership"
353,Describe a time a message had to be adjusted for the audience.,communication,"This situation came up on a cross-functional initiative where my decisions influenced both execution speed and delivery quality. At an internship, a vague update caused confusion about whether a blocker was resolved I created structure around the ambiguity, documented the decision path, and personally drove execution until the outcome stabilized. The team hit the revised milestone, reduced confusion across functions, and my manager highlighted the clarity of my execution.",strong,9,10,8,
353,Tell me about a time you had to stay calm in a stressful situation.,pressure,"This happened during a project where expectations changed and the team had to adjust quickly. basically, i also kept the team updated so we could move forward without too much confusion I listened to different viewpoints, summarized the tradeoffs, and helped the group agree on a practical action. The issue was resolved without a major delay, and I learned the value of clearer ownership up front.",average,5,6,4,deeper ownership
354,Describe a time you solved a problem before it became bigger.,initiative,"This situation came up on a cross-functional initiative where my decisions influenced both execution speed and delivery quality. The team saved time, the process felt smoother, and the change stuck because it solved a real pain point I created structure around the ambiguity, documented the decision path, and personally drove execution until the outcome stabilized. We delivered successfully with better alignment, and the approach became a repeatable pattern for future projects.",strong,9,8,7,
354,Describe a time you created alignment across multiple people.,leadership,"I dealt with this in an internship where my work directly affected delivery for the broader team. The team delivered on time and people kept using the structure I introduced even after the project milestone I created clarity around the problem, documented the decision path, and followed through until the outcome stabilized. During an internship, a feature had many moving parts but no clear day-to-day coordinator The tricky part was that the situation changed while we were already executing. We delivered successfully with better coordination, and the process became a repeatable pattern for future projects.",strong,10,9,10,deeper reflection
355,Tell me about a time you created structure in an ambiguous situation.,ambiguity,"I faced this situation in an internship when the project owner changed priorities halfway through the sprint. In a student build, feedback kept changing while implementation had already started I broke the issue into smaller actions, aligned with the team lead, and followed up so everyone knew the next step. The project got back on track, and the team appreciated having a more structured way to communicate progress. Walk me through this example in a little more detail.",average,6,4,5,clear reflection
355,Describe a time a message had to be adjusted for the audience.,communication,"This was during a team project and honestly things were already a bit messy. basically, At an internship, a vague update caused confusion about whether a blocker was resolved I did what I could in the moment, though I probably should have organized things better. Things improved a little, but the result was not very strong and I learned I needed better structure.",weak,2,2,2,"decision rationale, result"
356,Tell me about a setback that changed how you work.,failure,"This example comes from a team project where we were balancing delivery deadlines with a few unresolved blockers. I also kept the team updated so we could move forward without too much confusion I broke the issue into smaller actions, aligned with the team lead, and followed up so everyone knew the next step. The project got back on track, and the team appreciated having a more structured way to communicate progress.",average,5,4,6,metrics
356,Tell me about a time you created value without formal ownership.,initiative,"This example comes from a team assignment where we had a deadline and a few unresolved blockers. I also kept the team updated so we could move forward without too much confusion I listened to different viewpoints, summarized the tradeoffs, and helped the group agree on a practical action. The project recovered, and people appreciated having a more structured way to communicate progress.",average,6,5,5,metrics
357,Describe a time you created alignment across multiple people.,leadership,"I dealt with this during an internship project where I owned a key workflow that directly affected the team timeline. During an internship, a feature had many moving parts but no clear day-to-day coordinator I created structure around the ambiguity, documented the decision path, and personally drove execution until the outcome stabilized. We delivered successfully with better alignment, and the approach became a repeatable pattern for future projects. How did you make sure the team stayed aligned?",strong,9,8,10,deeper reflection
357,Tell me about a time you had to deliver while things felt chaotic.,pressure,"I dealt with this in an internship where my work directly affected delivery for the broader team. if I am being real, the situation stabilized quickly because we stopped multitasking and focused on the right fixes I gathered missing context, aligned stakeholders on the tradeoffs, and drove a structured recovery plan. The team hit the revised milestone, reduced confusion, and my manager called out the clarity of the execution.",strong,7,9,9,
358,Describe a time your communication changed a decision.,communication,"I faced this situation in an internship when the project owner changed priorities halfway through the sprint. We avoided wasted work because expectations became clear before implementation continued I spoke with the people involved, clarified the immediate problem, and suggested a simple plan so we could move forward. The project got back on track, and the team appreciated having a more structured way to communicate progress.",average,6,5,5,metrics
358,Tell me about a time teamwork helped solve a difficult problem.,teamwork,"This was during a team project and honestly things were already a bit messy. if I am being real, to be honest, In a group project, different people owned research, coding, and presentation tasks under a tight timeline I mostly tried to help and talk through it, but I was not very structured. The tricky part was that the situation changed while we were already executing. The situation settled down later, but it made me realize I needed to be more specific and organized.",weak,3,4,1,"decision rationale, result"
359,Tell me about a setback that changed how you work.,failure,"I dealt with this during an internship project where I owned a key workflow that directly affected the team timeline. I first clarified the success criteria and the actual risk to the timeline I first clarified the success criteria, then mapped the blockers, assigned clear owners, and set short checkpoints to keep momentum. The team hit the revised milestone, reduced confusion across functions, and my manager highlighted the clarity of my execution. Walk me through this example in a little more detail.",strong,8,10,9,
359,Describe a time you influenced a group to move in a better direction.,leadership,"This example comes from a team assignment where we had a deadline and a few unresolved blockers. basically, i volunteered to run short syncs, summarize blockers, and keep the team focused on the highest-risk work first I broke the problem into smaller actions, aligned with the team, and followed up on the next steps. We got the work back on track, and the team had a clearer way to handle similar situations after that.",average,5,4,5,deeper ownership
360,Describe a time you owned a problem end to end.,ownership,"This came up in an internship project, and I remember feeling a bit lost at the start. I kept the full picture visible, not just my individual task, and followed up until the problem was actually closed The delivery quality improved, and the team had more confidence because ownership was visible I mostly tried to help and talk to people, but I was not very structured. The situation settled down later, but it showed me that I need to be more organized and specific.",weak,2,3,1,"measurable result, ownership, specific context"
360,Tell me about a time your communication made a difference.,communication,"I dealt with this in an internship where my work directly affected delivery for the broader team. I adjusted the level of detail for the audience and focused on the decision they actually needed to make I created clarity around the problem, documented the decision path, and followed through until the outcome stabilized. I documented the decision path, followed up on ownership, and kept stakeholders aligned One thing I learned from that was that I needed to communicate earlier. We delivered successfully with better coordination, and the process became a repeatable pattern for future projects.",strong,8,10,8,
361,Describe a time you went beyond execution and owned the outcome.,ownership,"I dealt with this during an internship project where I owned a key workflow that directly affected the team timeline. I first clarified the success criteria and the actual risk to the timeline I gathered the missing context, aligned stakeholders on tradeoffs, and led a step-by-step recovery plan with visible follow-through. We recovered the timeline, improved stakeholder trust, and the process I introduced was reused in later work.",strong,9,10,10,deeper reflection
361,Tell me about a time you created structure in an ambiguous situation.,ambiguity,"I remember this happening in college, and I did not really have a clear plan at first. kind of, In a student build, feedback kept changing while implementation had already started I tried to respond quickly, but I did not really define the problem clearly. I tried to help and talk to people, but I was not very structured about it Things improved a little, but the result was not very strong and I learned I needed better structure.",weak,3,2,2,"metrics, ownership"
362,Describe a time uncertainty made execution difficult.,ambiguity,"This happened during a high-visibility release when I was coordinating engineering work across multiple stakeholders. The work moved forward without reckless guessing because assumptions were explicit and tested I created structure around the ambiguity, documented the decision path, and personally drove execution until the outcome stabilized. The team hit the revised milestone, reduced confusion across functions, and my manager highlighted the clarity of my execution.",strong,7,7,8,
362,Describe a time a message had to be adjusted for the audience.,communication,"I faced this situation during an internship when priorities shifted halfway through the work. The communication helped stakeholders make a timely decision and trust the rationale behind it I listened to different viewpoints, summarized the tradeoffs, and helped the group agree on a practical action. We got the work back on track, and the team had a clearer way to handle similar situations after that.",average,6,4,5,strong impact
363,Tell me about a time you learned from an avoidable miss.,failure,"I faced this situation in an internship when the project owner changed priorities halfway through the sprint. to be honest, at school, I took on too much work personally instead of distributing it earlier I listened to different perspectives, summarized the tradeoffs, and helped the group agree on a practical next action. The project got back on track, and the team appreciated having a more structured way to communicate progress.",average,7,5,5,metrics
363,Tell me about a time you had to rethink your approach to a challenge.,challenge,"This situation came up during a cross-functional effort where I had to balance speed, clarity, and execution. I first clarified the success criteria and the actual risk to the timeline I clarified the success criteria, mapped the blockers, assigned clear owners, and set checkpoints to keep things moving. I balanced persistence with realism, which meant changing the design once the facts clearly supported it The team hit the revised milestone, reduced confusion, and my manager called out the clarity of the execution.",strong,9,7,10,
364,Tell me about a time your decision created a problem.,failure,"I think this happened when our team was under pressure and we had some confusion. I would say, i tried to help and talk to people, but I was not very structured about it I tried to respond quickly, but I did not really frame the problem in a strong way. In the end things improved a little, but the result was not very strong and I learned I needed better structure.",weak,3,4,1,"decision process, result"
364,Tell me about a time you had to reduce ambiguity for others.,ambiguity,"This came up during an internship task, and I was kind of figuring things out as I went. to be honest, At an internship, the team knew something needed improvement but not yet which direction would work best I did what I could in the moment, though I probably should have organized things better. The tricky part was that the situation changed while we were already executing. Things improved a little, but the result was not very strong and I learned I needed better structure.",weak,3,4,1,"clear structure, reflection"
365,Tell me about a time you worked through ambiguity.,ambiguity,"This came up in an internship project, and I remember feeling a bit lost at the start. kind of, During an internship, a project started before the requirements were fully settled I spoke with the team and did what I could, though I probably should have organized it better. In the end things improved a little, but the result was not very strong and I learned I needed better structure.",weak,3,2,1,"decision process, result"
365,Describe a team effort where communication mattered as much as execution.,teamwork,"This happened during a project where expectations changed and the team had to adjust quickly. I shared progress and risks openly, which made it easier for others to adjust their work in time I clarified the immediate issue, spoke with the people involved, and suggested a simple plan to move forward. We finished with less confusion and much better visibility than at the start The issue was resolved without a major delay, and I learned the value of clearer ownership up front.",average,7,4,5,reflection
366,Describe a time your plan did not work.,failure,"This happened during a high-visibility release when I was coordinating engineering work across multiple stakeholders. I did not hide the mistake, and the learning from it prevented a similar issue later I first clarified the success criteria, then mapped the blockers, assigned clear owners, and set short checkpoints to keep momentum. The team hit the revised milestone, reduced confusion across functions, and my manager highlighted the clarity of my execution.",strong,10,7,8,
366,Describe a time you did more than the assigned work because it mattered.,initiative,"This happened during a high-visibility project where the timeline and coordination really mattered. honestly, i first clarified the success criteria and the actual risk to the timeline I created clarity around the problem, documented the decision path, and followed through until the outcome stabilized. We delivered successfully with better coordination, and the process became a repeatable pattern for future projects.",strong,10,8,8,
367,Describe a time you proactively improved team execution.,initiative,"This came up in an internship project, and I remember feeling a bit lost at the start. honestly, In a class project, repeated setup issues were wasting time for new teammates I spoke with the team and did what I could, though I probably should have organized it better. We eventually finished, though the outcome was only okay and I realized I should have communicated more clearly.",weak,3,2,2,"measurable result, ownership, specific context"
367,Describe a team effort where communication mattered as much as execution.,teamwork,"I remember this happening in college, and I did not really have a clear plan at first. kind of, At an internship, one deliverable required tight handoffs between backend, frontend, and product I tried to respond quickly, but I did not really define the problem clearly. I shared progress and risks openly, which made it easier for others to adjust their work in time We finished with less confusion and much better visibility than at the start One thing I learned from that was that I needed to communicate earlier. The situation settled down later, but it made me realize I needed to be more specific and organized.",weak,3,4,2,"clear structure, reflection"
368,Describe a time two people on your team were not aligned and you helped.,conflict,"This situation came up on a cross-functional initiative where my decisions influenced both execution speed and delivery quality. I first clarified the success criteria and the actual risk to the timeline I gathered the missing context, aligned stakeholders on tradeoffs, and led a step-by-step recovery plan with visible follow-through. We delivered successfully with better alignment, and the approach became a repeatable pattern for future projects. What specifically was hard about the situation?",strong,10,9,9,deeper reflection
368,Describe a time requirements were unclear and you still made progress.,ambiguity,"I faced this situation during an internship when priorities shifted halfway through the work. honestly, i also kept the team updated so we could move forward without too much confusion I listened to different viewpoints, summarized the tradeoffs, and helped the group agree on a practical action. In a product team, stakeholders agreed on the problem but not on the exact solution path One thing I learned from that was that I needed to communicate earlier. We got the work back on track, and the team had a clearer way to handle similar situations after that.",average,6,6,5,deeper ownership
369,Tell me about a time you had to reduce ambiguity for others.,ambiguity,"This example comes from a team project where we were balancing delivery deadlines with a few unresolved blockers. At an internship, the team knew something needed improvement but not yet which direction would work best I broke the issue into smaller actions, aligned with the team lead, and followed up so everyone knew the next step. We delivered the work on time, and the team had a clearer way to handle similar situations after that.",average,7,5,5,strong business impact
369,Describe a failure that taught you something important.,failure,"This situation came up during a cross-functional effort where I had to balance speed, clarity, and execution. basically, during an internship, I underestimated how much validation a feature needed before rollout I created clarity around the problem, documented the decision path, and followed through until the outcome stabilized. We delivered successfully with better coordination, and the process became a repeatable pattern for future projects.",strong,7,7,10,
370,Describe a time you earned followership instead of using title or role.,leadership,"This situation came up on a cross-functional initiative where my decisions influenced both execution speed and delivery quality. During a campus tech event, several volunteers were working hard but priorities were scattered I first clarified the success criteria, then mapped the blockers, assigned clear owners, and set short checkpoints to keep momentum. The team hit the revised milestone, reduced confusion across functions, and my manager highlighted the clarity of my execution. How did you make sure the team stayed aligned?",strong,8,9,10,deeper reflection
370,Tell me about a time you worked through ambiguity.,ambiguity,"This was during a team project and honestly things were already a bit messy. I turned ambiguity into smaller questions, gathered missing signals, and kept a visible list of assumptions We made steady progress instead of stalling, and the project direction became clearer as we learned more I tried to respond quickly, but I did not really define the problem clearly. I tried to help and talk to people, but I was not very structured about it We finished eventually, though the outcome was only okay and it showed me I should have communicated earlier.",weak,2,4,3,"decision rationale, result"
371,Describe a time you led execution when the team needed clarity.,leadership,"This situation came up on a cross-functional initiative where my decisions influenced both execution speed and delivery quality. I documented decisions and followed through on the details so the momentum did not fade after meetings I gathered the missing context, aligned stakeholders on tradeoffs, and led a step-by-step recovery plan with visible follow-through. We delivered successfully with better alignment, and the approach became a repeatable pattern for future projects.",strong,10,7,10,
371,Tell me about a time cross-functional collaboration made the difference.,teamwork,"I faced this situation during an internship when priorities shifted halfway through the work. On a hackathon team, we had mixed experience levels and limited time to get aligned I broke the problem into smaller actions, aligned with the team, and followed up on the next steps. One thing I learned from that was that I needed to communicate earlier. We got the work back on track, and the team had a clearer way to handle similar situations after that.",average,5,4,6,deeper ownership
372,Tell me about a time you missed the mark.,failure,"This situation came up on a cross-functional initiative where my decisions influenced both execution speed and delivery quality. I first clarified the success criteria and the actual risk to the timeline I created structure around the ambiguity, documented the decision path, and personally drove execution until the outcome stabilized. We recovered the timeline, improved stakeholder trust, and the process I introduced was reused in later work.",strong,9,8,9,deeper reflection
372,Tell me about a time you had to keep a team moving during disagreement.,conflict,"I dealt with this in an internship where my work directly affected delivery for the broader team. I documented the decision path, followed up on ownership, and kept stakeholders aligned I gathered missing context, aligned stakeholders on the tradeoffs, and drove a structured recovery plan. I first clarified the success criteria and the actual risk to the timeline The team hit the revised milestone, reduced confusion, and my manager called out the clarity of the execution.",strong,8,8,10,
373,Tell me about a time you treated the result as your responsibility.,ownership,"I think this happened when our team was under pressure and we had some confusion. I tried to help and talk to people, but I was not very structured about it I spoke with the team and did what I could, though I probably should have organized it better. In the end things improved a little, but the result was not very strong and I learned I needed better structure. How did you make sure the team stayed aligned?",weak,2,4,2,"decision process, result"
373,Tell me about a time you identified an issue early and acted.,initiative,"This was during a team project and honestly things were already a bit messy. I tried to help and talk to people, but I was not very structured about it I tried to respond quickly, but I did not really define the problem clearly. to be honest, At an internship, I saw a recurring communication gap between the feature owner and implementers The situation settled down later, but it made me realize I needed to be more specific and organized.",weak,4,3,1,"context, result, specific actions"
374,Tell me about a time you started something useful on your own.,initiative,"I faced this situation in an internship when the project owner changed priorities halfway through the sprint. I also kept the team updated so we could move forward without too much confusion I spoke with the people involved, clarified the immediate problem, and suggested a simple plan so we could move forward. The project got back on track, and the team appreciated having a more structured way to communicate progress.",average,6,5,5,metrics
374,Describe a time requirements were unclear and you still made progress.,ambiguity,"This happened during a project where expectations changed and the team had to adjust quickly. honestly, i proposed a narrow first step so we could learn quickly instead of waiting for perfect clarity I clarified the immediate issue, spoke with the people involved, and suggested a simple plan to move forward. I also kept the team updated so we could move forward without too much confusion We got the work back on track, and the team had a clearer way to handle similar situations after that.",average,6,6,5,deeper ownership
375,Describe a time you did more than the assigned work because it mattered.,initiative,"It was during a project in college and honestly I did not have a very clear plan at first. I started small, collected feedback, and improved the idea before asking the full team to change habits The initiative improved delivery speed and made my work more trusted because it helped the whole team I tried to respond quickly, but I did not really frame the problem in a strong way. We eventually finished, though the outcome was only okay and I realized I should have communicated more clearly.",weak,3,3,3,"decision process, result"
375,Tell me about a time you had to deliver while things felt chaotic.,pressure,"This happened during a high-visibility project where the timeline and coordination really mattered. The situation stabilized quickly because we stopped multitasking and focused on the right fixes I clarified the success criteria, mapped the blockers, assigned clear owners, and set checkpoints to keep things moving. I stayed calm, documented the options, and asked for help where it would change the outcome fastest The team hit the revised milestone, reduced confusion, and my manager called out the clarity of the execution.",strong,9,10,8,
376,Describe a time uncertainty made execution difficult.,ambiguity,"This example comes from a team project where we were balancing delivery deadlines with a few unresolved blockers. At an internship, the team knew something needed improvement but not yet which direction would work best I listened to different perspectives, summarized the tradeoffs, and helped the group agree on a practical next action. The issue was resolved without major delay, and I learned the value of setting clearer ownership earlier. What specifically was hard about the situation?",average,5,5,6,clear reflection
376,Describe a time changing information made planning harder.,ambiguity,"I remember this happening in college, and I did not really have a clear plan at first. to be honest, i checked in often with stakeholders so the direction became sharper as evidence improved The ambiguity did not disappear immediately, but we created enough structure to execute confidently I did what I could in the moment, though I probably should have organized things better. to be honest, During a class project, the goal was broad and success criteria were still forming The tricky part was that the situation changed while we were already executing. Things improved a little, but the result was not very strong and I learned I needed better structure.",weak,3,4,3,"clear structure, reflection"
377,Tell me about a time you took initiative.,initiative,"This situation came up on a cross-functional initiative where my decisions influenced both execution speed and delivery quality. The team saved time, the process felt smoother, and the change stuck because it solved a real pain point I gathered the missing context, aligned stakeholders on tradeoffs, and led a step-by-step recovery plan with visible follow-through. The team hit the revised milestone, reduced confusion across functions, and my manager highlighted the clarity of my execution.",strong,10,8,10,
377,Describe a mistake you would handle differently now.,failure,"This happened during a project where expectations changed and the team had to adjust quickly. kind of, i documented what I got wrong, asked for feedback, and changed how I planned similar work later I listened to different viewpoints, summarized the tradeoffs, and helped the group agree on a practical action. I earned trust back by being accountable and applying the lesson in the next project We got the work back on track, and the team had a clearer way to handle similar situations after that.",average,5,6,4,strong impact
378,Describe a time you built trust quickly within a team.,teamwork,"This happened during a high-visibility release when I was coordinating engineering work across multiple stakeholders. I documented the decision path, followed up on ownership, and kept stakeholders aligned I created structure around the ambiguity, documented the decision path, and personally drove execution until the outcome stabilized. The team hit the revised milestone, reduced confusion across functions, and my manager highlighted the clarity of my execution. What specifically was hard about the situation?",strong,10,7,8,deeper reflection
378,Describe a challenge that made you change course.,challenge,"This situation came up during a cross-functional effort where I had to balance speed, clarity, and execution. kind of, i balanced persistence with realism, which meant changing the design once the facts clearly supported it I gathered missing context, aligned stakeholders on the tradeoffs, and drove a structured recovery plan. I documented the decision path, followed up on ownership, and kept stakeholders aligned We delivered successfully with better coordination, and the process became a repeatable pattern for future projects.",strong,9,8,7,
379,Tell me about a time teamwork helped solve a difficult problem.,teamwork,"This example comes from a team project where we were balancing delivery deadlines with a few unresolved blockers. In a group project, different people owned research, coding, and presentation tasks under a tight timeline I spoke with the people involved, clarified the immediate problem, and suggested a simple plan so we could move forward. The issue was resolved without major delay, and I learned the value of setting clearer ownership earlier.",average,5,5,5,strong business impact
379,Describe a time you stayed with a problem until it was fully resolved.,ownership,"This came up during an internship task, and I was kind of figuring things out as I went. if I am being real, i treated the end result as my responsibility, even when I needed help from several people to get there The issue was resolved more completely because someone was finally watching it end to end I mostly tried to help and talk through it, but I was not very structured. The situation settled down later, but it made me realize I needed to be more specific and organized.",weak,2,3,2,"clear structure, reflection"
380,Tell me about a time you had to stay calm in a stressful situation.,pressure,"This came up in an internship project, and I remember feeling a bit lost at the start. I tried to help and talk to people, but I was not very structured about it I mostly tried to help and talk to people, but I was not very structured. In the end things improved a little, but the result was not very strong and I learned I needed better structure.",weak,4,4,2,"measurable result, ownership, specific context"
380,Tell me about a time you had to deliver while things felt chaotic.,pressure,"I faced this situation during an internship when priorities shifted halfway through the work. During a sprint, a production-like bug appeared while other commitments were already heavy I broke the problem into smaller actions, aligned with the team, and followed up on the next steps. I also kept the team updated so we could move forward without too much confusion What made it harder was that not everyone was aligned at the beginning. We got the work back on track, and the team had a clearer way to handle similar situations after that.",average,7,4,4,strong impact
381,Describe a time you created alignment across multiple people.,leadership,"This example comes from a team project where we were balancing delivery deadlines with a few unresolved blockers. to be honest, i also kept the team updated so we could move forward without too much confusion I broke the issue into smaller actions, aligned with the team lead, and followed up so everyone knew the next step. We delivered the work on time, and the team had a clearer way to handle similar situations after that. How did you make sure the team stayed aligned?",average,6,4,6,strong business impact
381,Describe a failure that taught you something important.,failure,"I dealt with this in an internship where my work directly affected delivery for the broader team. I first clarified the success criteria and the actual risk to the timeline I clarified the success criteria, mapped the blockers, assigned clear owners, and set checkpoints to keep things moving. Once I saw the miss, I owned it directly, explained the impact clearly, and shifted into recovery mode instead of defending the mistake The team hit the revised milestone, reduced confusion, and my manager called out the clarity of the execution.",strong,9,10,9,deeper reflection
382,Tell me about a time your team depended on strong collaboration.,teamwork,"This situation came up on a cross-functional initiative where my decisions influenced both execution speed and delivery quality. I shared progress and risks openly, which made it easier for others to adjust their work in time I created structure around the ambiguity, documented the decision path, and personally drove execution until the outcome stabilized. We recovered the timeline, improved stakeholder trust, and the process I introduced was reused in later work.",strong,8,10,8,
382,Describe a time you carried responsibility beyond your immediate task.,ownership,"This was during a team project and honestly things were already a bit messy. basically, At an internship, a recurring blocker sat between teams and was easy for everyone to partially ignore I did what I could in the moment, though I probably should have organized things better. I pushed past the easy handoff point and stayed engaged until the downstream impact looked healthy too The result was stronger because I stayed engaged after the first fix instead of assuming it was done Things improved a little, but the result was not very strong and I learned I needed better structure.",weak,2,3,2,"decision rationale, result"
383,Tell me about a time your team depended on strong collaboration.,teamwork,"This example comes from a team project where we were balancing delivery deadlines with a few unresolved blockers. At an internship, one deliverable required tight handoffs between backend, frontend, and product I spoke with the people involved, clarified the immediate problem, and suggested a simple plan so we could move forward. The issue was resolved without major delay, and I learned the value of setting clearer ownership earlier.",average,5,5,6,metrics
383,Tell me about a time you stepped up and led an effort.,leadership,"This example comes from a team assignment where we had a deadline and a few unresolved blockers. basically, the group became more aligned, and our output quality improved because ownership was visible I listened to different viewpoints, summarized the tradeoffs, and helped the group agree on a practical action. The project recovered, and people appreciated having a more structured way to communicate progress.",average,7,6,5,metrics
384,Tell me about a time you stepped up and led an effort.,leadership,"This example comes from a team project where we were balancing delivery deadlines with a few unresolved blockers. During a campus tech event, several volunteers were working hard but priorities were scattered I broke the issue into smaller actions, aligned with the team lead, and followed up so everyone knew the next step. The issue was resolved without major delay, and I learned the value of setting clearer ownership earlier. What would you change if the same situation happened again?",average,6,5,6,strong business impact
384,Tell me about a time your decision created a problem.,failure,"This happened during a high-visibility project where the timeline and coordination really mattered. I documented what I got wrong, asked for feedback, and changed how I planned similar work later I created clarity around the problem, documented the decision path, and followed through until the outcome stabilized. I documented the decision path, followed up on ownership, and kept stakeholders aligned We delivered successfully with better coordination, and the process became a repeatable pattern for future projects.",strong,9,9,7,
385,Tell me about a time you set direction for a group project.,leadership,"This came up in an internship project, and I remember feeling a bit lost at the start. basically, At an internship, the team needed someone to connect product feedback with engineering tasks I spoke with the team and did what I could, though I probably should have organized it better. In the end things improved a little, but the result was not very strong and I learned I needed better structure.",weak,2,3,3,"clear structure, metrics"
385,Tell me about a time you had to stay calm in a stressful situation.,pressure,"This was during a team project and honestly things were already a bit messy. basically, i tried to help and talk to people, but I was not very structured about it I did what I could in the moment, though I probably should have organized things better. to be honest, In a campus project, a critical dependency slipped and compressed the remaining timeline What made it harder was that not everyone was aligned at the beginning. The situation settled down later, but it made me realize I needed to be more specific and organized.",weak,4,4,3,"decision rationale, result"
386,Describe a disagreement you handled inside a project team.,conflict,"I faced this situation in an internship when the project owner changed priorities halfway through the sprint. The merge moved forward the next day and the relationship between the teammates improved noticeably I spoke with the people involved, clarified the immediate problem, and suggested a simple plan so we could move forward. The project got back on track, and the team appreciated having a more structured way to communicate progress. What specifically was hard about the situation?",average,7,6,6,clear reflection
386,Describe a time conflict made execution harder than it should have been.,conflict,"I faced this situation during an internship when priorities shifted halfway through the work. I kept the discussion focused on facts, timelines, and the goal instead of who was right I clarified the immediate issue, spoke with the people involved, and suggested a simple plan to move forward. I also kept the team updated so we could move forward without too much confusion The project recovered, and people appreciated having a more structured way to communicate progress.",average,5,6,6,metrics
387,Tell me about a time you noticed a gap and stepped in.,initiative,"This situation came up on a cross-functional initiative where my decisions influenced both execution speed and delivery quality. The initiative improved delivery speed and made my work more trusted because it helped the whole team I first clarified the success criteria, then mapped the blockers, assigned clear owners, and set short checkpoints to keep momentum. We recovered the timeline, improved stakeholder trust, and the process I introduced was reused in later work.",strong,8,7,7,deeper reflection
387,Describe a time two people on your team were not aligned and you helped.,conflict,"This situation came up during a cross-functional effort where I had to balance speed, clarity, and execution. The merge moved forward the next day and the relationship between the teammates improved noticeably I gathered missing context, aligned stakeholders on the tradeoffs, and drove a structured recovery plan. I documented the decision path, followed up on ownership, and kept stakeholders aligned The team hit the revised milestone, reduced confusion, and my manager called out the clarity of the execution.",strong,8,8,7,deeper reflection
388,Tell me about a time your communication made a difference.,communication,"This happened during a high-visibility release when I was coordinating engineering work across multiple stakeholders. During an internship, I had to explain a technical tradeoff to non-technical stakeholders I gathered the missing context, aligned stakeholders on tradeoffs, and led a step-by-step recovery plan with visible follow-through. The team hit the revised milestone, reduced confusion across functions, and my manager highlighted the clarity of my execution.",strong,8,8,8,deeper reflection
388,Tell me about a time you organized others around a goal.,leadership,"This was during a team project and honestly things were already a bit messy. if I am being real, to be honest, On a capstone team, we were close to deadline and needed clearer execution ownership I mostly tried to help and talk through it, but I was not very structured. I tried to help and talk to people, but I was not very structured about it What made it harder was that not everyone was aligned at the beginning. Things improved a little, but the result was not very strong and I learned I needed better structure.",weak,3,4,3,"clear structure, reflection"
389,Describe a time you managed risk during a very busy stretch.,pressure,"This situation came up on a cross-functional initiative where my decisions influenced both execution speed and delivery quality. At a student event, last-minute changes forced the team to reorganize work quickly I gathered the missing context, aligned stakeholders on tradeoffs, and led a step-by-step recovery plan with visible follow-through. We recovered the timeline, improved stakeholder trust, and the process I introduced was reused in later work.",strong,7,10,7,
389,Describe a time you underestimated something important.,failure,"This happened during a project where expectations changed and the team had to adjust quickly. During a hackathon follow-up, I focused too much on implementation and not enough on user testing I listened to different viewpoints, summarized the tradeoffs, and helped the group agree on a practical action. I started breaking work into smaller checkpoints so I could spot risk earlier instead of near the deadline The project recovered, and people appreciated having a more structured way to communicate progress.",average,6,4,4,reflection
390,Describe a time you solved a problem before it became bigger.,initiative,"This came up in an internship project, and I remember feeling a bit lost at the start. basically, During my internship, I noticed repeated friction in the review process even though nobody had formally owned it I spoke with the team and did what I could, though I probably should have organized it better. The situation settled down later, but it showed me that I need to be more organized and specific. What specifically was hard about the situation?",weak,4,2,2,"clear structure, metrics"
390,Tell me about a time you had to keep a team moving during disagreement.,conflict,"This situation came up during a cross-functional effort where I had to balance speed, clarity, and execution. I followed up after the meeting to make sure the tension did not quietly return during execution I created clarity around the problem, documented the decision path, and followed through until the outcome stabilized. I first clarified the success criteria and the actual risk to the timeline The tricky part was that the situation changed while we were already executing. The team hit the revised milestone, reduced confusion, and my manager called out the clarity of the execution.",strong,10,7,10,
391,Describe a conflict that could have slowed the project down.,conflict,"This came up in an internship project, and I remember feeling a bit lost at the start. I tried to help and talk to people, but I was not very structured about it I mostly tried to help and talk to people, but I was not very structured. The situation settled down later, but it showed me that I need to be more organized and specific.",weak,4,4,2,"clear structure, metrics"
391,Describe a time you improved outcomes by communicating better.,communication,"This was during a team project and honestly things were already a bit messy. I thought carefully about what was important to say, what was noise, and what action the audience needed next It showed me that good communication is often about clarity and framing, not just detail I did what I could in the moment, though I probably should have organized things better. I tried to help and talk to people, but I was not very structured about it We finished eventually, though the outcome was only okay and it showed me I should have communicated earlier.",weak,3,4,2,"clear structure, reflection"
392,Describe a challenge that made you change course.,challenge,"This happened during a high-visibility release when I was coordinating engineering work across multiple stakeholders. I documented the decision path, followed up on ownership, and kept stakeholders aligned I first clarified the success criteria, then mapped the blockers, assigned clear owners, and set short checkpoints to keep momentum. We delivered successfully with better alignment, and the approach became a repeatable pattern for future projects. What would you change if the same situation happened again?",strong,7,8,7,deeper reflection
392,Tell me about a time you improved the way a team worked together.,teamwork,"I faced this situation during an internship when priorities shifted halfway through the work. I focused on helping the team unblock quickly instead of only finishing my own part I listened to different viewpoints, summarized the tradeoffs, and helped the group agree on a practical action. What made it harder was that not everyone was aligned at the beginning. The issue was resolved without a major delay, and I learned the value of clearer ownership up front.",average,6,4,4,strong impact
393,Tell me about a time you stepped in because something needed a real owner.,ownership,"It was during a project in college and honestly I did not have a very clear plan at first. I tried to help and talk to people, but I was not very structured about it I tried to respond quickly, but I did not really frame the problem in a strong way. In the end things improved a little, but the result was not very strong and I learned I needed better structure.",weak,3,4,3,"clear structure, metrics"
393,Tell me about a time cross-functional collaboration made the difference.,teamwork,"This situation came up during a cross-functional effort where I had to balance speed, clarity, and execution. honestly, on a hackathon team, we had mixed experience levels and limited time to get aligned I clarified the success criteria, mapped the blockers, assigned clear owners, and set checkpoints to keep things moving. I first clarified the success criteria and the actual risk to the timeline The team hit the revised milestone, reduced confusion, and my manager called out the clarity of the execution.",strong,8,7,8,
394,Tell me about a time you had to step into a difficult team disagreement.,conflict,"I faced this situation in an internship when the project owner changed priorities halfway through the sprint. basically, i also kept the team updated so we could move forward without too much confusion I spoke with the people involved, clarified the immediate problem, and suggested a simple plan so we could move forward. The project got back on track, and the team appreciated having a more structured way to communicate progress. How did you make sure the team stayed aligned?",average,7,5,4,metrics
394,Tell me about a time you had to balance different opinions on a team.,conflict,"This was during a team project and honestly things were already a bit messy. basically, honestly, On a student product team, two contributors wanted different priorities for the same sprint I mostly tried to help and talk through it, but I was not very structured. Things improved a little, but the result was not very strong and I learned I needed better structure.",weak,3,4,1,"decision rationale, result"
395,Tell me about a time you collaborated effectively with others.,teamwork,"This happened during a high-visibility release when I was coordinating engineering work across multiple stakeholders. I made communication simpler by keeping one shared tracker, one update rhythm, and one source of truth I first clarified the success criteria, then mapped the blockers, assigned clear owners, and set short checkpoints to keep momentum. We delivered successfully with better alignment, and the approach became a repeatable pattern for future projects. What specifically was hard about the situation?",strong,10,7,8,
395,Describe a time you responded effectively to time pressure.,pressure,"This example comes from a team assignment where we had a deadline and a few unresolved blockers. I also kept the team updated so we could move forward without too much confusion I clarified the immediate issue, spoke with the people involved, and suggested a simple plan to move forward. The issue was resolved without a major delay, and I learned the value of clearer ownership up front.",average,7,6,6,metrics
396,Tell me about a time your decision created a problem.,failure,"This happened during a high-visibility release when I was coordinating engineering work across multiple stakeholders. I documented what I got wrong, asked for feedback, and changed how I planned similar work later I created structure around the ambiguity, documented the decision path, and personally drove execution until the outcome stabilized. The team hit the revised milestone, reduced confusion across functions, and my manager highlighted the clarity of my execution.",strong,8,9,8,
396,Tell me about a time you had to rethink your approach to a challenge.,challenge,"I dealt with this in an internship where my work directly affected delivery for the broader team. I first clarified the success criteria and the actual risk to the timeline I gathered missing context, aligned stakeholders on the tradeoffs, and drove a structured recovery plan. In a student product project, a dependency behaved differently from the documentation The tricky part was that the situation changed while we were already executing. We delivered successfully with better coordination, and the process became a repeatable pattern for future projects.",strong,8,7,8,
397,Describe a conflict that could have slowed the project down.,conflict,"This happened during a product release where the team had to move quickly while expectations were changing. I would say, during a hackathon follow-up project, communication friction started affecting handoffs I spoke with the people involved, clarified the immediate problem, and suggested a simple plan so we could move forward. The issue was resolved without major delay, and I learned the value of setting clearer ownership earlier.",average,5,4,5,clear reflection
397,Tell me about a time you noticed a gap and stepped in.,initiative,"I remember this happening in college, and I did not really have a clear plan at first. to be honest, During a campus event build, I noticed the onboarding material for new contributors was missing I tried to respond quickly, but I did not really define the problem clearly. Things improved a little, but the result was not very strong and I learned I needed better structure.",weak,2,3,1,"clear structure, reflection"
398,Tell me about a time you led without formal authority.,leadership,"This situation came up on a cross-functional initiative where my decisions influenced both execution speed and delivery quality. I created a visible plan with milestones, owners, and check-in points so everyone could see where we stood I first clarified the success criteria, then mapped the blockers, assigned clear owners, and set short checkpoints to keep momentum. We delivered successfully with better alignment, and the approach became a repeatable pattern for future projects.",strong,10,10,9,
398,Tell me about a time you led without formal authority.,leadership,"This example comes from a team assignment where we had a deadline and a few unresolved blockers. During an internship, a feature had many moving parts but no clear day-to-day coordinator I clarified the immediate issue, spoke with the people involved, and suggested a simple plan to move forward. The team delivered on time and people kept using the structure I introduced even after the project milestone The issue was resolved without a major delay, and I learned the value of clearer ownership up front.",average,7,6,4,strong impact
399,Tell me about a time you had to reduce ambiguity for others.,ambiguity,"This situation came up on a cross-functional initiative where my decisions influenced both execution speed and delivery quality. The work moved forward without reckless guessing because assumptions were explicit and tested I first clarified the success criteria, then mapped the blockers, assigned clear owners, and set short checkpoints to keep momentum. The team hit the revised milestone, reduced confusion across functions, and my manager highlighted the clarity of my execution.",strong,9,10,7,deeper reflection
399,Describe a time a project lacked clear direction at first.,ambiguity,"I dealt with this in an internship where my work directly affected delivery for the broader team. I documented the decision path, followed up on ownership, and kept stakeholders aligned I gathered missing context, aligned stakeholders on the tradeoffs, and drove a structured recovery plan. We made steady progress instead of stalling, and the project direction became clearer as we learned more We recovered the timeline, improved alignment across the team, and reused the same approach in later work.",strong,7,10,9,
400,Tell me about a time you stepped up and led an effort.,leadership,"I faced this situation in an internship when the project owner changed priorities halfway through the sprint. The group became more aligned, and our output quality improved because ownership was visible I listened to different perspectives, summarized the tradeoffs, and helped the group agree on a practical next action. The project got back on track, and the team appreciated having a more structured way to communicate progress.",average,5,5,6,strong business impact
400,Describe a time you underestimated something important.,failure,"This came up during an internship task, and I was kind of figuring things out as I went. honestly, i tried to help and talk to people, but I was not very structured about it I mostly tried to help and talk through it, but I was not very structured. kind of, During a hackathon follow-up, I focused too much on implementation and not enough on user testing The situation settled down later, but it made me realize I needed to be more specific and organized.",weak,2,4,3,"metrics, ownership"
401,Tell me about a time you took ownership of something important.,ownership,"This example comes from a team project where we were balancing delivery deadlines with a few unresolved blockers. I treated the end result as my responsibility, even when I needed help from several people to get there I listened to different perspectives, summarized the tradeoffs, and helped the group agree on a practical next action. The project got back on track, and the team appreciated having a more structured way to communicate progress. What would you change if the same situation happened again?",average,6,5,6,metrics
401,Tell me about a time you stepped in because something needed a real owner.,ownership,"This example comes from a team assignment where we had a deadline and a few unresolved blockers. honestly, i made ownership explicit, closed loops with others, and did not assume silence meant things were handled I clarified the immediate issue, spoke with the people involved, and suggested a simple plan to move forward. During a release cycle, a handoff issue was hurting quality but was not clearly assigned to one person Looking back, I would set expectations much sooner next time. We got the work back on track, and the team had a clearer way to handle similar situations after that.",average,6,4,5,reflection
402,Tell me about a time your communication made a difference.,communication,"I faced this situation in an internship when the project owner changed priorities halfway through the sprint. I adjusted the level of detail for the audience and focused on the decision they actually needed to make I broke the issue into smaller actions, aligned with the team lead, and followed up so everyone knew the next step. The issue was resolved without major delay, and I learned the value of setting clearer ownership earlier.",average,6,5,5,metrics
402,Tell me about a time you had to define the path yourself.,ambiguity,"I dealt with this in an internship where my work directly affected delivery for the broader team. honestly, i first clarified the success criteria and the actual risk to the timeline I gathered missing context, aligned stakeholders on the tradeoffs, and drove a structured recovery plan. I proposed a narrow first step so we could learn quickly instead of waiting for perfect clarity The tricky part was that the situation changed while we were already executing. The team hit the revised milestone, reduced confusion, and my manager called out the clarity of the execution.",strong,10,10,9,
403,Tell me about a time you worked through ambiguity.,ambiguity,"This happened during a high-visibility release when I was coordinating engineering work across multiple stakeholders. I turned ambiguity into smaller questions, gathered missing signals, and kept a visible list of assumptions I created structure around the ambiguity, documented the decision path, and personally drove execution until the outcome stabilized. We recovered the timeline, improved stakeholder trust, and the process I introduced was reused in later work.",strong,7,7,7,
403,Describe a time you went beyond execution and owned the outcome.,ownership,"This was during a team project and honestly things were already a bit messy. I tried to help and talk to people, but I was not very structured about it I mostly tried to help and talk through it, but I was not very structured. Things improved a little, but the result was not very strong and I learned I needed better structure.",weak,2,3,2,"decision rationale, result"
404,Describe a time you stayed with a problem until it was fully resolved.,ownership,"I dealt with this during an internship project where I owned a key workflow that directly affected the team timeline. I first clarified the success criteria and the actual risk to the timeline I created structure around the ambiguity, documented the decision path, and personally drove execution until the outcome stabilized. The team hit the revised milestone, reduced confusion across functions, and my manager highlighted the clarity of my execution.",strong,9,7,10,
404,Describe a time two people on your team were not aligned and you helped.,conflict,"This happened during a project where expectations changed and the team had to adjust quickly. to be honest, i also kept the team updated so we could move forward without too much confusion I listened to different viewpoints, summarized the tradeoffs, and helped the group agree on a practical action. We got the work back on track, and the team had a clearer way to handle similar situations after that.",average,6,6,5,metrics
405,Tell me about a time you had to define the path yourself.,ambiguity,"I faced this situation in an internship when the project owner changed priorities halfway through the sprint. basically, i proposed a narrow first step so we could learn quickly instead of waiting for perfect clarity I listened to different perspectives, summarized the tradeoffs, and helped the group agree on a practical next action. The issue was resolved without major delay, and I learned the value of setting clearer ownership earlier.",average,5,4,6,strong business impact
405,Tell me about a time your decision created a problem.,failure,"This happened during a high-visibility project where the timeline and coordination really mattered. I first clarified the success criteria and the actual risk to the timeline I created clarity around the problem, documented the decision path, and followed through until the outcome stabilized. The team hit the revised milestone, reduced confusion, and my manager called out the clarity of the execution.",strong,10,8,10,
406,Describe a time you stayed with a problem until it was fully resolved.,ownership,"I dealt with this during an internship project where I owned a key workflow that directly affected the team timeline. During an internship, a workflow had several owners on paper but no one was watching the full outcome I gathered the missing context, aligned stakeholders on tradeoffs, and led a step-by-step recovery plan with visible follow-through. We recovered the timeline, improved stakeholder trust, and the process I introduced was reused in later work. What specifically was hard about the situation?",strong,7,9,7,
406,Describe a time your ownership improved the final result.,ownership,"I remember this happening in college, and I did not really have a clear plan at first. I tried to help and talk to people, but I was not very structured about it I tried to respond quickly, but I did not really define the problem clearly. I accepted accountability for the outcome, which meant checking details that otherwise would have been missed It reinforced that ownership is really about the outcome, not just the assigned task list Looking back, I would set expectations much sooner next time. The situation settled down later, but it made me realize I needed to be more specific and organized.",weak,3,2,2,"context, result, specific actions"
407,Tell me about a time the obvious solution was not enough.,challenge,"I faced this situation in an internship when the project owner changed priorities halfway through the sprint. basically, i used the failed attempt as data instead of treating it as wasted effort I broke the issue into smaller actions, aligned with the team lead, and followed up so everyone knew the next step. The issue was resolved without major delay, and I learned the value of setting clearer ownership earlier. How did you make sure the team stayed aligned?",average,5,4,6,clear reflection
407,Tell me about a time you worked through ambiguity.,ambiguity,"This example comes from a team assignment where we had a deadline and a few unresolved blockers. During an internship, a project started before the requirements were fully settled I listened to different viewpoints, summarized the tradeoffs, and helped the group agree on a practical action. I also kept the team updated so we could move forward without too much confusion We got the work back on track, and the team had a clearer way to handle similar situations after that.",average,7,6,4,reflection
408,Tell me about a time you organized others around a goal.,leadership,"I faced this situation in an internship when the project owner changed priorities halfway through the sprint. I documented decisions and followed through on the details so the momentum did not fade after meetings I broke the issue into smaller actions, aligned with the team lead, and followed up so everyone knew the next step. The project got back on track, and the team appreciated having a more structured way to communicate progress.",average,5,4,4,strong business impact
408,Describe a time conflict made execution harder than it should have been.,conflict,"I dealt with this in an internship where my work directly affected delivery for the broader team. The team regained momentum, and the lead later reused the same alignment format for future disputes I gathered missing context, aligned stakeholders on the tradeoffs, and drove a structured recovery plan. I kept the discussion focused on facts, timelines, and the goal instead of who was right We recovered the timeline, improved alignment across the team, and reused the same approach in later work.",strong,7,10,10,
409,Tell me about a time you started something useful on your own.,initiative,"I faced this situation in an internship when the project owner changed priorities halfway through the sprint. People adopted the improvement quickly and it reduced repeated confusion across the group I listened to different perspectives, summarized the tradeoffs, and helped the group agree on a practical next action. The project got back on track, and the team appreciated having a more structured way to communicate progress.",average,5,6,4,strong business impact
409,Tell me about a time you treated the result as your responsibility.,ownership,"This came up during an internship task, and I was kind of figuring things out as I went. kind of, In a student project, the final delivery risk was spread out enough that nobody was truly tracking it I tried to respond quickly, but I did not really define the problem clearly. I accepted accountability for the outcome, which meant checking details that otherwise would have been missed It reinforced that ownership is really about the outcome, not just the assigned task list What made it harder was that not everyone was aligned at the beginning. Things improved a little, but the result was not very strong and I learned I needed better structure.",weak,3,2,1,"decision rationale, result"
410,Tell me about a time you had to balance different opinions on a team.,conflict,"This happened during a high-visibility release when I was coordinating engineering work across multiple stakeholders. I set up a short alignment meeting, wrote down the tradeoffs, and pushed the team toward one decision we could all support I gathered the missing context, aligned stakeholders on tradeoffs, and led a step-by-step recovery plan with visible follow-through. The team hit the revised milestone, reduced confusion across functions, and my manager highlighted the clarity of my execution. Walk me through this example in a little more detail.",strong,8,10,7,deeper reflection
410,Describe a conflict that could have slowed the project down.,conflict,"This example comes from a team assignment where we had a deadline and a few unresolved blockers. I also kept the team updated so we could move forward without too much confusion I listened to different viewpoints, summarized the tradeoffs, and helped the group agree on a practical action. The conflict stopped blocking progress, and our later reviews were much smoother What made it harder was that not everyone was aligned at the beginning. The issue was resolved without a major delay, and I learned the value of clearer ownership up front.",average,6,4,4,reflection
411,Describe a time a message had to be adjusted for the audience.,communication,"This happened during a product release where the team had to move quickly while expectations were changing. to be honest, at an internship, a vague update caused confusion about whether a blocker was resolved I broke the issue into smaller actions, aligned with the team lead, and followed up so everyone knew the next step. The project got back on track, and the team appreciated having a more structured way to communicate progress.",average,5,4,5,metrics
411,Describe a time your ownership improved the final result.,ownership,"I dealt with this in an internship where my work directly affected delivery for the broader team. kind of, it reinforced that ownership is really about the outcome, not just the assigned task list I gathered missing context, aligned stakeholders on the tradeoffs, and drove a structured recovery plan. We delivered successfully with better coordination, and the process became a repeatable pattern for future projects.",strong,7,9,9,deeper reflection
412,Describe a time urgent work forced you to prioritize carefully.,pressure,"I faced this situation in an internship when the project owner changed priorities halfway through the sprint. basically, during a sprint, a production-like bug appeared while other commitments were already heavy I spoke with the people involved, clarified the immediate problem, and suggested a simple plan so we could move forward. The issue was resolved without major delay, and I learned the value of setting clearer ownership earlier. What would you change if the same situation happened again?",average,7,5,6,clear reflection
412,Tell me about a time you led without formal authority.,leadership,"I remember this happening in college, and I did not really have a clear plan at first. basically, i created a visible plan with milestones, owners, and check-in points so everyone could see where we stood The team delivered on time and people kept using the structure I introduced even after the project milestone I tried to respond quickly, but I did not really define the problem clearly. basically, During an internship, a feature had many moving parts but no clear day-to-day coordinator The situation settled down later, but it made me realize I needed to be more specific and organized.",weak,4,3,1,"decision rationale, result"
413,Describe a time a hard problem pushed you out of your comfort zone.,challenge,"This situation came up on a cross-functional initiative where my decisions influenced both execution speed and delivery quality. In a class project, our first design failed once we tested it with real users I first clarified the success criteria, then mapped the blockers, assigned clear owners, and set short checkpoints to keep momentum. The team hit the revised milestone, reduced confusion across functions, and my manager highlighted the clarity of my execution.",strong,7,10,7,
413,Describe a project where teamwork was critical to success.,teamwork,"I faced this situation during an internship when priorities shifted halfway through the work. I also kept the team updated so we could move forward without too much confusion I clarified the immediate issue, spoke with the people involved, and suggested a simple plan to move forward. I checked assumptions early so we did not discover mismatched expectations at the end The issue was resolved without a major delay, and I learned the value of clearer ownership up front.",average,7,5,5,strong impact
414,Describe a time you managed risk during a very busy stretch.,pressure,"I dealt with this during an internship project where I owned a key workflow that directly affected the team timeline. I first clarified the success criteria and the actual risk to the timeline I gathered the missing context, aligned stakeholders on tradeoffs, and led a step-by-step recovery plan with visible follow-through. We delivered successfully with better alignment, and the approach became a repeatable pattern for future projects.",strong,8,9,8,
414,Tell me about a time you had to repair a working relationship.,conflict,"I dealt with this in an internship where my work directly affected delivery for the broader team. I kept the discussion focused on facts, timelines, and the goal instead of who was right I clarified the success criteria, mapped the blockers, assigned clear owners, and set checkpoints to keep things moving. The team hit the revised milestone, reduced confusion, and my manager called out the clarity of the execution.",strong,8,10,7,deeper reflection
415,Describe a time you built trust quickly within a team.,teamwork,"I think this happened when our team was under pressure and we had some confusion. I made communication simpler by keeping one shared tracker, one update rhythm, and one source of truth We delivered a stronger result than any one person could have done alone, and the teamwork felt much more efficient by the end I tried to respond quickly, but I did not really frame the problem in a strong way. In the end things improved a little, but the result was not very strong and I learned I needed better structure.",weak,2,2,1,"measurable result, ownership, specific context"
415,Tell me about a time pressure revealed your decision-making style.,pressure,"I remember this happening in college, and I did not really have a clear plan at first. basically, In a project presentation cycle, several problems surfaced right before the final deadline I mostly tried to help and talk through it, but I was not very structured. What made it harder was that not everyone was aligned at the beginning. We finished eventually, though the outcome was only okay and it showed me I should have communicated earlier.",weak,2,4,1,"decision rationale, result"
416,Tell me about a time you created structure in an ambiguous situation.,ambiguity,"This came up in an internship project, and I remember feeling a bit lost at the start. kind of, In a student build, feedback kept changing while implementation had already started I spoke with the team and did what I could, though I probably should have organized it better. In the end things improved a little, but the result was not very strong and I learned I needed better structure.",weak,3,4,3,"decision process, result"
416,Describe a time you had to explain something complex clearly.,communication,"This happened during a project where expectations changed and the team had to adjust quickly. to be honest, i also kept the team updated so we could move forward without too much confusion I broke the problem into smaller actions, aligned with the team, and followed up on the next steps. I replaced jargon with plain language, used a simple example, and confirmed understanding before moving on We got the work back on track, and the team had a clearer way to handle similar situations after that.",average,5,5,5,reflection
417,Describe a time a deadline or high-stakes situation tested you.,pressure,"I dealt with this during an internship project where I owned a key workflow that directly affected the team timeline. I documented the decision path, followed up on ownership, and kept stakeholders aligned I first clarified the success criteria, then mapped the blockers, assigned clear owners, and set short checkpoints to keep momentum. We recovered the timeline, improved stakeholder trust, and the process I introduced was reused in later work.",strong,9,7,9,deeper reflection
417,Describe a time a project lacked clear direction at first.,ambiguity,"This situation came up during a cross-functional effort where I had to balance speed, clarity, and execution. kind of, i documented the decision path, followed up on ownership, and kept stakeholders aligned I clarified the success criteria, mapped the blockers, assigned clear owners, and set checkpoints to keep things moving. During an internship, a project started before the requirements were fully settled The team hit the revised milestone, reduced confusion, and my manager called out the clarity of the execution.",strong,9,7,9,
418,Describe a time leadership was needed even though you were not the official owner.,leadership,"It was during a project in college and honestly I did not have a very clear plan at first. honestly, At an internship, the team needed someone to connect product feedback with engineering tasks I tried to respond quickly, but I did not really frame the problem in a strong way. The situation settled down later, but it showed me that I need to be more organized and specific.",weak,4,2,3,"measurable result, ownership, specific context"
418,Describe a time a message had to be adjusted for the audience.,communication,"I remember this happening in college, and I did not really have a clear plan at first. I tried to help and talk to people, but I was not very structured about it I tried to respond quickly, but I did not really define the problem clearly. We finished eventually, though the outcome was only okay and it showed me I should have communicated earlier.",weak,3,3,3,"context, result, specific actions"
419,Tell me about a time you used communication to remove confusion.,communication,"This happened during a high-visibility release when I was coordinating engineering work across multiple stakeholders. I replaced jargon with plain language, used a simple example, and confirmed understanding before moving on I gathered the missing context, aligned stakeholders on tradeoffs, and led a step-by-step recovery plan with visible follow-through. We delivered successfully with better alignment, and the approach became a repeatable pattern for future projects. What specifically was hard about the situation?",strong,8,9,10,
419,Tell me about a time you took initiative to lead a delivery effort.,leadership,"This example comes from a team assignment where we had a deadline and a few unresolved blockers. In a student project, the team had strong ideas but no one was keeping decisions organized I clarified the immediate issue, spoke with the people involved, and suggested a simple plan to move forward. The tricky part was that the situation changed while we were already executing. We got the work back on track, and the team had a clearer way to handle similar situations after that.",average,6,6,4,strong impact
420,Tell me about a time you noticed a gap and stepped in.,initiative,"It was during a project in college and honestly I did not have a very clear plan at first. basically, i tried to help and talk to people, but I was not very structured about it I spoke with the team and did what I could, though I probably should have organized it better. We eventually finished, though the outcome was only okay and I realized I should have communicated more clearly.",weak,4,3,2,"measurable result, ownership, specific context"
420,Tell me about a time you learned from an avoidable miss.,failure,"I dealt with this in an internship where my work directly affected delivery for the broader team. if I am being real, at school, I took on too much work personally instead of distributing it earlier I gathered missing context, aligned stakeholders on the tradeoffs, and drove a structured recovery plan. I did not hide the mistake, and the learning from it prevented a similar issue later The tricky part was that the situation changed while we were already executing. We delivered successfully with better coordination, and the process became a repeatable pattern for future projects.",strong,8,8,9,
421,Describe a project where teamwork was critical to success.,teamwork,"This was during a team project and honestly things were already a bit messy. if I am being real, i checked assumptions early so we did not discover mismatched expectations at the end The project landed successfully, and our handoffs became much smoother after we aligned the workflow I did what I could in the moment, though I probably should have organized things better. We finished eventually, though the outcome was only okay and it showed me I should have communicated earlier.",weak,4,4,1,"context, result, specific actions"
422,Describe a time the first solution did not work.,challenge,"I faced this situation during an internship when priorities shifted halfway through the work. We delivered a stable outcome after reworking the plan, and that prevented repeat issues later I listened to different viewpoints, summarized the tradeoffs, and helped the group agree on a practical action. At an internship, a performance issue appeared only under realistic load The issue was resolved without a major delay, and I learned the value of clearer ownership up front.",average,7,6,5,deeper ownership
423,Tell me about a time teamwork helped solve a difficult problem.,teamwork,"This situation came up during a cross-functional effort where I had to balance speed, clarity, and execution. I documented the decision path, followed up on ownership, and kept stakeholders aligned I gathered missing context, aligned stakeholders on the tradeoffs, and drove a structured recovery plan. In a group project, different people owned research, coding, and presentation tasks under a tight timeline Looking back, I would set expectations much sooner next time. We recovered the timeline, improved alignment across the team, and reused the same approach in later work.",strong,9,8,9,
424,Tell me about a time you stepped up and led an effort.,leadership,"This was during a team project and honestly things were already a bit messy. kind of, During a campus tech event, several volunteers were working hard but priorities were scattered I tried to respond quickly, but I did not really define the problem clearly. What made it harder was that not everyone was aligned at the beginning. We finished eventually, though the outcome was only okay and it showed me I should have communicated earlier.",weak,2,3,2,"decision rationale, result"
425,Describe a time the first solution did not work.,challenge,"This happened during a project where expectations changed and the team had to adjust quickly. We delivered a stable outcome after reworking the plan, and that prevented repeat issues later I clarified the immediate issue, spoke with the people involved, and suggested a simple plan to move forward. I also kept the team updated so we could move forward without too much confusion The project recovered, and people appreciated having a more structured way to communicate progress.",average,6,5,4,deeper ownership
426,Tell me about a time your decision created a problem.,failure,"I dealt with this in an internship where my work directly affected delivery for the broader team. to be honest, in a student project, I assumed a task would be quick and did not surface risk early enough I created clarity around the problem, documented the decision path, and followed through until the outcome stabilized. I earned trust back by being accountable and applying the lesson in the next project The team hit the revised milestone, reduced confusion, and my manager called out the clarity of the execution.",strong,7,7,10,
427,Describe a time you proactively improved team execution.,initiative,"This was during a team project and honestly things were already a bit messy. I focused on removing friction that affected multiple people instead of just optimizing my own workflow It improved the workflow enough that later teammates continued using it I did what I could in the moment, though I probably should have organized things better. honestly, In a class project, repeated setup issues were wasting time for new teammates Things improved a little, but the result was not very strong and I learned I needed better structure.",weak,4,3,3,"metrics, ownership"
428,Describe a time your communication changed a decision.,communication,"This example comes from a team assignment where we had a deadline and a few unresolved blockers. honestly, i summarized key points in writing afterward so the alignment did not disappear after the meeting I listened to different viewpoints, summarized the tradeoffs, and helped the group agree on a practical action. I also kept the team updated so we could move forward without too much confusion The project recovered, and people appreciated having a more structured way to communicate progress.",average,7,5,6,strong impact
429,Describe a time you acted without being asked.,initiative,"This situation came up during a cross-functional effort where I had to balance speed, clarity, and execution. In a student project, I saw that the team kept losing time because the work tracker was outdated I gathered missing context, aligned stakeholders on the tradeoffs, and drove a structured recovery plan. We delivered successfully with better coordination, and the process became a repeatable pattern for future projects.",strong,9,8,10,
430,Describe a time urgent work forced you to prioritize carefully.,pressure,"I remember this happening in college, and I did not really have a clear plan at first. I tried to help and talk to people, but I was not very structured about it I tried to respond quickly, but I did not really define the problem clearly. to be honest, During a sprint, a production-like bug appeared while other commitments were already heavy The situation settled down later, but it made me realize I needed to be more specific and organized.",weak,4,3,3,"decision rationale, result"
431,Describe a project where teamwork was critical to success.,teamwork,"This example comes from a team assignment where we had a deadline and a few unresolved blockers. I checked assumptions early so we did not discover mismatched expectations at the end I clarified the immediate issue, spoke with the people involved, and suggested a simple plan to move forward. I also kept the team updated so we could move forward without too much confusion The issue was resolved without a major delay, and I learned the value of clearer ownership up front.",average,7,6,6,strong impact
432,Tell me about a time you handled pressure without losing focus.,pressure,"This situation came up during a cross-functional effort where I had to balance speed, clarity, and execution. I documented the decision path, followed up on ownership, and kept stakeholders aligned I gathered missing context, aligned stakeholders on the tradeoffs, and drove a structured recovery plan. We recovered enough to meet the key milestone, and I learned how much clarity matters when time is tight One thing I learned from that was that I needed to communicate earlier. We delivered successfully with better coordination, and the process became a repeatable pattern for future projects.",strong,8,10,10,deeper reflection
433,Tell me about a time you had to define the path yourself.,ambiguity,"This was during a team project and honestly things were already a bit messy. honestly, In a product team, stakeholders agreed on the problem but not on the exact solution path I did what I could in the moment, though I probably should have organized things better. I tried to help and talk to people, but I was not very structured about it One thing I learned from that was that I needed to communicate earlier. We finished eventually, though the outcome was only okay and it showed me I should have communicated earlier.",weak,4,4,3,"metrics, ownership"
434,Tell me about a time you had to reduce ambiguity for others.,ambiguity,"This happened during a project where expectations changed and the team had to adjust quickly. At an internship, the team knew something needed improvement but not yet which direction would work best I listened to different viewpoints, summarized the tradeoffs, and helped the group agree on a practical action. I also kept the team updated so we could move forward without too much confusion The issue was resolved without a major delay, and I learned the value of clearer ownership up front.",average,7,5,5,strong impact
435,Describe a time you underestimated something important.,failure,"This happened during a high-visibility project where the timeline and coordination really mattered. if I am being real, during a hackathon follow-up, I focused too much on implementation and not enough on user testing I gathered missing context, aligned stakeholders on the tradeoffs, and drove a structured recovery plan. We recovered the timeline, improved alignment across the team, and reused the same approach in later work.",strong,7,9,7,
436,Tell me about a time you had to deliver difficult information clearly.,communication,"This came up during an internship task, and I was kind of figuring things out as I went. to be honest, i tried to help and talk to people, but I was not very structured about it I did what I could in the moment, though I probably should have organized things better. I made the tradeoffs explicit instead of assuming everyone interpreted the situation the same way The communication helped stakeholders make a timely decision and trust the rationale behind it The situation settled down later, but it made me realize I needed to be more specific and organized.",weak,4,4,1,"metrics, ownership"
437,Tell me about a time you resolved a conflict with a teammate.,conflict,"I faced this situation during an internship when priorities shifted halfway through the work. to be honest, i also kept the team updated so we could move forward without too much confusion I clarified the immediate issue, spoke with the people involved, and suggested a simple plan to move forward. The tricky part was that the situation changed while we were already executing. We got the work back on track, and the team had a clearer way to handle similar situations after that.",average,7,4,5,deeper ownership
438,Tell me about a time cross-functional collaboration made the difference.,teamwork,"This situation came up during a cross-functional effort where I had to balance speed, clarity, and execution. We avoided duplicate work, hit the milestone, and built more trust across the group I gathered missing context, aligned stakeholders on the tradeoffs, and drove a structured recovery plan. I documented the decision path, followed up on ownership, and kept stakeholders aligned We delivered successfully with better coordination, and the process became a repeatable pattern for future projects.",strong,7,10,10,
439,Describe a time the first solution did not work.,challenge,"I remember this happening in college, and I did not really have a clear plan at first. honestly, i used the failed attempt as data instead of treating it as wasted effort We delivered a stable outcome after reworking the plan, and that prevented repeat issues later I tried to respond quickly, but I did not really define the problem clearly. to be honest, At an internship, a performance issue appeared only under realistic load One thing I learned from that was that I needed to communicate earlier. We finished eventually, though the outcome was only okay and it showed me I should have communicated earlier.",weak,2,4,2,"metrics, ownership"
440,Tell me about a time cross-functional collaboration made the difference.,teamwork,"I faced this situation during an internship when priorities shifted halfway through the work. On a hackathon team, we had mixed experience levels and limited time to get aligned I clarified the immediate issue, spoke with the people involved, and suggested a simple plan to move forward. We got the work back on track, and the team had a clearer way to handle similar situations after that.",average,7,6,5,metrics
441,Describe a time your plan did not work.,failure,"This situation came up during a cross-functional effort where I had to balance speed, clarity, and execution. I documented the decision path, followed up on ownership, and kept stakeholders aligned I clarified the success criteria, mapped the blockers, assigned clear owners, and set checkpoints to keep things moving. At school, I took on too much work personally instead of distributing it earlier One thing I learned from that was that I needed to communicate earlier. We recovered the timeline, improved alignment across the team, and reused the same approach in later work.",strong,10,8,10,deeper reflection
442,Describe a time changing information made planning harder.,ambiguity,"I remember this happening in college, and I did not really have a clear plan at first. I tried to help and talk to people, but I was not very structured about it I mostly tried to help and talk through it, but I was not very structured. We finished eventually, though the outcome was only okay and it showed me I should have communicated earlier.",weak,4,4,2,"clear structure, reflection"
443,Describe a time urgent work forced you to prioritize carefully.,pressure,"This example comes from a team assignment where we had a deadline and a few unresolved blockers. The situation stabilized quickly because we stopped multitasking and focused on the right fixes I clarified the immediate issue, spoke with the people involved, and suggested a simple plan to move forward. What made it harder was that not everyone was aligned at the beginning. The project recovered, and people appreciated having a more structured way to communicate progress.",average,7,6,5,strong impact
444,Describe a project where teamwork was critical to success.,teamwork,"I dealt with this in an internship where my work directly affected delivery for the broader team. honestly, i checked assumptions early so we did not discover mismatched expectations at the end I gathered missing context, aligned stakeholders on the tradeoffs, and drove a structured recovery plan. The project landed successfully, and our handoffs became much smoother after we aligned the workflow We delivered successfully with better coordination, and the process became a repeatable pattern for future projects.",strong,9,10,7,deeper reflection
445,Tell me about a time you stepped in because something needed a real owner.,ownership,"This was during a team project and honestly things were already a bit messy. I tried to help and talk to people, but I was not very structured about it I tried to respond quickly, but I did not really define the problem clearly. I made ownership explicit, closed loops with others, and did not assume silence meant things were handled The problem stopped bouncing between people and the resolution happened faster Things improved a little, but the result was not very strong and I learned I needed better structure.",weak,2,3,2,"decision rationale, result"
446,Describe a conflict that could have slowed the project down.,conflict,"I faced this situation during an internship when priorities shifted halfway through the work. During a hackathon follow-up project, communication friction started affecting handoffs I broke the problem into smaller actions, aligned with the team, and followed up on the next steps. The conflict stopped blocking progress, and our later reviews were much smoother The project recovered, and people appreciated having a more structured way to communicate progress.",average,6,5,4,strong impact
447,Describe a time uncertainty made execution difficult.,ambiguity,"This happened during a high-visibility project where the timeline and coordination really mattered. I first clarified the success criteria and the actual risk to the timeline I gathered missing context, aligned stakeholders on the tradeoffs, and drove a structured recovery plan. At an internship, the team knew something needed improvement but not yet which direction would work best The team hit the revised milestone, reduced confusion, and my manager called out the clarity of the execution.",strong,9,7,8,
448,Tell me about a time you identified an issue early and acted.,initiative,"This was during a team project and honestly things were already a bit messy. I kept the solution practical because I wanted it to be used, not just admired The fix was simple but high leverage, which taught me that initiative works best when it is practical I tried to respond quickly, but I did not really define the problem clearly. Looking back, I would set expectations much sooner next time. The situation settled down later, but it made me realize I needed to be more specific and organized.",weak,2,2,2,"context, result, specific actions"
449,Tell me about a time you failed and what you learned.,failure,"This example comes from a team assignment where we had a deadline and a few unresolved blockers. honestly, i also kept the team updated so we could move forward without too much confusion I clarified the immediate issue, spoke with the people involved, and suggested a simple plan to move forward. The short-term miss was real, but later work improved because I handled planning and communication much more carefully We got the work back on track, and the team had a clearer way to handle similar situations after that.",average,5,4,4,strong impact
450,Tell me about a time you had to rethink your approach to a challenge.,challenge,"This situation came up during a cross-functional effort where I had to balance speed, clarity, and execution. I documented the decision path, followed up on ownership, and kept stakeholders aligned I gathered missing context, aligned stakeholders on the tradeoffs, and drove a structured recovery plan. I first clarified the success criteria and the actual risk to the timeline What made it harder was that not everyone was aligned at the beginning. We delivered successfully with better coordination, and the process became a repeatable pattern for future projects.",strong,9,8,9,
451,Tell me about a time you had to stay calm in a stressful situation.,pressure,"This came up during an internship task, and I was kind of figuring things out as I went. to be honest, In a campus project, a critical dependency slipped and compressed the remaining timeline I mostly tried to help and talk through it, but I was not very structured. I made quick tradeoff decisions but explained them clearly so the team stayed aligned We avoided a bigger failure by staying disciplined under pressure Looking back, I would set expectations much sooner next time. Things improved a little, but the result was not very strong and I learned I needed better structure.",weak,4,3,1,"metrics, ownership"
452,Tell me about a time you learned from an avoidable miss.,failure,"This example comes from a team assignment where we had a deadline and a few unresolved blockers. I did not hide the mistake, and the learning from it prevented a similar issue later I broke the problem into smaller actions, aligned with the team, and followed up on the next steps. I made a habit of validating assumptions earlier and communicating uncertainty with more precision The tricky part was that the situation changed while we were already executing. The issue was resolved without a major delay, and I learned the value of clearer ownership up front.",average,7,4,5,reflection
453,Describe a time you influenced a group to move in a better direction.,leadership,"I dealt with this in an internship where my work directly affected delivery for the broader team. basically, i first clarified the success criteria and the actual risk to the timeline I gathered missing context, aligned stakeholders on the tradeoffs, and drove a structured recovery plan. What made it harder was that not everyone was aligned at the beginning. We delivered successfully with better coordination, and the process became a repeatable pattern for future projects.",strong,8,7,9,
454,Describe a time you stayed with a problem until it was fully resolved.,ownership,"This was during a team project and honestly things were already a bit messy. I tried to help and talk to people, but I was not very structured about it I did what I could in the moment, though I probably should have organized things better. honestly, During an internship, a workflow had several owners on paper but no one was watching the full outcome We finished eventually, though the outcome was only okay and it showed me I should have communicated earlier.",weak,3,2,3,"clear structure, reflection"
455,Describe a time your plan did not work.,failure,"This happened during a project where expectations changed and the team had to adjust quickly. I also kept the team updated so we could move forward without too much confusion I broke the problem into smaller actions, aligned with the team, and followed up on the next steps. I made a habit of validating assumptions earlier and communicating uncertainty with more precision The project recovered, and people appreciated having a more structured way to communicate progress.",average,6,6,5,strong impact
456,Walk me through a time team tension affected delivery.,conflict,"This situation came up during a cross-functional effort where I had to balance speed, clarity, and execution. I set up a short alignment meeting, wrote down the tradeoffs, and pushed the team toward one decision we could all support I gathered missing context, aligned stakeholders on the tradeoffs, and drove a structured recovery plan. On a student product team, two contributors wanted different priorities for the same sprint The team hit the revised milestone, reduced confusion, and my manager called out the clarity of the execution.",strong,9,10,9,deeper reflection
457,Describe a time you went beyond execution and owned the outcome.,ownership,"This was during a team project and honestly things were already a bit messy. basically, During a release cycle, a handoff issue was hurting quality but was not clearly assigned to one person I did what I could in the moment, though I probably should have organized things better. I tried to help and talk to people, but I was not very structured about it We finished eventually, though the outcome was only okay and it showed me I should have communicated earlier.",weak,3,4,3,"metrics, ownership"
458,Describe a challenge that made you change course.,challenge,"I faced this situation during an internship when priorities shifted halfway through the work. kind of, i balanced persistence with realism, which meant changing the design once the facts clearly supported it I clarified the immediate issue, spoke with the people involved, and suggested a simple plan to move forward. Looking back, I would set expectations much sooner next time. The issue was resolved without a major delay, and I learned the value of clearer ownership up front.",average,7,4,6,metrics
459,Describe a time you improved outcomes by communicating better.,communication,"This situation came up during a cross-functional effort where I had to balance speed, clarity, and execution. I first clarified the success criteria and the actual risk to the timeline I clarified the success criteria, mapped the blockers, assigned clear owners, and set checkpoints to keep things moving. I thought carefully about what was important to say, what was noise, and what action the audience needed next The team hit the revised milestone, reduced confusion, and my manager called out the clarity of the execution.",strong,10,10,7,
460,Describe a time leadership was needed even though you were not the official owner.,leadership,"I remember this happening in college, and I did not really have a clear plan at first. honestly, i tried to help and talk to people, but I was not very structured about it I mostly tried to help and talk through it, but I was not very structured. I kept communication direct and calm so people trusted the process instead of feeling managed The project recovered from drift and my manager mentioned that the coordination improved team confidence The situation settled down later, but it made me realize I needed to be more specific and organized.",weak,2,4,1,"metrics, ownership"
461,Describe a time you made progress with incomplete information.,ambiguity,"I faced this situation during an internship when priorities shifted halfway through the work. I focused on reducing risk while still moving forward, not on pretending the uncertainty did not exist I listened to different viewpoints, summarized the tradeoffs, and helped the group agree on a practical action. It taught me that ambiguity is manageable when you turn it into smaller decisions and feedback loops The project recovered, and people appreciated having a more structured way to communicate progress.",average,5,5,6,strong impact
462,Tell me about a time you led without formal authority.,leadership,"This happened during a high-visibility project where the timeline and coordination really mattered. I first clarified the success criteria and the actual risk to the timeline I created clarity around the problem, documented the decision path, and followed through until the outcome stabilized. We recovered the timeline, improved alignment across the team, and reused the same approach in later work.",strong,10,10,9,
463,Describe a time changing information made planning harder.,ambiguity,"I remember this happening in college, and I did not really have a clear plan at first. kind of, i tried to help and talk to people, but I was not very structured about it I tried to respond quickly, but I did not really define the problem clearly. to be honest, During a class project, the goal was broad and success criteria were still forming We finished eventually, though the outcome was only okay and it showed me I should have communicated earlier.",weak,3,4,3,"context, result, specific actions"
464,Tell me about a time you learned from an avoidable miss.,failure,"This example comes from a team assignment where we had a deadline and a few unresolved blockers. to be honest, at school, I took on too much work personally instead of distributing it earlier I listened to different viewpoints, summarized the tradeoffs, and helped the group agree on a practical action. The tricky part was that the situation changed while we were already executing. The issue was resolved without a major delay, and I learned the value of clearer ownership up front.",average,5,6,4,strong impact
465,Tell me about a time you had to keep a team moving during disagreement.,conflict,"I dealt with this in an internship where my work directly affected delivery for the broader team. The conflict stopped blocking progress, and our later reviews were much smoother I gathered missing context, aligned stakeholders on the tradeoffs, and drove a structured recovery plan. I documented the decision path, followed up on ownership, and kept stakeholders aligned We delivered successfully with better coordination, and the process became a repeatable pattern for future projects.",strong,9,10,9,deeper reflection
466,Tell me about a time you led without formal authority.,leadership,"I remember this happening in college, and I did not really have a clear plan at first. kind of, i tried to help and talk to people, but I was not very structured about it I tried to respond quickly, but I did not really define the problem clearly. basically, During an internship, a feature had many moving parts but no clear day-to-day coordinator Things improved a little, but the result was not very strong and I learned I needed better structure.",weak,4,3,1,"context, result, specific actions"
467,Describe a setback that improved your judgment later.,failure,"I faced this situation during an internship when priorities shifted halfway through the work. I turned the mistake into a concrete process change rather than treating it as a one-off problem I listened to different viewpoints, summarized the tradeoffs, and helped the group agree on a practical action. I also kept the team updated so we could move forward without too much confusion The tricky part was that the situation changed while we were already executing. The issue was resolved without a major delay, and I learned the value of clearer ownership up front.",average,6,5,5,metrics
468,Tell me about a time you used communication to remove confusion.,communication,"This situation came up during a cross-functional effort where I had to balance speed, clarity, and execution. The message landed well because the audience understood both the risk and the recommended path I created clarity around the problem, documented the decision path, and followed through until the outcome stabilized. In a student team, people had different understandings of what the project milestone meant One thing I learned from that was that I needed to communicate earlier. The team hit the revised milestone, reduced confusion, and my manager called out the clarity of the execution.",strong,9,10,7,deeper reflection
469,Tell me about a time you set direction for a group project.,leadership,"I remember this happening in college, and I did not really have a clear plan at first. basically, At an internship, the team needed someone to connect product feedback with engineering tasks I did what I could in the moment, though I probably should have organized things better. I kept communication direct and calm so people trusted the process instead of feeling managed The project recovered from drift and my manager mentioned that the coordination improved team confidence Looking back, I would set expectations much sooner next time. The situation settled down later, but it made me realize I needed to be more specific and organized.",weak,2,2,2,"metrics, ownership"
470,Tell me about a time you had to deliver while things felt chaotic.,pressure,"I faced this situation during an internship when priorities shifted halfway through the work. The situation stabilized quickly because we stopped multitasking and focused on the right fixes I broke the problem into smaller actions, aligned with the team, and followed up on the next steps. The project recovered, and people appreciated having a more structured way to communicate progress.",average,5,4,5,strong impact
471,Tell me about a time you learned from an avoidable miss.,failure,"This situation came up during a cross-functional effort where I had to balance speed, clarity, and execution. At school, I took on too much work personally instead of distributing it earlier I gathered missing context, aligned stakeholders on the tradeoffs, and drove a structured recovery plan. The team hit the revised milestone, reduced confusion, and my manager called out the clarity of the execution.",strong,9,8,10,deeper reflection
472,Describe a failure that taught you something important.,failure,"This came up during an internship task, and I was kind of figuring things out as I went. I tried to help and talk to people, but I was not very structured about it I mostly tried to help and talk through it, but I was not very structured. The situation settled down later, but it made me realize I needed to be more specific and organized.",weak,3,3,1,"metrics, ownership"
473,Tell me about a time pressure revealed your decision-making style.,pressure,"This example comes from a team assignment where we had a deadline and a few unresolved blockers. basically, in a project presentation cycle, several problems surfaced right before the final deadline I listened to different viewpoints, summarized the tradeoffs, and helped the group agree on a practical action. I kept updates short and frequent so nobody wasted time guessing about the status The issue was resolved without a major delay, and I learned the value of clearer ownership up front.",average,6,6,4,metrics
474,Describe a time you managed risk during a very busy stretch.,pressure,"This happened during a high-visibility project where the timeline and coordination really mattered. I avoided trying to fix everything at once and instead focused on the highest-risk path I gathered missing context, aligned stakeholders on the tradeoffs, and drove a structured recovery plan. I documented the decision path, followed up on ownership, and kept stakeholders aligned We delivered successfully with better coordination, and the process became a repeatable pattern for future projects.",strong,10,10,10,
475,Tell me about a time you had to define the path yourself.,ambiguity,"This was during a team project and honestly things were already a bit messy. if I am being real, i proposed a narrow first step so we could learn quickly instead of waiting for perfect clarity The team avoided paralysis, validated the right path early, and saved time later I tried to respond quickly, but I did not really define the problem clearly. honestly, In a product team, stakeholders agreed on the problem but not on the exact solution path The situation settled down later, but it made me realize I needed to be more specific and organized.",weak,4,3,2,"metrics, ownership"
476,Describe a time you managed risk during a very busy stretch.,pressure,"This happened during a project where expectations changed and the team had to adjust quickly. to be honest, i also kept the team updated so we could move forward without too much confusion I clarified the immediate issue, spoke with the people involved, and suggested a simple plan to move forward. The issue was resolved without a major delay, and I learned the value of clearer ownership up front.",average,6,5,5,reflection
477,Describe a time you improved something proactively.,initiative,"I dealt with this in an internship where my work directly affected delivery for the broader team. to be honest, the fix was simple but high leverage, which taught me that initiative works best when it is practical I created clarity around the problem, documented the decision path, and followed through until the outcome stabilized. I first clarified the success criteria and the actual risk to the timeline We delivered successfully with better coordination, and the process became a repeatable pattern for future projects.",strong,10,8,10,
478,Tell me about a time you had to define the path yourself.,ambiguity,"I remember this happening in college, and I did not really have a clear plan at first. I tried to help and talk to people, but I was not very structured about it I did what I could in the moment, though I probably should have organized things better. honestly, In a product team, stakeholders agreed on the problem but not on the exact solution path Things improved a little, but the result was not very strong and I learned I needed better structure.",weak,2,4,1,"metrics, ownership"
479,Describe a time requirements were unclear and you still made progress.,ambiguity,"This example comes from a team assignment where we had a deadline and a few unresolved blockers. I proposed a narrow first step so we could learn quickly instead of waiting for perfect clarity I clarified the immediate issue, spoke with the people involved, and suggested a simple plan to move forward. The tricky part was that the situation changed while we were already executing. The project recovered, and people appreciated having a more structured way to communicate progress.",average,7,5,5,metrics
480,Tell me about a time the obvious solution was not enough.,challenge,"This situation came up during a cross-functional effort where I had to balance speed, clarity, and execution. I used the failed attempt as data instead of treating it as wasted effort I gathered missing context, aligned stakeholders on the tradeoffs, and drove a structured recovery plan. We delivered a stable outcome after reworking the plan, and that prevented repeat issues later We delivered successfully with better coordination, and the process became a repeatable pattern for future projects.",strong,8,9,9,
481,Tell me about a time you created value without formal ownership.,initiative,"This came up during an internship task, and I was kind of figuring things out as I went. to be honest, i focused on removing friction that affected multiple people instead of just optimizing my own workflow It improved the workflow enough that later teammates continued using it I mostly tried to help and talk through it, but I was not very structured. I tried to help and talk to people, but I was not very structured about it What made it harder was that not everyone was aligned at the beginning. The situation settled down later, but it made me realize I needed to be more specific and organized.",weak,3,3,3,"decision rationale, result"
482,Describe a time urgent work forced you to prioritize carefully.,pressure,"This example comes from a team assignment where we had a deadline and a few unresolved blockers. I also kept the team updated so we could move forward without too much confusion I listened to different viewpoints, summarized the tradeoffs, and helped the group agree on a practical action. What made it harder was that not everyone was aligned at the beginning. The issue was resolved without a major delay, and I learned the value of clearer ownership up front.",average,7,4,6,reflection
483,Describe a time you earned followership instead of using title or role.,leadership,"This happened during a high-visibility project where the timeline and coordination really mattered. honestly, i made sure quieter teammates were heard, then turned the conversation into concrete next actions I created clarity around the problem, documented the decision path, and followed through until the outcome stabilized. I documented the decision path, followed up on ownership, and kept stakeholders aligned We delivered successfully with better coordination, and the process became a repeatable pattern for future projects.",strong,8,9,10,deeper reflection
484,Describe a time urgent work forced you to prioritize carefully.,pressure,"This was during a team project and honestly things were already a bit messy. basically, i tried to help and talk to people, but I was not very structured about it I mostly tried to help and talk through it, but I was not very structured. I stayed calm, documented the options, and asked for help where it would change the outcome fastest The situation stabilized quickly because we stopped multitasking and focused on the right fixes Looking back, I would set expectations much sooner next time. The situation settled down later, but it made me realize I needed to be more specific and organized.",weak,4,3,2,"decision rationale, result"
485,Tell me about a time your communication made a difference.,communication,"This example comes from a team assignment where we had a deadline and a few unresolved blockers. People aligned faster, the decision moved forward, and confusion dropped after the conversation I clarified the immediate issue, spoke with the people involved, and suggested a simple plan to move forward. What made it harder was that not everyone was aligned at the beginning. The issue was resolved without a major delay, and I learned the value of clearer ownership up front.",average,7,4,6,metrics
486,Describe a time you managed risk during a very busy stretch.,pressure,"This situation came up during a cross-functional effort where I had to balance speed, clarity, and execution. I first clarified the success criteria and the actual risk to the timeline I gathered missing context, aligned stakeholders on the tradeoffs, and drove a structured recovery plan. I avoided trying to fix everything at once and instead focused on the highest-risk path What made it harder was that not everyone was aligned at the beginning. We recovered the timeline, improved alignment across the team, and reused the same approach in later work.",strong,9,9,7,
487,Tell me about a time you aligned people through communication.,communication,"This came up during an internship task, and I was kind of figuring things out as I went. if I am being real, i tried to help and talk to people, but I was not very structured about it I did what I could in the moment, though I probably should have organized things better. The situation settled down later, but it made me realize I needed to be more specific and organized.",weak,3,4,2,"context, result, specific actions"
488,Describe a time you earned followership instead of using title or role.,leadership,"This happened during a project where expectations changed and the team had to adjust quickly. The group became more aligned, and our output quality improved because ownership was visible I clarified the immediate issue, spoke with the people involved, and suggested a simple plan to move forward. The issue was resolved without a major delay, and I learned the value of clearer ownership up front.",average,6,4,5,strong impact
489,Describe a time a message had to be adjusted for the audience.,communication,"This situation came up during a cross-functional effort where I had to balance speed, clarity, and execution. I first clarified the success criteria and the actual risk to the timeline I created clarity around the problem, documented the decision path, and followed through until the outcome stabilized. The team hit the revised milestone, reduced confusion, and my manager called out the clarity of the execution.",strong,9,10,10,deeper reflection
490,Tell me about a time poor communication could have caused a problem.,communication,"This was during a team project and honestly things were already a bit messy. honestly, In a project review, I needed to present a complex issue in a way leadership could act on quickly I did what I could in the moment, though I probably should have organized things better. I tried to help and talk to people, but I was not very structured about it Things improved a little, but the result was not very strong and I learned I needed better structure.",weak,2,4,1,"decision rationale, result"
491,Tell me about a time you missed the mark.,failure,"This example comes from a team assignment where we had a deadline and a few unresolved blockers. In an internship sprint, I gave an optimistic estimate without enough technical discovery first I clarified the immediate issue, spoke with the people involved, and suggested a simple plan to move forward. It was uncomfortable, but it permanently improved how I scope and communicate work The issue was resolved without a major delay, and I learned the value of clearer ownership up front.",average,6,5,5,metrics
492,Describe a time you created alignment across multiple people.,leadership,"This happened during a high-visibility project where the timeline and coordination really mattered. I first clarified the success criteria and the actual risk to the timeline I gathered missing context, aligned stakeholders on the tradeoffs, and drove a structured recovery plan. I created a visible plan with milestones, owners, and check-in points so everyone could see where we stood We recovered the timeline, improved alignment across the team, and reused the same approach in later work.",strong,8,10,10,deeper reflection
493,Describe a time a project lacked clear direction at first.,ambiguity,"I remember this happening in college, and I did not really have a clear plan at first. honestly, During an internship, a project started before the requirements were fully settled I tried to respond quickly, but I did not really define the problem clearly. I turned ambiguity into smaller questions, gathered missing signals, and kept a visible list of assumptions We made steady progress instead of stalling, and the project direction became clearer as we learned more The tricky part was that the situation changed while we were already executing. Things improved a little, but the result was not very strong and I learned I needed better structure.",weak,4,2,1,"metrics, ownership"
494,Tell me about a challenge that required iteration.,challenge,"I faced this situation during an internship when priorities shifted halfway through the work. The problem took longer than expected, but the final result was better because we validated the real root cause I broke the problem into smaller actions, aligned with the team, and followed up on the next steps. I broke the problem into smaller hypotheses, tested them one by one, and tracked what I learned The project recovered, and people appreciated having a more structured way to communicate progress.",average,7,5,4,metrics
495,Describe a time leadership was needed even though you were not the official owner.,leadership,"This situation came up during a cross-functional effort where I had to balance speed, clarity, and execution. The project recovered from drift and my manager mentioned that the coordination improved team confidence I created clarity around the problem, documented the decision path, and followed through until the outcome stabilized. We delivered successfully with better coordination, and the process became a repeatable pattern for future projects.",strong,9,9,9,
496,Tell me about a time you worked through ambiguity.,ambiguity,"This was during a team project and honestly things were already a bit messy. kind of, During an internship, a project started before the requirements were fully settled I mostly tried to help and talk through it, but I was not very structured. We finished eventually, though the outcome was only okay and it showed me I should have communicated earlier.",weak,4,2,2,"clear structure, reflection"
497,Tell me about a time you had to stay calm in a stressful situation.,pressure,"This example comes from a team assignment where we had a deadline and a few unresolved blockers. I made quick tradeoff decisions but explained them clearly so the team stayed aligned I listened to different viewpoints, summarized the tradeoffs, and helped the group agree on a practical action. The project recovered, and people appreciated having a more structured way to communicate progress.",average,6,4,4,metrics
498,Tell me about a time you created structure in an ambiguous situation.,ambiguity,"I dealt with this in an internship where my work directly affected delivery for the broader team. I first clarified the success criteria and the actual risk to the timeline I clarified the success criteria, mapped the blockers, assigned clear owners, and set checkpoints to keep things moving. In a student build, feedback kept changing while implementation had already started We delivered successfully with better coordination, and the process became a repeatable pattern for future projects.",strong,9,8,8,
499,Tell me about a time you started something useful on your own.,initiative,"This came up during an internship task, and I was kind of figuring things out as I went. basically, In a student project, I saw that the team kept losing time because the work tracker was outdated I did what I could in the moment, though I probably should have organized things better. Things improved a little, but the result was not very strong and I learned I needed better structure.",weak,3,2,2,"context, result, specific actions"
500,Describe a disagreement you handled inside a project team.,conflict,"I faced this situation during an internship when priorities shifted halfway through the work. The merge moved forward the next day and the relationship between the teammates improved noticeably I clarified the immediate issue, spoke with the people involved, and suggested a simple plan to move forward. We got the work back on track, and the team had a clearer way to handle similar situations after that.",average,6,4,4,reflection
501,Tell me about a time you led without formal authority.,leadership,"This situation came up during a cross-functional effort where I had to balance speed, clarity, and execution. I documented the decision path, followed up on ownership, and kept stakeholders aligned I clarified the success criteria, mapped the blockers, assigned clear owners, and set checkpoints to keep things moving. During an internship, a feature had many moving parts but no clear day-to-day coordinator Looking back, I would set expectations much sooner next time. We recovered the timeline, improved alignment across the team, and reused the same approach in later work.",strong,9,7,8,deeper reflection
502,Tell me about a time you had to deliver difficult information clearly.,communication,"This was during a team project and honestly things were already a bit messy. I tried to help and talk to people, but I was not very structured about it I tried to respond quickly, but I did not really define the problem clearly. honestly, At an internship, a vague update caused confusion about whether a blocker was resolved We finished eventually, though the outcome was only okay and it showed me I should have communicated earlier.",weak,4,2,2,"clear structure, reflection"
503,Describe a project where teamwork was critical to success.,teamwork,"I faced this situation during an internship when priorities shifted halfway through the work. I checked assumptions early so we did not discover mismatched expectations at the end I broke the problem into smaller actions, aligned with the team, and followed up on the next steps. In a group project, different people owned research, coding, and presentation tasks under a tight timeline The tricky part was that the situation changed while we were already executing. The issue was resolved without a major delay, and I learned the value of clearer ownership up front.",average,6,4,6,deeper ownership
504,Describe a time you solved something more complex than expected.,challenge,"This happened during a high-visibility project where the timeline and coordination really mattered. I stopped assuming the first path was correct and gathered evidence about what was actually failing I created clarity around the problem, documented the decision path, and followed through until the outcome stabilized. The tricky part was that the situation changed while we were already executing. We recovered the timeline, improved alignment across the team, and reused the same approach in later work.",strong,9,7,10,
505,Describe a mistake you would handle differently now.,failure,"This was during a team project and honestly things were already a bit messy. I documented what I got wrong, asked for feedback, and changed how I planned similar work later I earned trust back by being accountable and applying the lesson in the next project I tried to respond quickly, but I did not really define the problem clearly. We finished eventually, though the outcome was only okay and it showed me I should have communicated earlier.",weak,2,3,2,"metrics, ownership"
506,Describe a time urgent work forced you to prioritize carefully.,pressure,"This example comes from a team assignment where we had a deadline and a few unresolved blockers. The situation stabilized quickly because we stopped multitasking and focused on the right fixes I clarified the immediate issue, spoke with the people involved, and suggested a simple plan to move forward. I stayed calm, documented the options, and asked for help where it would change the outcome fastest We got the work back on track, and the team had a clearer way to handle similar situations after that.",average,7,5,5,deeper ownership
507,Describe a time conflict made execution harder than it should have been.,conflict,"I dealt with this in an internship where my work directly affected delivery for the broader team. if I am being real, i documented the decision path, followed up on ownership, and kept stakeholders aligned I gathered missing context, aligned stakeholders on the tradeoffs, and drove a structured recovery plan. One thing I learned from that was that I needed to communicate earlier. We delivered successfully with better coordination, and the process became a repeatable pattern for future projects.",strong,10,9,9,deeper reflection
508,Tell me about a time you made sure nothing fell through the cracks.,ownership,"I remember this happening in college, and I did not really have a clear plan at first. if I am being real, i tried to help and talk to people, but I was not very structured about it I did what I could in the moment, though I probably should have organized things better. Things improved a little, but the result was not very strong and I learned I needed better structure.",weak,2,4,3,"clear structure, reflection"
509,Tell me about a time you resolved a conflict with a teammate.,conflict,"I faced this situation during an internship when priorities shifted halfway through the work. I spoke to both sides separately first, then reframed the issue around the shared deadline and user impact I clarified the immediate issue, spoke with the people involved, and suggested a simple plan to move forward. One thing I learned from that was that I needed to communicate earlier. We got the work back on track, and the team had a clearer way to handle similar situations after that.",average,7,5,6,metrics
510,Describe a team effort where communication mattered as much as execution.,teamwork,"This happened during a high-visibility project where the timeline and coordination really mattered. I first clarified the success criteria and the actual risk to the timeline I clarified the success criteria, mapped the blockers, assigned clear owners, and set checkpoints to keep things moving. I documented the decision path, followed up on ownership, and kept stakeholders aligned We recovered the timeline, improved alignment across the team, and reused the same approach in later work.",strong,10,9,10,deeper reflection
511,Describe a time your plan did not work.,failure,"I remember this happening in college, and I did not really have a clear plan at first. to be honest, basically, At school, I took on too much work personally instead of distributing it earlier I mostly tried to help and talk through it, but I was not very structured. I tried to help and talk to people, but I was not very structured about it Things improved a little, but the result was not very strong and I learned I needed better structure.",weak,3,3,3,"metrics, ownership"
512,Describe a time leadership was needed even though you were not the official owner.,leadership,"This happened during a project where expectations changed and the team had to adjust quickly. The project recovered from drift and my manager mentioned that the coordination improved team confidence I broke the problem into smaller actions, aligned with the team, and followed up on the next steps. At an internship, the team needed someone to connect product feedback with engineering tasks What made it harder was that not everyone was aligned at the beginning. The project recovered, and people appreciated having a more structured way to communicate progress.",average,5,5,5,reflection
513,Tell me about a time you took ownership of something important.,ownership,"I dealt with this in an internship where my work directly affected delivery for the broader team. The issue was resolved more completely because someone was finally watching it end to end I created clarity around the problem, documented the decision path, and followed through until the outcome stabilized. I documented the decision path, followed up on ownership, and kept stakeholders aligned We recovered the timeline, improved alignment across the team, and reused the same approach in later work.",strong,7,8,9,
514,Describe a time a deadline or high-stakes situation tested you.,pressure,"I remember this happening in college, and I did not really have a clear plan at first. kind of, i tried to help and talk to people, but I was not very structured about it I mostly tried to help and talk through it, but I was not very structured. honestly, In a project presentation cycle, several problems surfaced right before the final deadline Things improved a little, but the result was not very strong and I learned I needed better structure.",weak,3,4,3,"metrics, ownership"
515,Describe a time you built trust quickly within a team.,teamwork,"This happened during a project where expectations changed and the team had to adjust quickly. We delivered a stronger result than any one person could have done alone, and the teamwork felt much more efficient by the end I clarified the immediate issue, spoke with the people involved, and suggested a simple plan to move forward. We got the work back on track, and the team had a clearer way to handle similar situations after that.",average,6,5,6,metrics
516,Tell me about a time you noticed a gap and stepped in.,initiative,"I dealt with this in an internship where my work directly affected delivery for the broader team. honestly, the initiative improved delivery speed and made my work more trusted because it helped the whole team I clarified the success criteria, mapped the blockers, assigned clear owners, and set checkpoints to keep things moving. I documented the decision path, followed up on ownership, and kept stakeholders aligned The team hit the revised milestone, reduced confusion, and my manager called out the clarity of the execution.",strong,7,7,10,deeper reflection
517,Describe a time you managed risk during a very busy stretch.,pressure,"I remember this happening in college, and I did not really have a clear plan at first. I tried to help and talk to people, but I was not very structured about it I tried to respond quickly, but I did not really define the problem clearly. kind of, At a student event, last-minute changes forced the team to reorganize work quickly Looking back, I would set expectations much sooner next time. Things improved a little, but the result was not very strong and I learned I needed better structure.",weak,2,2,3,"decision rationale, result"
518,Describe a time you built trust quickly within a team.,teamwork,"This example comes from a team assignment where we had a deadline and a few unresolved blockers. We delivered a stronger result than any one person could have done alone, and the teamwork felt much more efficient by the end I broke the problem into smaller actions, aligned with the team, and followed up on the next steps. The issue was resolved without a major delay, and I learned the value of clearer ownership up front.",average,7,6,4,reflection
519,Describe a time you had to coordinate with people who worked differently from you.,teamwork,"This situation came up during a cross-functional effort where I had to balance speed, clarity, and execution. I documented the decision path, followed up on ownership, and kept stakeholders aligned I clarified the success criteria, mapped the blockers, assigned clear owners, and set checkpoints to keep things moving. I first clarified the success criteria and the actual risk to the timeline The team hit the revised milestone, reduced confusion, and my manager called out the clarity of the execution.",strong,7,9,8,
520,Tell me about a time you treated the result as your responsibility.,ownership,"This was during a team project and honestly things were already a bit messy. basically, kind of, In a student project, the final delivery risk was spread out enough that nobody was truly tracking it I tried to respond quickly, but I did not really define the problem clearly. Things improved a little, but the result was not very strong and I learned I needed better structure.",weak,2,2,3,"clear structure, reflection"
521,Tell me about a time you aligned people through communication.,communication,"I faced this situation during an internship when priorities shifted halfway through the work. to be honest, during a release discussion, several teams were using slightly different definitions of success I clarified the immediate issue, spoke with the people involved, and suggested a simple plan to move forward. Looking back, I would set expectations much sooner next time. We got the work back on track, and the team had a clearer way to handle similar situations after that.",average,7,4,6,reflection
522,Tell me about a time you had to deliver difficult information clearly.,communication,"This situation came up during a cross-functional effort where I had to balance speed, clarity, and execution. The communication helped stakeholders make a timely decision and trust the rationale behind it I clarified the success criteria, mapped the blockers, assigned clear owners, and set checkpoints to keep things moving. The team hit the revised milestone, reduced confusion, and my manager called out the clarity of the execution.",strong,8,8,9,
523,Describe a time you did more than the assigned work because it mattered.,initiative,"I remember this happening in college, and I did not really have a clear plan at first. kind of, i tried to help and talk to people, but I was not very structured about it I tried to respond quickly, but I did not really define the problem clearly. We finished eventually, though the outcome was only okay and it showed me I should have communicated earlier.",weak,4,4,2,"clear structure, reflection"
524,Tell me about a time cross-functional collaboration made the difference.,teamwork,"I faced this situation during an internship when priorities shifted halfway through the work. I translated between technical and non-technical teammates when needed so decisions stayed clear I broke the problem into smaller actions, aligned with the team, and followed up on the next steps. We avoided duplicate work, hit the milestone, and built more trust across the group The project recovered, and people appreciated having a more structured way to communicate progress.",average,7,6,6,deeper ownership
525,Tell me about a time you made sure nothing fell through the cracks.,ownership,"This happened during a high-visibility project where the timeline and coordination really mattered. to be honest, i documented the decision path, followed up on ownership, and kept stakeholders aligned I clarified the success criteria, mapped the blockers, assigned clear owners, and set checkpoints to keep things moving. At an internship, a recurring blocker sat between teams and was easy for everyone to partially ignore The tricky part was that the situation changed while we were already executing. We delivered successfully with better coordination, and the process became a repeatable pattern for future projects.",strong,7,8,9,
526,Describe a time requirements were unclear and you still made progress.,ambiguity,"This was during a team project and honestly things were already a bit messy. I proposed a narrow first step so we could learn quickly instead of waiting for perfect clarity The team avoided paralysis, validated the right path early, and saved time later I did what I could in the moment, though I probably should have organized things better. I tried to help and talk to people, but I was not very structured about it The tricky part was that the situation changed while we were already executing. Things improved a little, but the result was not very strong and I learned I needed better structure.",weak,4,3,2,"decision rationale, result"
527,Tell me about a time pressure revealed your decision-making style.,pressure,"This example comes from a team assignment where we had a deadline and a few unresolved blockers. In a project presentation cycle, several problems surfaced right before the final deadline I broke the problem into smaller actions, aligned with the team, and followed up on the next steps. The project recovered, and people appreciated having a more structured way to communicate progress.",average,7,5,4,strong impact
528,Tell me about a time you collaborated effectively with others.,teamwork,"This happened during a high-visibility project where the timeline and coordination really mattered. honestly, i documented the decision path, followed up on ownership, and kept stakeholders aligned I clarified the success criteria, mapped the blockers, assigned clear owners, and set checkpoints to keep things moving. We recovered the timeline, improved alignment across the team, and reused the same approach in later work.",strong,10,7,7,deeper reflection
529,Tell me about a time you used communication to remove confusion.,communication,"This came up during an internship task, and I was kind of figuring things out as I went. I replaced jargon with plain language, used a simple example, and confirmed understanding before moving on The message landed well because the audience understood both the risk and the recommended path I mostly tried to help and talk through it, but I was not very structured. I tried to help and talk to people, but I was not very structured about it What made it harder was that not everyone was aligned at the beginning. We finished eventually, though the outcome was only okay and it showed me I should have communicated earlier.",weak,4,3,3,"clear structure, reflection"
530,Tell me about a time you created structure in an ambiguous situation.,ambiguity,"This happened during a project where expectations changed and the team had to adjust quickly. to be honest, i also kept the team updated so we could move forward without too much confusion I broke the problem into smaller actions, aligned with the team, and followed up on the next steps. I focused on reducing risk while still moving forward, not on pretending the uncertainty did not exist The project recovered, and people appreciated having a more structured way to communicate progress.",average,6,5,4,deeper ownership
531,Describe a time you built trust quickly within a team.,teamwork,"I dealt with this in an internship where my work directly affected delivery for the broader team. I documented the decision path, followed up on ownership, and kept stakeholders aligned I gathered missing context, aligned stakeholders on the tradeoffs, and drove a structured recovery plan. We delivered a stronger result than any one person could have done alone, and the teamwork felt much more efficient by the end We recovered the timeline, improved alignment across the team, and reused the same approach in later work.",strong,7,7,8,
532,Describe a challenge that made you change course.,challenge,"I remember this happening in college, and I did not really have a clear plan at first. honestly, to be honest, In a student product project, a dependency behaved differently from the documentation I did what I could in the moment, though I probably should have organized things better. I balanced persistence with realism, which meant changing the design once the facts clearly supported it The final solution held up well because we iterated instead of forcing the first design The situation settled down later, but it made me realize I needed to be more specific and organized.",weak,3,2,2,"context, result, specific actions"
533,Describe a time you led execution when the team needed clarity.,leadership,"This example comes from a team assignment where we had a deadline and a few unresolved blockers. to be honest, we hit the target with less last-minute churn than expected I broke the problem into smaller actions, aligned with the team, and followed up on the next steps. The project recovered, and people appreciated having a more structured way to communicate progress.",average,7,6,4,deeper ownership
534,Describe a time a message had to be adjusted for the audience.,communication,"This happened during a high-visibility project where the timeline and coordination really mattered. I first clarified the success criteria and the actual risk to the timeline I gathered missing context, aligned stakeholders on the tradeoffs, and drove a structured recovery plan. The communication helped stakeholders make a timely decision and trust the rationale behind it We recovered the timeline, improved alignment across the team, and reused the same approach in later work.",strong,8,10,9,
535,Tell me about a time you took initiative to lead a delivery effort.,leadership,"This came up during an internship task, and I was kind of figuring things out as I went. if I am being real, honestly, In a student project, the team had strong ideas but no one was keeping decisions organized I did what I could in the moment, though I probably should have organized things better. I tried to help and talk to people, but I was not very structured about it Things improved a little, but the result was not very strong and I learned I needed better structure.",weak,2,3,1,"context, result, specific actions"
536,Describe a time you proactively improved team execution.,initiative,"This example comes from a team assignment where we had a deadline and a few unresolved blockers. In a class project, repeated setup issues were wasting time for new teammates I listened to different viewpoints, summarized the tradeoffs, and helped the group agree on a practical action. What made it harder was that not everyone was aligned at the beginning. We got the work back on track, and the team had a clearer way to handle similar situations after that.",average,7,5,6,metrics
537,Describe a time leadership was needed even though you were not the official owner.,leadership,"This happened during a high-visibility project where the timeline and coordination really mattered. honestly, at an internship, the team needed someone to connect product feedback with engineering tasks I clarified the success criteria, mapped the blockers, assigned clear owners, and set checkpoints to keep things moving. The team hit the revised milestone, reduced confusion, and my manager called out the clarity of the execution.",strong,7,9,9,
538,Tell me about a time you performed under pressure.,pressure,"I remember this happening in college, and I did not really have a clear plan at first. basically, i reduced the noise by identifying what truly had to happen first and what could wait We got through the deadline without unnecessary panic and delivered the most important work successfully I did what I could in the moment, though I probably should have organized things better. I tried to help and talk to people, but I was not very structured about it The situation settled down later, but it made me realize I needed to be more specific and organized.",weak,3,4,1,"context, result, specific actions"
539,Describe a team effort where communication mattered as much as execution.,teamwork,"This example comes from a team assignment where we had a deadline and a few unresolved blockers. At an internship, one deliverable required tight handoffs between backend, frontend, and product I clarified the immediate issue, spoke with the people involved, and suggested a simple plan to move forward. I also kept the team updated so we could move forward without too much confusion The issue was resolved without a major delay, and I learned the value of clearer ownership up front.",average,5,5,6,deeper ownership
540,Describe a time you went beyond execution and owned the outcome.,ownership,"This situation came up during a cross-functional effort where I had to balance speed, clarity, and execution. The problem stopped bouncing between people and the resolution happened faster I clarified the success criteria, mapped the blockers, assigned clear owners, and set checkpoints to keep things moving. I first clarified the success criteria and the actual risk to the timeline We recovered the timeline, improved alignment across the team, and reused the same approach in later work.",strong,9,7,8,
541,Describe a mistake you would handle differently now.,failure,"I remember this happening in college, and I did not really have a clear plan at first. I documented what I got wrong, asked for feedback, and changed how I planned similar work later I earned trust back by being accountable and applying the lesson in the next project I tried to respond quickly, but I did not really define the problem clearly. to be honest, In a student project, I assumed a task would be quick and did not surface risk early enough The situation settled down later, but it made me realize I needed to be more specific and organized.",weak,2,3,1,"context, result, specific actions"
542,Tell me about a time you failed and what you learned.,failure,"I faced this situation during an internship when priorities shifted halfway through the work. basically, i also kept the team updated so we could move forward without too much confusion I listened to different viewpoints, summarized the tradeoffs, and helped the group agree on a practical action. The tricky part was that the situation changed while we were already executing. The issue was resolved without a major delay, and I learned the value of clearer ownership up front.",average,6,5,6,metrics
543,Tell me about a time you collaborated effectively with others.,teamwork,"This situation came up during a cross-functional effort where I had to balance speed, clarity, and execution. kind of, during my internship, engineering, design, and QA all depended on each other to ship one workflow I created clarity around the problem, documented the decision path, and followed through until the outcome stabilized. We delivered a stronger result than any one person could have done alone, and the teamwork felt much more efficient by the end We recovered the timeline, improved alignment across the team, and reused the same approach in later work.",strong,8,8,8,deeper reflection
544,Describe a time your communication changed a decision.,communication,"I remember this happening in college, and I did not really have a clear plan at first. basically, During a release discussion, several teams were using slightly different definitions of success I did what I could in the moment, though I probably should have organized things better. I tried to help and talk to people, but I was not very structured about it The situation settled down later, but it made me realize I needed to be more specific and organized.",weak,3,4,3,"decision rationale, result"
545,Tell me about a time poor communication could have caused a problem.,communication,"This example comes from a team assignment where we had a deadline and a few unresolved blockers. to be honest, in a project review, I needed to present a complex issue in a way leadership could act on quickly I broke the problem into smaller actions, aligned with the team, and followed up on the next steps. The issue was resolved without a major delay, and I learned the value of clearer ownership up front.",average,5,4,6,reflection
546,Describe a time uncertainty made execution difficult.,ambiguity,"This situation came up during a cross-functional effort where I had to balance speed, clarity, and execution. to be honest, i documented the decisions we were making under uncertainty and what would cause us to revisit them I created clarity around the problem, documented the decision path, and followed through until the outcome stabilized. I documented the decision path, followed up on ownership, and kept stakeholders aligned Looking back, I would set expectations much sooner next time. The team hit the revised milestone, reduced confusion, and my manager called out the clarity of the execution.",strong,9,8,8,deeper reflection
547,Tell me about a time you treated the result as your responsibility.,ownership,"This came up during an internship task, and I was kind of figuring things out as I went. I tried to help and talk to people, but I was not very structured about it I tried to respond quickly, but I did not really define the problem clearly. kind of, In a student project, the final delivery risk was spread out enough that nobody was truly tracking it The situation settled down later, but it made me realize I needed to be more specific and organized.",weak,2,4,3,"clear structure, reflection"
548,Tell me about a time you had to rethink your approach to a challenge.,challenge,"This happened during a project where expectations changed and the team had to adjust quickly. I also kept the team updated so we could move forward without too much confusion I listened to different viewpoints, summarized the tradeoffs, and helped the group agree on a practical action. We got the work back on track, and the team had a clearer way to handle similar situations after that.",average,6,4,6,reflection
549,Describe a time uncertainty made execution difficult.,ambiguity,"I dealt with this in an internship where my work directly affected delivery for the broader team. At an internship, the team knew something needed improvement but not yet which direction would work best I gathered missing context, aligned stakeholders on the tradeoffs, and drove a structured recovery plan. We delivered successfully with better coordination, and the process became a repeatable pattern for future projects.",strong,7,8,9,
550,Tell me about a time poor communication could have caused a problem.,communication,"This came up during an internship task, and I was kind of figuring things out as I went. to be honest, i tried to help and talk to people, but I was not very structured about it I mostly tried to help and talk through it, but I was not very structured. I thought carefully about what was important to say, what was noise, and what action the audience needed next It showed me that good communication is often about clarity and framing, not just detail Looking back, I would set expectations much sooner next time. The situation settled down later, but it made me realize I needed to be more specific and organized.",weak,4,2,2,"decision rationale, result"
551,Tell me about a time you set direction for a group project.,leadership,"I faced this situation during an internship when priorities shifted halfway through the work. The project recovered from drift and my manager mentioned that the coordination improved team confidence I clarified the immediate issue, spoke with the people involved, and suggested a simple plan to move forward. I also kept the team updated so we could move forward without too much confusion What made it harder was that not everyone was aligned at the beginning. The project recovered, and people appreciated having a more structured way to communicate progress.",average,6,6,4,strong impact
552,Tell me about a time you faced a challenge that took persistence.,challenge,"This happened during a high-visibility project where the timeline and coordination really mattered. kind of, during a team build, the integration problem was harder than what the initial plan assumed I created clarity around the problem, documented the decision path, and followed through until the outcome stabilized. I kept the team informed when I needed to change direction so nobody planned around old assumptions One thing I learned from that was that I needed to communicate earlier. We delivered successfully with better coordination, and the process became a repeatable pattern for future projects.",strong,7,8,10,
553,Walk me through a time team tension affected delivery.,conflict,"This came up during an internship task, and I was kind of figuring things out as I went. I tried to help and talk to people, but I was not very structured about it I did what I could in the moment, though I probably should have organized things better. kind of, On a student product team, two contributors wanted different priorities for the same sprint The situation settled down later, but it made me realize I needed to be more specific and organized.",weak,4,2,3,"clear structure, reflection"
554,Describe a project where teamwork was critical to success.,teamwork,"This example comes from a team assignment where we had a deadline and a few unresolved blockers. In a group project, different people owned research, coding, and presentation tasks under a tight timeline I broke the problem into smaller actions, aligned with the team, and followed up on the next steps. We got the work back on track, and the team had a clearer way to handle similar situations after that.",average,5,4,5,strong impact
555,Describe a time a deadline or high-stakes situation tested you.,pressure,"This happened during a high-visibility project where the timeline and coordination really mattered. I documented the decision path, followed up on ownership, and kept stakeholders aligned I created clarity around the problem, documented the decision path, and followed through until the outcome stabilized. We delivered successfully with better coordination, and the process became a repeatable pattern for future projects.",strong,7,8,8,deeper reflection
556,Tell me about a time you made sure nothing fell through the cracks.,ownership,"This came up during an internship task, and I was kind of figuring things out as I went. I tried to help and talk to people, but I was not very structured about it I mostly tried to help and talk through it, but I was not very structured. We finished eventually, though the outcome was only okay and it showed me I should have communicated earlier.",weak,4,4,1,"context, result, specific actions"
557,Tell me about a time your communication made a difference.,communication,"I faced this situation during an internship when priorities shifted halfway through the work. People aligned faster, the decision moved forward, and confusion dropped after the conversation I listened to different viewpoints, summarized the tradeoffs, and helped the group agree on a practical action. I also kept the team updated so we could move forward without too much confusion The project recovered, and people appreciated having a more structured way to communicate progress.",average,6,5,6,strong impact
558,Describe a time urgent work forced you to prioritize carefully.,pressure,"I dealt with this in an internship where my work directly affected delivery for the broader team. I stayed calm, documented the options, and asked for help where it would change the outcome fastest I clarified the success criteria, mapped the blockers, assigned clear owners, and set checkpoints to keep things moving. I documented the decision path, followed up on ownership, and kept stakeholders aligned We recovered the timeline, improved alignment across the team, and reused the same approach in later work.",strong,7,7,9,
559,Tell me about a time your communication made a difference.,communication,"This was during a team project and honestly things were already a bit messy. to be honest, to be honest, During an internship, I had to explain a technical tradeoff to non-technical stakeholders I mostly tried to help and talk through it, but I was not very structured. Things improved a little, but the result was not very strong and I learned I needed better structure.",weak,3,2,3,"context, result, specific actions"
560,Describe a time your ownership improved the final result.,ownership,"I faced this situation during an internship when priorities shifted halfway through the work. to be honest, i also kept the team updated so we could move forward without too much confusion I clarified the immediate issue, spoke with the people involved, and suggested a simple plan to move forward. The issue was resolved without a major delay, and I learned the value of clearer ownership up front.",average,7,4,6,reflection
561,Tell me about a time you had to define the path yourself.,ambiguity,"I dealt with this in an internship where my work directly affected delivery for the broader team. I first clarified the success criteria and the actual risk to the timeline I gathered missing context, aligned stakeholders on the tradeoffs, and drove a structured recovery plan. The tricky part was that the situation changed while we were already executing. The team hit the revised milestone, reduced confusion, and my manager called out the clarity of the execution.",strong,9,10,7,deeper reflection
562,Describe a time you had to coordinate with people who worked differently from you.,teamwork,"This came up during an internship task, and I was kind of figuring things out as I went. honestly, During a campus organization project, multiple people were contributing asynchronously I did what I could in the moment, though I probably should have organized things better. Things improved a little, but the result was not very strong and I learned I needed better structure.",weak,2,3,2,"metrics, ownership"
563,Describe a time you made progress with incomplete information.,ambiguity,"This happened during a project where expectations changed and the team had to adjust quickly. It taught me that ambiguity is manageable when you turn it into smaller decisions and feedback loops I broke the problem into smaller actions, aligned with the team, and followed up on the next steps. The project recovered, and people appreciated having a more structured way to communicate progress.",average,7,4,4,strong impact
564,Describe a time a hard problem pushed you out of your comfort zone.,challenge,"This happened during a high-visibility project where the timeline and coordination really mattered. I broke the problem into smaller hypotheses, tested them one by one, and tracked what I learned I created clarity around the problem, documented the decision path, and followed through until the outcome stabilized. I first clarified the success criteria and the actual risk to the timeline We delivered successfully with better coordination, and the process became a repeatable pattern for future projects.",strong,10,7,10,
565,Tell me about a time you improved the way a team worked together.,teamwork,"This came up during an internship task, and I was kind of figuring things out as I went. I tried to help and talk to people, but I was not very structured about it I did what I could in the moment, though I probably should have organized things better. kind of, During a campus organization project, multiple people were contributing asynchronously We finished eventually, though the outcome was only okay and it showed me I should have communicated earlier.",weak,4,3,3,"metrics, ownership"
566,Describe a time you had to explain something complex clearly.,communication,"This happened during a project where expectations changed and the team had to adjust quickly. honestly, in a student team, people had different understandings of what the project milestone meant I broke the problem into smaller actions, aligned with the team, and followed up on the next steps. The message landed well because the audience understood both the risk and the recommended path We got the work back on track, and the team had a clearer way to handle similar situations after that.",average,7,4,4,strong impact
567,Tell me about a time your communication made a difference.,communication,"I dealt with this in an internship where my work directly affected delivery for the broader team. People aligned faster, the decision moved forward, and confusion dropped after the conversation I clarified the success criteria, mapped the blockers, assigned clear owners, and set checkpoints to keep things moving. We recovered the timeline, improved alignment across the team, and reused the same approach in later work.",strong,10,10,8,
568,Describe a time a deadline or high-stakes situation tested you.,pressure,"This came up during an internship task, and I was kind of figuring things out as I went. I tried to help and talk to people, but I was not very structured about it I tried to respond quickly, but I did not really define the problem clearly. honestly, In a project presentation cycle, several problems surfaced right before the final deadline Things improved a little, but the result was not very strong and I learned I needed better structure.",weak,3,2,3,"decision rationale, result"
569,Describe a time you improved something proactively.,initiative,"This example comes from a team assignment where we had a deadline and a few unresolved blockers. At an internship, I saw a recurring communication gap between the feature owner and implementers I clarified the immediate issue, spoke with the people involved, and suggested a simple plan to move forward. One thing I learned from that was that I needed to communicate earlier. The issue was resolved without a major delay, and I learned the value of clearer ownership up front.",average,6,4,4,reflection
570,Tell me about a time your communication made a difference.,communication,"I dealt with this in an internship where my work directly affected delivery for the broader team. I adjusted the level of detail for the audience and focused on the decision they actually needed to make I clarified the success criteria, mapped the blockers, assigned clear owners, and set checkpoints to keep things moving. People aligned faster, the decision moved forward, and confusion dropped after the conversation We recovered the timeline, improved alignment across the team, and reused the same approach in later work.",strong,9,7,7,deeper reflection
571,Tell me about a time your team depended on strong collaboration.,teamwork,"I remember this happening in college, and I did not really have a clear plan at first. I shared progress and risks openly, which made it easier for others to adjust their work in time We finished with less confusion and much better visibility than at the start I tried to respond quickly, but I did not really define the problem clearly. Looking back, I would set expectations much sooner next time. Things improved a little, but the result was not very strong and I learned I needed better structure.",weak,4,3,1,"context, result, specific actions"
572,Tell me about a time your communication made a difference.,communication,"This happened during a project where expectations changed and the team had to adjust quickly. People aligned faster, the decision moved forward, and confusion dropped after the conversation I listened to different viewpoints, summarized the tradeoffs, and helped the group agree on a practical action. Looking back, I would set expectations much sooner next time. The issue was resolved without a major delay, and I learned the value of clearer ownership up front.",average,6,6,5,strong impact
573,Describe a failure that taught you something important.,failure,"This situation came up during a cross-functional effort where I had to balance speed, clarity, and execution. Once I saw the miss, I owned it directly, explained the impact clearly, and shifted into recovery mode instead of defending the mistake I gathered missing context, aligned stakeholders on the tradeoffs, and drove a structured recovery plan. We delivered successfully with better coordination, and the process became a repeatable pattern for future projects.",strong,10,9,9,
574,Describe a time you built trust quickly within a team.,teamwork,"This came up during an internship task, and I was kind of figuring things out as I went. honestly, During my internship, engineering, design, and QA all depended on each other to ship one workflow I mostly tried to help and talk through it, but I was not very structured. I made communication simpler by keeping one shared tracker, one update rhythm, and one source of truth We delivered a stronger result than any one person could have done alone, and the teamwork felt much more efficient by the end We finished eventually, though the outcome was only okay and it showed me I should have communicated earlier.",weak,2,4,3,"context, result, specific actions"
575,Describe a time you went beyond execution and owned the outcome.,ownership,"This happened during a project where expectations changed and the team had to adjust quickly. During a release cycle, a handoff issue was hurting quality but was not clearly assigned to one person I clarified the immediate issue, spoke with the people involved, and suggested a simple plan to move forward. I made ownership explicit, closed loops with others, and did not assume silence meant things were handled The tricky part was that the situation changed while we were already executing. We got the work back on track, and the team had a clearer way to handle similar situations after that.",average,6,6,5,reflection
576,Tell me about a time you took accountability for a messy situation.,ownership,"This situation came up during a cross-functional effort where I had to balance speed, clarity, and execution. honestly, i documented the decision path, followed up on ownership, and kept stakeholders aligned I clarified the success criteria, mapped the blockers, assigned clear owners, and set checkpoints to keep things moving. We delivered successfully with better coordination, and the process became a repeatable pattern for future projects.",strong,8,9,9,
577,Describe a time you stayed with a problem until it was fully resolved.,ownership,"I remember this happening in college, and I did not really have a clear plan at first. I treated the end result as my responsibility, even when I needed help from several people to get there The issue was resolved more completely because someone was finally watching it end to end I tried to respond quickly, but I did not really define the problem clearly. I tried to help and talk to people, but I was not very structured about it Things improved a little, but the result was not very strong and I learned I needed better structure.",weak,4,4,2,"clear structure, reflection"
578,Describe a time you built trust quickly within a team.,teamwork,"I faced this situation during an internship when priorities shifted halfway through the work. I made communication simpler by keeping one shared tracker, one update rhythm, and one source of truth I listened to different viewpoints, summarized the tradeoffs, and helped the group agree on a practical action. During my internship, engineering, design, and QA all depended on each other to ship one workflow The project recovered, and people appreciated having a more structured way to communicate progress.",average,7,5,4,metrics
579,Tell me about a time you identified an issue early and acted.,initiative,"This happened during a high-visibility project where the timeline and coordination really mattered. kind of, i first clarified the success criteria and the actual risk to the timeline I clarified the success criteria, mapped the blockers, assigned clear owners, and set checkpoints to keep things moving. I documented the decision path, followed up on ownership, and kept stakeholders aligned The tricky part was that the situation changed while we were already executing. We delivered successfully with better coordination, and the process became a repeatable pattern for future projects.",strong,7,10,9,
580,Tell me about a time you created structure in an ambiguous situation.,ambiguity,"This came up during an internship task, and I was kind of figuring things out as I went. kind of, kind of, In a student build, feedback kept changing while implementation had already started I mostly tried to help and talk through it, but I was not very structured. I tried to help and talk to people, but I was not very structured about it Things improved a little, but the result was not very strong and I learned I needed better structure.",weak,3,3,3,"decision rationale, result"
581,Describe a challenge that made you change course.,challenge,"I faced this situation during an internship when priorities shifted halfway through the work. I balanced persistence with realism, which meant changing the design once the facts clearly supported it I clarified the immediate issue, spoke with the people involved, and suggested a simple plan to move forward. The issue was resolved without a major delay, and I learned the value of clearer ownership up front.",average,7,5,4,metrics
582,Tell me about a time you organized others around a goal.,leadership,"This happened during a high-visibility project where the timeline and coordination really mattered. I documented decisions and followed through on the details so the momentum did not fade after meetings I created clarity around the problem, documented the decision path, and followed through until the outcome stabilized. One thing I learned from that was that I needed to communicate earlier. We delivered successfully with better coordination, and the process became a repeatable pattern for future projects.",strong,9,10,8,
583,Describe a time you managed risk during a very busy stretch.,pressure,"This came up during an internship task, and I was kind of figuring things out as I went. to be honest, i tried to help and talk to people, but I was not very structured about it I mostly tried to help and talk through it, but I was not very structured. The situation settled down later, but it made me realize I needed to be more specific and organized.",weak,3,2,2,"context, result, specific actions"
584,Tell me about a time you worked through ambiguity.,ambiguity,"This happened during a project where expectations changed and the team had to adjust quickly. During an internship, a project started before the requirements were fully settled I listened to different viewpoints, summarized the tradeoffs, and helped the group agree on a practical action. The issue was resolved without a major delay, and I learned the value of clearer ownership up front.",average,5,4,6,metrics
585,Describe a time you stayed with a problem until it was fully resolved.,ownership,"This happened during a high-visibility project where the timeline and coordination really mattered. I first clarified the success criteria and the actual risk to the timeline I created clarity around the problem, documented the decision path, and followed through until the outcome stabilized. The issue was resolved more completely because someone was finally watching it end to end The team hit the revised milestone, reduced confusion, and my manager called out the clarity of the execution.",strong,8,7,10,deeper reflection
586,Describe a time you proactively improved team execution.,initiative,"I remember this happening in college, and I did not really have a clear plan at first. honestly, In a class project, repeated setup issues were wasting time for new teammates I tried to respond quickly, but I did not really define the problem clearly. I focused on removing friction that affected multiple people instead of just optimizing my own workflow It improved the workflow enough that later teammates continued using it Things improved a little, but the result was not very strong and I learned I needed better structure.",weak,3,4,2,"context, result, specific actions"
587,Describe a time you made progress with incomplete information.,ambiguity,"I faced this situation during an internship when priorities shifted halfway through the work. It taught me that ambiguity is manageable when you turn it into smaller decisions and feedback loops I broke the problem into smaller actions, aligned with the team, and followed up on the next steps. I also kept the team updated so we could move forward without too much confusion We got the work back on track, and the team had a clearer way to handle similar situations after that.",average,5,5,6,deeper ownership
588,Tell me about a time you collaborated effectively with others.,teamwork,"This situation came up during a cross-functional effort where I had to balance speed, clarity, and execution. I first clarified the success criteria and the actual risk to the timeline I created clarity around the problem, documented the decision path, and followed through until the outcome stabilized. We recovered the timeline, improved alignment across the team, and reused the same approach in later work.",strong,8,8,10,
589,Describe a time you had to explain something complex clearly.,communication,"I remember this happening in college, and I did not really have a clear plan at first. basically, i replaced jargon with plain language, used a simple example, and confirmed understanding before moving on The message landed well because the audience understood both the risk and the recommended path I mostly tried to help and talk through it, but I was not very structured. I tried to help and talk to people, but I was not very structured about it The situation settled down later, but it made me realize I needed to be more specific and organized.",weak,2,2,1,"metrics, ownership"
590,Tell me about a time you collaborated effectively with others.,teamwork,"This example comes from a team assignment where we had a deadline and a few unresolved blockers. I made communication simpler by keeping one shared tracker, one update rhythm, and one source of truth I clarified the immediate issue, spoke with the people involved, and suggested a simple plan to move forward. The project recovered, and people appreciated having a more structured way to communicate progress.",average,5,4,6,deeper ownership
591,Tell me about a time you had to move without a full answer.,ambiguity,"I dealt with this in an internship where my work directly affected delivery for the broader team. kind of, the ambiguity did not disappear immediately, but we created enough structure to execute confidently I clarified the success criteria, mapped the blockers, assigned clear owners, and set checkpoints to keep things moving. I first clarified the success criteria and the actual risk to the timeline What made it harder was that not everyone was aligned at the beginning. The team hit the revised milestone, reduced confusion, and my manager called out the clarity of the execution.",strong,7,9,7,deeper reflection
592,Describe a time you managed risk during a very busy stretch.,pressure,"I remember this happening in college, and I did not really have a clear plan at first. I avoided trying to fix everything at once and instead focused on the highest-risk path We recovered enough to meet the key milestone, and I learned how much clarity matters when time is tight I mostly tried to help and talk through it, but I was not very structured. kind of, At a student event, last-minute changes forced the team to reorganize work quickly What made it harder was that not everyone was aligned at the beginning. The situation settled down later, but it made me realize I needed to be more specific and organized.",weak,3,4,3,"decision rationale, result"
593,Describe a failure that taught you something important.,failure,"I faced this situation during an internship when priorities shifted halfway through the work. During an internship, I underestimated how much validation a feature needed before rollout I broke the problem into smaller actions, aligned with the team, and followed up on the next steps. The short-term miss was real, but later work improved because I handled planning and communication much more carefully The tricky part was that the situation changed while we were already executing. The issue was resolved without a major delay, and I learned the value of clearer ownership up front.",average,6,4,6,strong impact
594,Tell me about a time the obvious solution was not enough.,challenge,"This situation came up during a cross-functional effort where I had to balance speed, clarity, and execution. to be honest, i first clarified the success criteria and the actual risk to the timeline I created clarity around the problem, documented the decision path, and followed through until the outcome stabilized. I documented the decision path, followed up on ownership, and kept stakeholders aligned We delivered successfully with better coordination, and the process became a repeatable pattern for future projects.",strong,8,9,7,deeper reflection
595,Describe a time uncertainty made execution difficult.,ambiguity,"I remember this happening in college, and I did not really have a clear plan at first. I documented the decisions we were making under uncertainty and what would cause us to revisit them The work moved forward without reckless guessing because assumptions were explicit and tested I mostly tried to help and talk through it, but I was not very structured. I tried to help and talk to people, but I was not very structured about it The situation settled down later, but it made me realize I needed to be more specific and organized.",weak,2,3,2,"metrics, ownership"
596,Tell me about a time you had to deliver difficult information clearly.,communication,"This example comes from a team assignment where we had a deadline and a few unresolved blockers. I also kept the team updated so we could move forward without too much confusion I listened to different viewpoints, summarized the tradeoffs, and helped the group agree on a practical action. Looking back, I would set expectations much sooner next time. The issue was resolved without a major delay, and I learned the value of clearer ownership up front.",average,7,4,6,metrics
597,Tell me about a time you improved the way a team worked together.,teamwork,"This situation came up during a cross-functional effort where I had to balance speed, clarity, and execution. I first clarified the success criteria and the actual risk to the timeline I gathered missing context, aligned stakeholders on the tradeoffs, and drove a structured recovery plan. I documented the decision path, followed up on ownership, and kept stakeholders aligned We recovered the timeline, improved alignment across the team, and reused the same approach in later work.",strong,10,8,7,
598,Describe a time uncertainty made execution difficult.,ambiguity,"This came up during an internship task, and I was kind of figuring things out as I went. kind of, At an internship, the team knew something needed improvement but not yet which direction would work best I mostly tried to help and talk through it, but I was not very structured. I tried to help and talk to people, but I was not very structured about it The situation settled down later, but it made me realize I needed to be more specific and organized.",weak,3,2,3,"context, result, specific actions"
599,Tell me about a challenge that required iteration.,challenge,"I faced this situation during an internship when priorities shifted halfway through the work. In a class project, our first design failed once we tested it with real users I clarified the immediate issue, spoke with the people involved, and suggested a simple plan to move forward. I also kept the team updated so we could move forward without too much confusion What made it harder was that not everyone was aligned at the beginning. We got the work back on track, and the team had a clearer way to handle similar situations after that.",average,6,5,4,metrics
600,Describe a time you solved something more complex than expected.,challenge,"I dealt with this in an internship where my work directly affected delivery for the broader team. I stopped assuming the first path was correct and gathered evidence about what was actually failing I created clarity around the problem, documented the decision path, and followed through until the outcome stabilized. During my internship, a workflow looked simple at first but had several hidden edge cases The team hit the revised milestone, reduced confusion, and my manager called out the clarity of the execution.",strong,9,8,8,
601,Describe a time you had to simplify technical detail for others.,communication,"This was during a team project and honestly things were already a bit messy. I tried to help and talk to people, but I was not very structured about it I mostly tried to help and talk through it, but I was not very structured. I adjusted the level of detail for the audience and focused on the decision they actually needed to make People aligned faster, the decision moved forward, and confusion dropped after the conversation The situation settled down later, but it made me realize I needed to be more specific and organized.",weak,2,4,2,"metrics, ownership"
602,Tell me about a time you had to balance different opinions on a team.,conflict,"This happened during a project where expectations changed and the team had to adjust quickly. if I am being real, i set up a short alignment meeting, wrote down the tradeoffs, and pushed the team toward one decision we could all support I broke the problem into smaller actions, aligned with the team, and followed up on the next steps. Looking back, I would set expectations much sooner next time. The project recovered, and people appreciated having a more structured way to communicate progress.",average,5,5,4,strong impact
603,Tell me about a time poor communication could have caused a problem.,communication,"I dealt with this in an internship where my work directly affected delivery for the broader team. I first clarified the success criteria and the actual risk to the timeline I clarified the success criteria, mapped the blockers, assigned clear owners, and set checkpoints to keep things moving. In a project review, I needed to present a complex issue in a way leadership could act on quickly We delivered successfully with better coordination, and the process became a repeatable pattern for future projects.",strong,8,9,8,
604,Describe a time urgent work forced you to prioritize carefully.,pressure,"This came up during an internship task, and I was kind of figuring things out as I went. I stayed calm, documented the options, and asked for help where it would change the outcome fastest The situation stabilized quickly because we stopped multitasking and focused on the right fixes I mostly tried to help and talk through it, but I was not very structured. I tried to help and talk to people, but I was not very structured about it The situation settled down later, but it made me realize I needed to be more specific and organized.",weak,2,4,1,"context, result, specific actions"
605,Describe a time your ownership improved the final result.,ownership,"This happened during a project where expectations changed and the team had to adjust quickly. I also kept the team updated so we could move forward without too much confusion I broke the problem into smaller actions, aligned with the team, and followed up on the next steps. The project recovered, and people appreciated having a more structured way to communicate progress.",average,7,6,5,metrics
606,Tell me about a time you had to stay calm in a stressful situation.,pressure,"This happened during a high-visibility project where the timeline and coordination really mattered. to be honest, i documented the decision path, followed up on ownership, and kept stakeholders aligned I created clarity around the problem, documented the decision path, and followed through until the outcome stabilized. I made quick tradeoff decisions but explained them clearly so the team stayed aligned The team hit the revised milestone, reduced confusion, and my manager called out the clarity of the execution.",strong,8,9,10,
607,Tell me about a time teamwork helped solve a difficult problem.,teamwork,"I remember this happening in college, and I did not really have a clear plan at first. I checked assumptions early so we did not discover mismatched expectations at the end The project landed successfully, and our handoffs became much smoother after we aligned the workflow I did what I could in the moment, though I probably should have organized things better. to be honest, In a group project, different people owned research, coding, and presentation tasks under a tight timeline The situation settled down later, but it made me realize I needed to be more specific and organized.",weak,4,3,2,"clear structure, reflection"
608,Tell me about a time you had to deliver difficult information clearly.,communication,"I faced this situation during an internship when priorities shifted halfway through the work. At an internship, a vague update caused confusion about whether a blocker was resolved I broke the problem into smaller actions, aligned with the team, and followed up on the next steps. I also kept the team updated so we could move forward without too much confusion One thing I learned from that was that I needed to communicate earlier. The project recovered, and people appreciated having a more structured way to communicate progress.",average,6,6,5,deeper ownership
609,Tell me about a time you treated the result as your responsibility.,ownership,"I dealt with this in an internship where my work directly affected delivery for the broader team. It reinforced that ownership is really about the outcome, not just the assigned task list I created clarity around the problem, documented the decision path, and followed through until the outcome stabilized. We recovered the timeline, improved alignment across the team, and reused the same approach in later work.",strong,8,7,8,deeper reflection
610,Describe a time requirements were unclear and you still made progress.,ambiguity,"This was during a team project and honestly things were already a bit messy. basically, basically, In a product team, stakeholders agreed on the problem but not on the exact solution path I mostly tried to help and talk through it, but I was not very structured. We finished eventually, though the outcome was only okay and it showed me I should have communicated earlier.",weak,2,2,1,"clear structure, reflection"
611,Describe a time you owned a problem end to end.,ownership,"This example comes from a team assignment where we had a deadline and a few unresolved blockers. I also kept the team updated so we could move forward without too much confusion I listened to different viewpoints, summarized the tradeoffs, and helped the group agree on a practical action. In a capstone project, one important task kept slipping because responsibility was fragmented What made it harder was that not everyone was aligned at the beginning. The project recovered, and people appreciated having a more structured way to communicate progress.",average,7,4,4,strong impact
612,Tell me about a time you had to define the path yourself.,ambiguity,"I dealt with this in an internship where my work directly affected delivery for the broader team. I proposed a narrow first step so we could learn quickly instead of waiting for perfect clarity I gathered missing context, aligned stakeholders on the tradeoffs, and drove a structured recovery plan. I documented the decision path, followed up on ownership, and kept stakeholders aligned We delivered successfully with better coordination, and the process became a repeatable pattern for future projects.",strong,7,9,8,
613,Describe a time conflict made execution harder than it should have been.,conflict,"I remember this happening in college, and I did not really have a clear plan at first. kind of, basically, At an internship, code review comments became defensive and slowed the merge process I did what I could in the moment, though I probably should have organized things better. We finished eventually, though the outcome was only okay and it showed me I should have communicated earlier.",weak,2,4,2,"metrics, ownership"
614,Tell me about a time you handled pressure without losing focus.,pressure,"This happened during a project where expectations changed and the team had to adjust quickly. We recovered enough to meet the key milestone, and I learned how much clarity matters when time is tight I broke the problem into smaller actions, aligned with the team, and followed up on the next steps. The project recovered, and people appreciated having a more structured way to communicate progress.",average,7,4,6,reflection
615,Tell me about a time you had to reduce ambiguity for others.,ambiguity,"I dealt with this in an internship where my work directly affected delivery for the broader team. to be honest, at an internship, the team knew something needed improvement but not yet which direction would work best I gathered missing context, aligned stakeholders on the tradeoffs, and drove a structured recovery plan. We delivered successfully with better coordination, and the process became a repeatable pattern for future projects.",strong,10,10,10,
616,Describe a team effort where communication mattered as much as execution.,teamwork,"This was during a team project and honestly things were already a bit messy. honestly, i tried to help and talk to people, but I was not very structured about it I tried to respond quickly, but I did not really define the problem clearly. What made it harder was that not everyone was aligned at the beginning. We finished eventually, though the outcome was only okay and it showed me I should have communicated earlier.",weak,3,3,2,"clear structure, reflection"
617,Describe a time you solved a problem before it became bigger.,initiative,"This example comes from a team assignment where we had a deadline and a few unresolved blockers. kind of, the team saved time, the process felt smoother, and the change stuck because it solved a real pain point I broke the problem into smaller actions, aligned with the team, and followed up on the next steps. During my internship, I noticed repeated friction in the review process even though nobody had formally owned it What made it harder was that not everyone was aligned at the beginning. The project recovered, and people appreciated having a more structured way to communicate progress.",average,5,6,5,reflection
618,Describe a time you led execution when the team needed clarity.,leadership,"I dealt with this in an internship where my work directly affected delivery for the broader team. I first clarified the success criteria and the actual risk to the timeline I gathered missing context, aligned stakeholders on the tradeoffs, and drove a structured recovery plan. We delivered successfully with better coordination, and the process became a repeatable pattern for future projects.",strong,7,7,7,deeper reflection
619,Tell me about a time you faced a challenge that took persistence.,challenge,"This was during a team project and honestly things were already a bit messy. I kept the team informed when I needed to change direction so nobody planned around old assumptions The challenge improved my problem-solving habits because I became more evidence-driven I did what I could in the moment, though I probably should have organized things better. to be honest, During a team build, the integration problem was harder than what the initial plan assumed The situation settled down later, but it made me realize I needed to be more specific and organized.",weak,2,4,2,"clear structure, reflection"
620,Tell me about a time you performed under pressure.,pressure,"This example comes from a team assignment where we had a deadline and a few unresolved blockers. kind of, we got through the deadline without unnecessary panic and delivered the most important work successfully I broke the problem into smaller actions, aligned with the team, and followed up on the next steps. I reduced the noise by identifying what truly had to happen first and what could wait One thing I learned from that was that I needed to communicate earlier. We got the work back on track, and the team had a clearer way to handle similar situations after that.",average,7,4,5,reflection
621,Tell me about a time you failed and what you learned.,failure,"I dealt with this in an internship where my work directly affected delivery for the broader team. During an internship, I underestimated how much validation a feature needed before rollout I gathered missing context, aligned stakeholders on the tradeoffs, and drove a structured recovery plan. The short-term miss was real, but later work improved because I handled planning and communication much more carefully The team hit the revised milestone, reduced confusion, and my manager called out the clarity of the execution.",strong,9,10,9,
622,Describe a time a message had to be adjusted for the audience.,communication,"This was during a team project and honestly things were already a bit messy. I tried to help and talk to people, but I was not very structured about it I did what I could in the moment, though I probably should have organized things better. I made the tradeoffs explicit instead of assuming everyone interpreted the situation the same way The communication helped stakeholders make a timely decision and trust the rationale behind it The situation settled down later, but it made me realize I needed to be more specific and organized.",weak,2,4,3,"metrics, ownership"
623,Tell me about a difficult challenge you worked through.,challenge,"I faced this situation during an internship when priorities shifted halfway through the work. if I am being real, i also kept the team updated so we could move forward without too much confusion I clarified the immediate issue, spoke with the people involved, and suggested a simple plan to move forward. I stopped assuming the first path was correct and gathered evidence about what was actually failing We got the work back on track, and the team had a clearer way to handle similar situations after that.",average,5,4,5,strong impact
624,Tell me about a setback that changed how you work.,failure,"I dealt with this in an internship where my work directly affected delivery for the broader team. to be honest, during a hackathon follow-up, I focused too much on implementation and not enough on user testing I gathered missing context, aligned stakeholders on the tradeoffs, and drove a structured recovery plan. We recovered the timeline, improved alignment across the team, and reused the same approach in later work.",strong,10,7,10,
625,Describe a time a message had to be adjusted for the audience.,communication,"I remember this happening in college, and I did not really have a clear plan at first. I made the tradeoffs explicit instead of assuming everyone interpreted the situation the same way The communication helped stakeholders make a timely decision and trust the rationale behind it I did what I could in the moment, though I probably should have organized things better. Things improved a little, but the result was not very strong and I learned I needed better structure.",weak,4,4,3,"decision rationale, result"
626,Tell me about a time you had to deliver difficult information clearly.,communication,"This example comes from a team assignment where we had a deadline and a few unresolved blockers. I also kept the team updated so we could move forward without too much confusion I broke the problem into smaller actions, aligned with the team, and followed up on the next steps. What made it harder was that not everyone was aligned at the beginning. The issue was resolved without a major delay, and I learned the value of clearer ownership up front.",average,6,5,6,strong impact
627,Tell me about a time you took initiative.,initiative,"This situation came up during a cross-functional effort where I had to balance speed, clarity, and execution. During my internship, I noticed repeated friction in the review process even though nobody had formally owned it I gathered missing context, aligned stakeholders on the tradeoffs, and drove a structured recovery plan. I put together a lightweight fix, tested it quickly, and then shared it in a way that made adoption easy The tricky part was that the situation changed while we were already executing. We recovered the timeline, improved alignment across the team, and reused the same approach in later work.",strong,9,9,9,
628,Tell me about a time you failed and what you learned.,failure,"This was during a team project and honestly things were already a bit messy. I tried to help and talk to people, but I was not very structured about it I mostly tried to help and talk through it, but I was not very structured. honestly, During an internship, I underestimated how much validation a feature needed before rollout The situation settled down later, but it made me realize I needed to be more specific and organized.",weak,4,3,3,"context, result, specific actions"
629,Tell me about a time you had to repair a working relationship.,conflict,"This example comes from a team assignment where we had a deadline and a few unresolved blockers. I also kept the team updated so we could move forward without too much confusion I broke the problem into smaller actions, aligned with the team, and followed up on the next steps. The team regained momentum, and the lead later reused the same alignment format for future disputes One thing I learned from that was that I needed to communicate earlier. The issue was resolved without a major delay, and I learned the value of clearer ownership up front.",average,6,6,4,strong impact
630,Tell me about a time you took initiative to lead a delivery effort.,leadership,"This situation came up during a cross-functional effort where I had to balance speed, clarity, and execution. In a student project, the team had strong ideas but no one was keeping decisions organized I created clarity around the problem, documented the decision path, and followed through until the outcome stabilized. I documented the decision path, followed up on ownership, and kept stakeholders aligned The team hit the revised milestone, reduced confusion, and my manager called out the clarity of the execution.",strong,8,7,7,
631,Describe a time you stayed with a problem until it was fully resolved.,ownership,"I remember this happening in college, and I did not really have a clear plan at first. honestly, During an internship, a workflow had several owners on paper but no one was watching the full outcome I mostly tried to help and talk through it, but I was not very structured. I tried to help and talk to people, but I was not very structured about it We finished eventually, though the outcome was only okay and it showed me I should have communicated earlier.",weak,4,4,2,"metrics, ownership"
632,Tell me about a time you learned from an avoidable miss.,failure,"This example comes from a team assignment where we had a deadline and a few unresolved blockers. honestly, at school, I took on too much work personally instead of distributing it earlier I broke the problem into smaller actions, aligned with the team, and followed up on the next steps. I also kept the team updated so we could move forward without too much confusion The issue was resolved without a major delay, and I learned the value of clearer ownership up front.",average,5,4,6,strong impact
633,Tell me about a time you resolved a conflict with a teammate.,conflict,"This situation came up during a cross-functional effort where I had to balance speed, clarity, and execution. I spoke to both sides separately first, then reframed the issue around the shared deadline and user impact I gathered missing context, aligned stakeholders on the tradeoffs, and drove a structured recovery plan. The tricky part was that the situation changed while we were already executing. The team hit the revised milestone, reduced confusion, and my manager called out the clarity of the execution.",strong,9,8,10,
634,Tell me about a time you failed and what you learned.,failure,"This came up during an internship task, and I was kind of figuring things out as I went. honestly, During an internship, I underestimated how much validation a feature needed before rollout I did what I could in the moment, though I probably should have organized things better. I tried to help and talk to people, but I was not very structured about it Things improved a little, but the result was not very strong and I learned I needed better structure.",weak,4,4,3,"metrics, ownership"
635,Describe a time you underestimated something important.,failure,"I faced this situation during an internship when priorities shifted halfway through the work. to be honest, during a hackathon follow-up, I focused too much on implementation and not enough on user testing I listened to different viewpoints, summarized the tradeoffs, and helped the group agree on a practical action. I also kept the team updated so we could move forward without too much confusion The issue was resolved without a major delay, and I learned the value of clearer ownership up front.",average,5,6,5,reflection
636,Tell me about a time you took initiative to lead a delivery effort.,leadership,"I dealt with this in an internship where my work directly affected delivery for the broader team. I volunteered to run short syncs, summarize blockers, and keep the team focused on the highest-risk work first I gathered missing context, aligned stakeholders on the tradeoffs, and drove a structured recovery plan. We recovered the timeline, improved alignment across the team, and reused the same approach in later work.",strong,10,7,8,deeper reflection
637,Tell me about a time you led without formal authority.,leadership,"This was during a team project and honestly things were already a bit messy. basically, i created a visible plan with milestones, owners, and check-in points so everyone could see where we stood The team delivered on time and people kept using the structure I introduced even after the project milestone I did what I could in the moment, though I probably should have organized things better. What made it harder was that not everyone was aligned at the beginning. We finished eventually, though the outcome was only okay and it showed me I should have communicated earlier.",weak,2,2,2,"decision rationale, result"
638,Describe a mistake you would handle differently now.,failure,"I faced this situation during an internship when priorities shifted halfway through the work. I documented what I got wrong, asked for feedback, and changed how I planned similar work later I broke the problem into smaller actions, aligned with the team, and followed up on the next steps. The tricky part was that the situation changed while we were already executing. The project recovered, and people appreciated having a more structured way to communicate progress.",average,7,4,4,metrics
639,Tell me about a setback that changed how you work.,failure,"This happened during a high-visibility project where the timeline and coordination really mattered. I first clarified the success criteria and the actual risk to the timeline I gathered missing context, aligned stakeholders on the tradeoffs, and drove a structured recovery plan. I documented the decision path, followed up on ownership, and kept stakeholders aligned We delivered successfully with better coordination, and the process became a repeatable pattern for future projects.",strong,10,9,8,
640,Tell me about a time you performed under pressure.,pressure,"I remember this happening in college, and I did not really have a clear plan at first. kind of, During an internship release week, we discovered a blocking issue shortly before a demo I mostly tried to help and talk through it, but I was not very structured. I tried to help and talk to people, but I was not very structured about it One thing I learned from that was that I needed to communicate earlier. The situation settled down later, but it made me realize I needed to be more specific and organized.",weak,2,2,1,"context, result, specific actions"
641,Tell me about a time you had to balance different opinions on a team.,conflict,"I faced this situation during an internship when priorities shifted halfway through the work. I also kept the team updated so we could move forward without too much confusion I listened to different viewpoints, summarized the tradeoffs, and helped the group agree on a practical action. The issue was resolved without a major delay, and I learned the value of clearer ownership up front.",average,6,6,4,strong impact
642,Walk me through a time team tension affected delivery.,conflict,"This situation came up during a cross-functional effort where I had to balance speed, clarity, and execution. I documented the decision path, followed up on ownership, and kept stakeholders aligned I clarified the success criteria, mapped the blockers, assigned clear owners, and set checkpoints to keep things moving. We got back on schedule and I learned that naming the real issue early prevents small tension from growing The team hit the revised milestone, reduced confusion, and my manager called out the clarity of the execution.",strong,10,9,8,
643,Describe a time you responded effectively to time pressure.,pressure,"I remember this happening in college, and I did not really have a clear plan at first. basically, i tried to help and talk to people, but I was not very structured about it I tried to respond quickly, but I did not really define the problem clearly. I made quick tradeoff decisions but explained them clearly so the team stayed aligned We avoided a bigger failure by staying disciplined under pressure Looking back, I would set expectations much sooner next time. The situation settled down later, but it made me realize I needed to be more specific and organized.",weak,3,4,3,"metrics, ownership"
644,Walk me through a time team tension affected delivery.,conflict,"This happened during a project where expectations changed and the team had to adjust quickly. I also kept the team updated so we could move forward without too much confusion I broke the problem into smaller actions, aligned with the team, and followed up on the next steps. One thing I learned from that was that I needed to communicate earlier. The issue was resolved without a major delay, and I learned the value of clearer ownership up front.",average,7,5,6,deeper ownership
645,Tell me about a time you had to move without a full answer.,ambiguity,"This happened during a high-visibility project where the timeline and coordination really mattered. honestly, i first clarified the success criteria and the actual risk to the timeline I clarified the success criteria, mapped the blockers, assigned clear owners, and set checkpoints to keep things moving. I checked in often with stakeholders so the direction became sharper as evidence improved The team hit the revised milestone, reduced confusion, and my manager called out the clarity of the execution.",strong,9,7,7,
646,Tell me about a time you faced a challenge that took persistence.,challenge,"I remember this happening in college, and I did not really have a clear plan at first. to be honest, to be honest, During a team build, the integration problem was harder than what the initial plan assumed I mostly tried to help and talk through it, but I was not very structured. Looking back, I would set expectations much sooner next time. Things improved a little, but the result was not very strong and I learned I needed better structure.",weak,4,4,3,"decision rationale, result"
647,Describe a time requirements were unclear and you still made progress.,ambiguity,"This example comes from a team assignment where we had a deadline and a few unresolved blockers. to be honest, i also kept the team updated so we could move forward without too much confusion I broke the problem into smaller actions, aligned with the team, and followed up on the next steps. In a product team, stakeholders agreed on the problem but not on the exact solution path The tricky part was that the situation changed while we were already executing. We got the work back on track, and the team had a clearer way to handle similar situations after that.",average,5,5,6,strong impact
648,Tell me about a time the obvious solution was not enough.,challenge,"This situation came up during a cross-functional effort where I had to balance speed, clarity, and execution. if I am being real, i documented the decision path, followed up on ownership, and kept stakeholders aligned I gathered missing context, aligned stakeholders on the tradeoffs, and drove a structured recovery plan. The team hit the revised milestone, reduced confusion, and my manager called out the clarity of the execution.",strong,10,8,8,
649,Describe a project where teamwork was critical to success.,teamwork,"This came up during an internship task, and I was kind of figuring things out as I went. honestly, In a group project, different people owned research, coding, and presentation tasks under a tight timeline I did what I could in the moment, though I probably should have organized things better. The situation settled down later, but it made me realize I needed to be more specific and organized.",weak,2,4,2,"clear structure, reflection"
650,Describe a time you did more than the assigned work because it mattered.,initiative,"I faced this situation during an internship when priorities shifted halfway through the work. I started small, collected feedback, and improved the idea before asking the full team to change habits I listened to different viewpoints, summarized the tradeoffs, and helped the group agree on a practical action. During a campus event build, I noticed the onboarding material for new contributors was missing The issue was resolved without a major delay, and I learned the value of clearer ownership up front.",average,6,6,5,deeper ownership
651,Tell me about a time you resolved a conflict with a teammate.,conflict,"This happened during a high-visibility project where the timeline and coordination really mattered. basically, i spoke to both sides separately first, then reframed the issue around the shared deadline and user impact I clarified the success criteria, mapped the blockers, assigned clear owners, and set checkpoints to keep things moving. The team hit the revised milestone, reduced confusion, and my manager called out the clarity of the execution.",strong,7,9,7,
652,Describe a time you solved something more complex than expected.,challenge,"I remember this happening in college, and I did not really have a clear plan at first. I tried to help and talk to people, but I was not very structured about it I mostly tried to help and talk through it, but I was not very structured. I stopped assuming the first path was correct and gathered evidence about what was actually failing We solved the challenge with a stronger approach, and the later solution was much more reliable than the first idea Things improved a little, but the result was not very strong and I learned I needed better structure.",weak,4,4,3,"metrics, ownership"
653,Tell me about a setback that changed how you work.,failure,"This example comes from a team assignment where we had a deadline and a few unresolved blockers. honestly, i started breaking work into smaller checkpoints so I could spot risk earlier instead of near the deadline I clarified the immediate issue, spoke with the people involved, and suggested a simple plan to move forward. During a hackathon follow-up, I focused too much on implementation and not enough on user testing The project recovered, and people appreciated having a more structured way to communicate progress.",average,6,4,6,metrics
654,Tell me about a time you used communication to remove confusion.,communication,"I dealt with this in an internship where my work directly affected delivery for the broader team. I documented the decision path, followed up on ownership, and kept stakeholders aligned I clarified the success criteria, mapped the blockers, assigned clear owners, and set checkpoints to keep things moving. The tricky part was that the situation changed while we were already executing. We delivered successfully with better coordination, and the process became a repeatable pattern for future projects.",strong,9,7,10,
655,Tell me about a time you identified an issue early and acted.,initiative,"I remember this happening in college, and I did not really have a clear plan at first. I kept the solution practical because I wanted it to be used, not just admired The fix was simple but high leverage, which taught me that initiative works best when it is practical I mostly tried to help and talk through it, but I was not very structured. I tried to help and talk to people, but I was not very structured about it We finished eventually, though the outcome was only okay and it showed me I should have communicated earlier.",weak,2,3,3,"decision rationale, result"
656,Tell me about a time you took accountability for a messy situation.,ownership,"I faced this situation during an internship when priorities shifted halfway through the work. basically, i also kept the team updated so we could move forward without too much confusion I clarified the immediate issue, spoke with the people involved, and suggested a simple plan to move forward. I kept the full picture visible, not just my individual task, and followed up until the problem was actually closed The project recovered, and people appreciated having a more structured way to communicate progress.",average,7,6,6,deeper ownership
657,Describe a time your plan did not work.,failure,"I dealt with this in an internship where my work directly affected delivery for the broader team. I made a habit of validating assumptions earlier and communicating uncertainty with more precision I clarified the success criteria, mapped the blockers, assigned clear owners, and set checkpoints to keep things moving. At school, I took on too much work personally instead of distributing it earlier We delivered successfully with better coordination, and the process became a repeatable pattern for future projects.",strong,7,10,10,
658,Describe a mistake you would handle differently now.,failure,"This came up during an internship task, and I was kind of figuring things out as I went. I documented what I got wrong, asked for feedback, and changed how I planned similar work later I earned trust back by being accountable and applying the lesson in the next project I did what I could in the moment, though I probably should have organized things better. to be honest, In a student project, I assumed a task would be quick and did not surface risk early enough The tricky part was that the situation changed while we were already executing. We finished eventually, though the outcome was only okay and it showed me I should have communicated earlier.",weak,2,3,2,"metrics, ownership"
659,Tell me about a time you created value without formal ownership.,initiative,"This happened during a project where expectations changed and the team had to adjust quickly. I also kept the team updated so we could move forward without too much confusion I clarified the immediate issue, spoke with the people involved, and suggested a simple plan to move forward. We got the work back on track, and the team had a clearer way to handle similar situations after that.",average,7,5,6,metrics
660,Describe a mistake you would handle differently now.,failure,"This happened during a high-visibility project where the timeline and coordination really mattered. if I am being real, i documented the decision path, followed up on ownership, and kept stakeholders aligned I clarified the success criteria, mapped the blockers, assigned clear owners, and set checkpoints to keep things moving. I earned trust back by being accountable and applying the lesson in the next project The team hit the revised milestone, reduced confusion, and my manager called out the clarity of the execution.",strong,8,9,7,
661,Describe a time a hard problem pushed you out of your comfort zone.,challenge,"This came up during an internship task, and I was kind of figuring things out as I went. I tried to help and talk to people, but I was not very structured about it I tried to respond quickly, but I did not really define the problem clearly. kind of, In a class project, our first design failed once we tested it with real users One thing I learned from that was that I needed to communicate earlier. Things improved a little, but the result was not very strong and I learned I needed better structure.",weak,4,4,1,"clear structure, reflection"
662,Describe a time two people on your team were not aligned and you helped.,conflict,"This happened during a project where expectations changed and the team had to adjust quickly. honestly, the merge moved forward the next day and the relationship between the teammates improved noticeably I clarified the immediate issue, spoke with the people involved, and suggested a simple plan to move forward. The project recovered, and people appreciated having a more structured way to communicate progress.",average,6,6,4,metrics
663,Tell me about a time you took initiative.,initiative,"This happened during a high-visibility project where the timeline and coordination really mattered. The team saved time, the process felt smoother, and the change stuck because it solved a real pain point I gathered missing context, aligned stakeholders on the tradeoffs, and drove a structured recovery plan. During my internship, I noticed repeated friction in the review process even though nobody had formally owned it We recovered the timeline, improved alignment across the team, and reused the same approach in later work.",strong,10,7,8,
664,Tell me about a time you created value without formal ownership.,initiative,"This came up during an internship task, and I was kind of figuring things out as I went. to be honest, basically, In a class project, repeated setup issues were wasting time for new teammates I tried to respond quickly, but I did not really define the problem clearly. I tried to help and talk to people, but I was not very structured about it Things improved a little, but the result was not very strong and I learned I needed better structure.",weak,4,3,2,"clear structure, reflection"
665,Tell me about a time you improved the way a team worked together.,teamwork,"I faced this situation during an internship when priorities shifted halfway through the work. kind of, i also kept the team updated so we could move forward without too much confusion I broke the problem into smaller actions, aligned with the team, and followed up on the next steps. The issue was resolved without a major delay, and I learned the value of clearer ownership up front.",average,5,5,5,deeper ownership
666,Describe a challenge that made you change course.,challenge,"I dealt with this in an internship where my work directly affected delivery for the broader team. I balanced persistence with realism, which meant changing the design once the facts clearly supported it I clarified the success criteria, mapped the blockers, assigned clear owners, and set checkpoints to keep things moving. We recovered the timeline, improved alignment across the team, and reused the same approach in later work.",strong,8,8,8,deeper reflection
667,Describe a time conflict made execution harder than it should have been.,conflict,"This was during a team project and honestly things were already a bit messy. I tried to help and talk to people, but I was not very structured about it I did what I could in the moment, though I probably should have organized things better. We finished eventually, though the outcome was only okay and it showed me I should have communicated earlier.",weak,4,4,3,"clear structure, reflection"
668,Tell me about a time pressure revealed your decision-making style.,pressure,"This happened during a project where expectations changed and the team had to adjust quickly. if I am being real, i kept updates short and frequent so nobody wasted time guessing about the status I listened to different viewpoints, summarized the tradeoffs, and helped the group agree on a practical action. The pressure was real, but the team stayed coordinated because the priorities were clear We got the work back on track, and the team had a clearer way to handle similar situations after that.",average,7,6,6,strong impact
669,Describe a team effort where communication mattered as much as execution.,teamwork,"This happened during a high-visibility project where the timeline and coordination really mattered. At an internship, one deliverable required tight handoffs between backend, frontend, and product I gathered missing context, aligned stakeholders on the tradeoffs, and drove a structured recovery plan. We finished with less confusion and much better visibility than at the start What made it harder was that not everyone was aligned at the beginning. We recovered the timeline, improved alignment across the team, and reused the same approach in later work.",strong,7,9,7,deeper reflection
670,Describe a time you went beyond execution and owned the outcome.,ownership,"This was during a team project and honestly things were already a bit messy. honestly, i tried to help and talk to people, but I was not very structured about it I tried to respond quickly, but I did not really define the problem clearly. I made ownership explicit, closed loops with others, and did not assume silence meant things were handled The problem stopped bouncing between people and the resolution happened faster Looking back, I would set expectations much sooner next time. Things improved a little, but the result was not very strong and I learned I needed better structure.",weak,2,3,2,"decision rationale, result"
671,Describe a time a deadline or high-stakes situation tested you.,pressure,"This example comes from a team assignment where we had a deadline and a few unresolved blockers. In a project presentation cycle, several problems surfaced right before the final deadline I listened to different viewpoints, summarized the tradeoffs, and helped the group agree on a practical action. I kept updates short and frequent so nobody wasted time guessing about the status The project recovered, and people appreciated having a more structured way to communicate progress.",average,5,6,6,metrics
672,Tell me about a challenge that required iteration.,challenge,"This situation came up during a cross-functional effort where I had to balance speed, clarity, and execution. The problem took longer than expected, but the final result was better because we validated the real root cause I created clarity around the problem, documented the decision path, and followed through until the outcome stabilized. Looking back, I would set expectations much sooner next time. The team hit the revised milestone, reduced confusion, and my manager called out the clarity of the execution.",strong,7,10,10,deeper reflection
673,Describe a time your ownership improved the final result.,ownership,"This came up during an internship task, and I was kind of figuring things out as I went. basically, In a student project, the final delivery risk was spread out enough that nobody was truly tracking it I mostly tried to help and talk through it, but I was not very structured. I accepted accountability for the outcome, which meant checking details that otherwise would have been missed It reinforced that ownership is really about the outcome, not just the assigned task list Things improved a little, but the result was not very strong and I learned I needed better structure.",weak,3,3,1,"context, result, specific actions"
674,Describe a time you had to coordinate with people who worked differently from you.,teamwork,"I faced this situation during an internship when priorities shifted halfway through the work. honestly, during a campus organization project, multiple people were contributing asynchronously I listened to different viewpoints, summarized the tradeoffs, and helped the group agree on a practical action. The issue was resolved without a major delay, and I learned the value of clearer ownership up front.",average,7,6,6,metrics
675,Tell me about a setback that changed how you work.,failure,"This happened during a high-visibility project where the timeline and coordination really mattered. I documented the decision path, followed up on ownership, and kept stakeholders aligned I gathered missing context, aligned stakeholders on the tradeoffs, and drove a structured recovery plan. We delivered successfully with better coordination, and the process became a repeatable pattern for future projects.",strong,9,8,7,
676,Tell me about a time you identified an issue early and acted.,initiative,"This was during a team project and honestly things were already a bit messy. I kept the solution practical because I wanted it to be used, not just admired The fix was simple but high leverage, which taught me that initiative works best when it is practical I mostly tried to help and talk through it, but I was not very structured. One thing I learned from that was that I needed to communicate earlier. We finished eventually, though the outcome was only okay and it showed me I should have communicated earlier.",weak,4,3,1,"decision rationale, result"
677,Tell me about a time your decision created a problem.,failure,"This happened during a project where expectations changed and the team had to adjust quickly. I earned trust back by being accountable and applying the lesson in the next project I broke the problem into smaller actions, aligned with the team, and followed up on the next steps. I also kept the team updated so we could move forward without too much confusion Looking back, I would set expectations much sooner next time. We got the work back on track, and the team had a clearer way to handle similar situations after that.",average,7,4,4,strong impact
678,Describe a time you had to simplify technical detail for others.,communication,"This situation came up during a cross-functional effort where I had to balance speed, clarity, and execution. if I am being real, i first clarified the success criteria and the actual risk to the timeline I clarified the success criteria, mapped the blockers, assigned clear owners, and set checkpoints to keep things moving. People aligned faster, the decision moved forward, and confusion dropped after the conversation One thing I learned from that was that I needed to communicate earlier. We recovered the timeline, improved alignment across the team, and reused the same approach in later work.",strong,10,10,10,
679,Describe a conflict that could have slowed the project down.,conflict,"This was during a team project and honestly things were already a bit messy. kind of, kind of, During a hackathon follow-up project, communication friction started affecting handoffs I mostly tried to help and talk through it, but I was not very structured. The situation settled down later, but it made me realize I needed to be more specific and organized.",weak,4,4,3,"metrics, ownership"
680,Tell me about a time you had to deliver while things felt chaotic.,pressure,"I faced this situation during an internship when priorities shifted halfway through the work. I also kept the team updated so we could move forward without too much confusion I clarified the immediate issue, spoke with the people involved, and suggested a simple plan to move forward. We got the work back on track, and the team had a clearer way to handle similar situations after that.",average,7,6,5,reflection
681,Tell me about a difficult challenge you worked through.,challenge,"This situation came up during a cross-functional effort where I had to balance speed, clarity, and execution. if I am being real, i first clarified the success criteria and the actual risk to the timeline I created clarity around the problem, documented the decision path, and followed through until the outcome stabilized. We recovered the timeline, improved alignment across the team, and reused the same approach in later work.",strong,8,7,9,deeper reflection
682,Tell me about a time you stepped in because something needed a real owner.,ownership,"I remember this happening in college, and I did not really have a clear plan at first. honestly, During a release cycle, a handoff issue was hurting quality but was not clearly assigned to one person I tried to respond quickly, but I did not really define the problem clearly. I made ownership explicit, closed loops with others, and did not assume silence meant things were handled The problem stopped bouncing between people and the resolution happened faster Looking back, I would set expectations much sooner next time. The situation settled down later, but it made me realize I needed to be more specific and organized.",weak,4,4,3,"decision rationale, result"
683,Describe a time the first solution did not work.,challenge,"This happened during a project where expectations changed and the team had to adjust quickly. I used the failed attempt as data instead of treating it as wasted effort I clarified the immediate issue, spoke with the people involved, and suggested a simple plan to move forward. Looking back, I would set expectations much sooner next time. The issue was resolved without a major delay, and I learned the value of clearer ownership up front.",average,5,6,4,metrics
684,Tell me about a time you noticed a gap and stepped in.,initiative,"I dealt with this in an internship where my work directly affected delivery for the broader team. I documented the decision path, followed up on ownership, and kept stakeholders aligned I gathered missing context, aligned stakeholders on the tradeoffs, and drove a structured recovery plan. One thing I learned from that was that I needed to communicate earlier. The team hit the revised milestone, reduced confusion, and my manager called out the clarity of the execution.",strong,9,8,7,deeper reflection
685,Tell me about a time you stepped in because something needed a real owner.,ownership,"I remember this happening in college, and I did not really have a clear plan at first. I tried to help and talk to people, but I was not very structured about it I did what I could in the moment, though I probably should have organized things better. The situation settled down later, but it made me realize I needed to be more specific and organized.",weak,4,4,1,"metrics, ownership"
686,Describe a time a hard problem pushed you out of your comfort zone.,challenge,"This example comes from a team assignment where we had a deadline and a few unresolved blockers. basically, in a class project, our first design failed once we tested it with real users I listened to different viewpoints, summarized the tradeoffs, and helped the group agree on a practical action. The problem took longer than expected, but the final result was better because we validated the real root cause One thing I learned from that was that I needed to communicate earlier. The issue was resolved without a major delay, and I learned the value of clearer ownership up front.",average,5,6,5,metrics
687,Describe a time you led execution when the team needed clarity.,leadership,"This situation came up during a cross-functional effort where I had to balance speed, clarity, and execution. basically, on a capstone team, we were close to deadline and needed clearer execution ownership I created clarity around the problem, documented the decision path, and followed through until the outcome stabilized. The team hit the revised milestone, reduced confusion, and my manager called out the clarity of the execution.",strong,9,7,9,deeper reflection
688,Describe a time you influenced a group to move in a better direction.,leadership,"This came up during an internship task, and I was kind of figuring things out as I went. to be honest, basically, In a student project, the team had strong ideas but no one was keeping decisions organized I did what I could in the moment, though I probably should have organized things better. Things improved a little, but the result was not very strong and I learned I needed better structure.",weak,3,2,2,"decision rationale, result"
689,Tell me about a time you had to rethink your approach to a challenge.,challenge,"This example comes from a team assignment where we had a deadline and a few unresolved blockers. I also kept the team updated so we could move forward without too much confusion I broke the problem into smaller actions, aligned with the team, and followed up on the next steps. The tricky part was that the situation changed while we were already executing. The project recovered, and people appreciated having a more structured way to communicate progress.",average,5,5,6,strong impact
690,Tell me about a time teamwork helped solve a difficult problem.,teamwork,"This situation came up during a cross-functional effort where I had to balance speed, clarity, and execution. I checked assumptions early so we did not discover mismatched expectations at the end I clarified the success criteria, mapped the blockers, assigned clear owners, and set checkpoints to keep things moving. I first clarified the success criteria and the actual risk to the timeline We recovered the timeline, improved alignment across the team, and reused the same approach in later work.",strong,7,10,10,
691,Tell me about a time you made sure nothing fell through the cracks.,ownership,"I remember this happening in college, and I did not really have a clear plan at first. basically, i pushed past the easy handoff point and stayed engaged until the downstream impact looked healthy too The result was stronger because I stayed engaged after the first fix instead of assuming it was done I did what I could in the moment, though I probably should have organized things better. I tried to help and talk to people, but I was not very structured about it The situation settled down later, but it made me realize I needed to be more specific and organized.",weak,4,4,2,"context, result, specific actions"
692,Tell me about a time you missed the mark.,failure,"This example comes from a team assignment where we had a deadline and a few unresolved blockers. I turned the mistake into a concrete process change rather than treating it as a one-off problem I broke the problem into smaller actions, aligned with the team, and followed up on the next steps. I also kept the team updated so we could move forward without too much confusion The issue was resolved without a major delay, and I learned the value of clearer ownership up front.",average,5,4,5,strong impact
693,Describe a project where teamwork was critical to success.,teamwork,"I dealt with this in an internship where my work directly affected delivery for the broader team. I first clarified the success criteria and the actual risk to the timeline I clarified the success criteria, mapped the blockers, assigned clear owners, and set checkpoints to keep things moving. I checked assumptions early so we did not discover mismatched expectations at the end Looking back, I would set expectations much sooner next time. The team hit the revised milestone, reduced confusion, and my manager called out the clarity of the execution.",strong,7,9,9,
694,Tell me about a time you took ownership of something important.,ownership,"I remember this happening in college, and I did not really have a clear plan at first. kind of, honestly, During an internship, a workflow had several owners on paper but no one was watching the full outcome I tried to respond quickly, but I did not really define the problem clearly. Things improved a little, but the result was not very strong and I learned I needed better structure.",weak,4,4,3,"decision rationale, result"
695,Tell me about a time you aligned people through communication.,communication,"This example comes from a team assignment where we had a deadline and a few unresolved blockers. I also kept the team updated so we could move forward without too much confusion I broke the problem into smaller actions, aligned with the team, and followed up on the next steps. I summarized key points in writing afterward so the alignment did not disappear after the meeting We got the work back on track, and the team had a clearer way to handle similar situations after that.",average,5,4,6,reflection
696,Tell me about a time you started something useful on your own.,initiative,"I dealt with this in an internship where my work directly affected delivery for the broader team. honestly, people adopted the improvement quickly and it reduced repeated confusion across the group I gathered missing context, aligned stakeholders on the tradeoffs, and drove a structured recovery plan. One thing I learned from that was that I needed to communicate earlier. We delivered successfully with better coordination, and the process became a repeatable pattern for future projects.",strong,10,8,9,
697,Tell me about a time you took initiative to lead a delivery effort.,leadership,"This came up during an internship task, and I was kind of figuring things out as I went. I tried to help and talk to people, but I was not very structured about it I did what I could in the moment, though I probably should have organized things better. honestly, In a student project, the team had strong ideas but no one was keeping decisions organized We finished eventually, though the outcome was only okay and it showed me I should have communicated earlier.",weak,4,2,2,"metrics, ownership"
698,Describe a time you improved outcomes by communicating better.,communication,"This happened during a project where expectations changed and the team had to adjust quickly. I also kept the team updated so we could move forward without too much confusion I listened to different viewpoints, summarized the tradeoffs, and helped the group agree on a practical action. In a project review, I needed to present a complex issue in a way leadership could act on quickly The project recovered, and people appreciated having a more structured way to communicate progress.",average,5,6,4,reflection
699,Describe a challenge that made you change course.,challenge,"This situation came up during a cross-functional effort where I had to balance speed, clarity, and execution. honestly, i balanced persistence with realism, which meant changing the design once the facts clearly supported it I clarified the success criteria, mapped the blockers, assigned clear owners, and set checkpoints to keep things moving. I first clarified the success criteria and the actual risk to the timeline We delivered successfully with better coordination, and the process became a repeatable pattern for future projects.",strong,8,8,7,
700,Describe a time changing information made planning harder.,ambiguity,"This was during a team project and honestly things were already a bit messy. I checked in often with stakeholders so the direction became sharper as evidence improved The ambiguity did not disappear immediately, but we created enough structure to execute confidently I tried to respond quickly, but I did not really define the problem clearly. Things improved a little, but the result was not very strong and I learned I needed better structure.",weak,4,3,2,"metrics, ownership"
701,Tell me about a time you created structure in an ambiguous situation.,ambiguity,"This happened during a project where expectations changed and the team had to adjust quickly. In a student build, feedback kept changing while implementation had already started I broke the problem into smaller actions, aligned with the team, and followed up on the next steps. It taught me that ambiguity is manageable when you turn it into smaller decisions and feedback loops The project recovered, and people appreciated having a more structured way to communicate progress.",average,5,5,6,reflection
702,Describe a time intense deadlines changed how you worked.,pressure,"I dealt with this in an internship where my work directly affected delivery for the broader team. I reduced the noise by identifying what truly had to happen first and what could wait I clarified the success criteria, mapped the blockers, assigned clear owners, and set checkpoints to keep things moving. I first clarified the success criteria and the actual risk to the timeline The team hit the revised milestone, reduced confusion, and my manager called out the clarity of the execution.",strong,9,7,7,
703,Tell me about a time your decision created a problem.,failure,"This came up during an internship task, and I was kind of figuring things out as I went. honestly, In a student project, I assumed a task would be quick and did not surface risk early enough I did what I could in the moment, though I probably should have organized things better. I tried to help and talk to people, but I was not very structured about it What made it harder was that not everyone was aligned at the beginning. We finished eventually, though the outcome was only okay and it showed me I should have communicated earlier.",weak,2,2,2,"metrics, ownership"
704,Tell me about a time your team depended on strong collaboration.,teamwork,"This happened during a project where expectations changed and the team had to adjust quickly. to be honest, i also kept the team updated so we could move forward without too much confusion I clarified the immediate issue, spoke with the people involved, and suggested a simple plan to move forward. The issue was resolved without a major delay, and I learned the value of clearer ownership up front.",average,7,5,5,strong impact
705,Tell me about a time you led without formal authority.,leadership,"This situation came up during a cross-functional effort where I had to balance speed, clarity, and execution. I first clarified the success criteria and the actual risk to the timeline I gathered missing context, aligned stakeholders on the tradeoffs, and drove a structured recovery plan. During an internship, a feature had many moving parts but no clear day-to-day coordinator Looking back, I would set expectations much sooner next time. We delivered successfully with better coordination, and the process became a repeatable pattern for future projects.",strong,8,10,10,
706,Describe a time a message had to be adjusted for the audience.,communication,"This came up during an internship task, and I was kind of figuring things out as I went. basically, At an internship, a vague update caused confusion about whether a blocker was resolved I mostly tried to help and talk through it, but I was not very structured. The situation settled down later, but it made me realize I needed to be more specific and organized.",weak,3,4,1,"clear structure, reflection"
707,Tell me about a time you organized others around a goal.,leadership,"This example comes from a team assignment where we had a deadline and a few unresolved blockers. if I am being real, i also kept the team updated so we could move forward without too much confusion I clarified the immediate issue, spoke with the people involved, and suggested a simple plan to move forward. I documented decisions and followed through on the details so the momentum did not fade after meetings The project recovered, and people appreciated having a more structured way to communicate progress.",average,7,5,6,metrics
708,Describe a time changing information made planning harder.,ambiguity,"This situation came up during a cross-functional effort where I had to balance speed, clarity, and execution. I documented the decision path, followed up on ownership, and kept stakeholders aligned I gathered missing context, aligned stakeholders on the tradeoffs, and drove a structured recovery plan. I checked in often with stakeholders so the direction became sharper as evidence improved The team hit the revised milestone, reduced confusion, and my manager called out the clarity of the execution.",strong,9,7,9,deeper reflection
709,Describe a project where teamwork was critical to success.,teamwork,"This was during a team project and honestly things were already a bit messy. honestly, In a group project, different people owned research, coding, and presentation tasks under a tight timeline I tried to respond quickly, but I did not really define the problem clearly. I tried to help and talk to people, but I was not very structured about it One thing I learned from that was that I needed to communicate earlier. The situation settled down later, but it made me realize I needed to be more specific and organized.",weak,2,4,3,"context, result, specific actions"
710,Tell me about a time your decision created a problem.,failure,"This example comes from a team assignment where we had a deadline and a few unresolved blockers. basically, i earned trust back by being accountable and applying the lesson in the next project I clarified the immediate issue, spoke with the people involved, and suggested a simple plan to move forward. The project recovered, and people appreciated having a more structured way to communicate progress.",average,6,4,4,strong impact
711,Tell me about a time you created structure in an ambiguous situation.,ambiguity,"I dealt with this in an internship where my work directly affected delivery for the broader team. It taught me that ambiguity is manageable when you turn it into smaller decisions and feedback loops I clarified the success criteria, mapped the blockers, assigned clear owners, and set checkpoints to keep things moving. In a student build, feedback kept changing while implementation had already started The team hit the revised milestone, reduced confusion, and my manager called out the clarity of the execution.",strong,10,9,8,deeper reflection
712,Tell me about a time you made sure nothing fell through the cracks.,ownership,"This came up during an internship task, and I was kind of figuring things out as I went. I pushed past the easy handoff point and stayed engaged until the downstream impact looked healthy too The result was stronger because I stayed engaged after the first fix instead of assuming it was done I did what I could in the moment, though I probably should have organized things better. kind of, At an internship, a recurring blocker sat between teams and was easy for everyone to partially ignore The tricky part was that the situation changed while we were already executing. Things improved a little, but the result was not very strong and I learned I needed better structure.",weak,3,2,3,"metrics, ownership"
713,Describe a time you responded effectively to time pressure.,pressure,"This example comes from a team assignment where we had a deadline and a few unresolved blockers. I made quick tradeoff decisions but explained them clearly so the team stayed aligned I broke the problem into smaller actions, aligned with the team, and followed up on the next steps. In a campus project, a critical dependency slipped and compressed the remaining timeline The issue was resolved without a major delay, and I learned the value of clearer ownership up front.",average,6,5,5,metrics
714,Tell me about a time your decision created a problem.,failure,"This situation came up during a cross-functional effort where I had to balance speed, clarity, and execution. I documented what I got wrong, asked for feedback, and changed how I planned similar work later I gathered missing context, aligned stakeholders on the tradeoffs, and drove a structured recovery plan. I first clarified the success criteria and the actual risk to the timeline The tricky part was that the situation changed while we were already executing. The team hit the revised milestone, reduced confusion, and my manager called out the clarity of the execution.",strong,10,10,9,
715,Tell me about a time poor communication could have caused a problem.,communication,"This came up during an internship task, and I was kind of figuring things out as I went. kind of, i tried to help and talk to people, but I was not very structured about it I did what I could in the moment, though I probably should have organized things better. honestly, In a project review, I needed to present a complex issue in a way leadership could act on quickly Things improved a little, but the result was not very strong and I learned I needed better structure.",weak,3,3,3,"context, result, specific actions"
716,Tell me about a time you handled pressure without losing focus.,pressure,"I faced this situation during an internship when priorities shifted halfway through the work. to be honest, i also kept the team updated so we could move forward without too much confusion I listened to different viewpoints, summarized the tradeoffs, and helped the group agree on a practical action. At a student event, last-minute changes forced the team to reorganize work quickly The project recovered, and people appreciated having a more structured way to communicate progress.",average,5,6,4,strong impact
717,Tell me about a time you used communication to remove confusion.,communication,"This situation came up during a cross-functional effort where I had to balance speed, clarity, and execution. basically, i replaced jargon with plain language, used a simple example, and confirmed understanding before moving on I gathered missing context, aligned stakeholders on the tradeoffs, and drove a structured recovery plan. Looking back, I would set expectations much sooner next time. The team hit the revised milestone, reduced confusion, and my manager called out the clarity of the execution.",strong,7,7,7,deeper reflection
718,Tell me about a time you had to reduce ambiguity for others.,ambiguity,"This was during a team project and honestly things were already a bit messy. I tried to help and talk to people, but I was not very structured about it I did what I could in the moment, though I probably should have organized things better. One thing I learned from that was that I needed to communicate earlier. Things improved a little, but the result was not very strong and I learned I needed better structure.",weak,4,3,2,"decision rationale, result"
719,Describe a time conflict made execution harder than it should have been.,conflict,"This happened during a project where expectations changed and the team had to adjust quickly. I also kept the team updated so we could move forward without too much confusion I broke the problem into smaller actions, aligned with the team, and followed up on the next steps. I kept the discussion focused on facts, timelines, and the goal instead of who was right The issue was resolved without a major delay, and I learned the value of clearer ownership up front.",average,6,4,6,reflection
720,Describe a time leadership was needed even though you were not the official owner.,leadership,"This happened during a high-visibility project where the timeline and coordination really mattered. I documented the decision path, followed up on ownership, and kept stakeholders aligned I clarified the success criteria, mapped the blockers, assigned clear owners, and set checkpoints to keep things moving. The team hit the revised milestone, reduced confusion, and my manager called out the clarity of the execution.",strong,7,7,7,
721,Describe a time you made progress with incomplete information.,ambiguity,"I remember this happening in college, and I did not really have a clear plan at first. I focused on reducing risk while still moving forward, not on pretending the uncertainty did not exist It taught me that ambiguity is manageable when you turn it into smaller decisions and feedback loops I tried to respond quickly, but I did not really define the problem clearly. The situation settled down later, but it made me realize I needed to be more specific and organized.",weak,3,3,3,"metrics, ownership"
722,Tell me about a time you resolved a conflict with a teammate.,conflict,"This example comes from a team assignment where we had a deadline and a few unresolved blockers. to be honest, we shipped without slipping the release and the team had a better way to escalate disagreements after that I listened to different viewpoints, summarized the tradeoffs, and helped the group agree on a practical action. The issue was resolved without a major delay, and I learned the value of clearer ownership up front.",average,6,6,5,reflection
723,Tell me about a time you led without formal authority.,leadership,"This situation came up during a cross-functional effort where I had to balance speed, clarity, and execution. I created a visible plan with milestones, owners, and check-in points so everyone could see where we stood I clarified the success criteria, mapped the blockers, assigned clear owners, and set checkpoints to keep things moving. We recovered the timeline, improved alignment across the team, and reused the same approach in later work.",strong,10,9,8,
724,Tell me about a time pressure revealed your decision-making style.,pressure,"This came up during an internship task, and I was kind of figuring things out as I went. I tried to help and talk to people, but I was not very structured about it I mostly tried to help and talk through it, but I was not very structured. I kept updates short and frequent so nobody wasted time guessing about the status The pressure was real, but the team stayed coordinated because the priorities were clear One thing I learned from that was that I needed to communicate earlier. We finished eventually, though the outcome was only okay and it showed me I should have communicated earlier.",weak,4,2,1,"decision rationale, result"
725,Walk me through a time team tension affected delivery.,conflict,"This happened during a project where expectations changed and the team had to adjust quickly. if I am being real, i set up a short alignment meeting, wrote down the tradeoffs, and pushed the team toward one decision we could all support I broke the problem into smaller actions, aligned with the team, and followed up on the next steps. The project recovered, and people appreciated having a more structured way to communicate progress.",average,5,5,4,strong impact
726,Tell me about a time you treated the result as your responsibility.,ownership,"This situation came up during a cross-functional effort where I had to balance speed, clarity, and execution. kind of, it reinforced that ownership is really about the outcome, not just the assigned task list I clarified the success criteria, mapped the blockers, assigned clear owners, and set checkpoints to keep things moving. In a student project, the final delivery risk was spread out enough that nobody was truly tracking it One thing I learned from that was that I needed to communicate earlier. We recovered the timeline, improved alignment across the team, and reused the same approach in later work.",strong,8,7,7,deeper reflection
727,Tell me about a time you had to deliver difficult information clearly.,communication,"This came up during an internship task, and I was kind of figuring things out as I went. I tried to help and talk to people, but I was not very structured about it I mostly tried to help and talk through it, but I was not very structured. I made the tradeoffs explicit instead of assuming everyone interpreted the situation the same way The communication helped stakeholders make a timely decision and trust the rationale behind it One thing I learned from that was that I needed to communicate earlier. The situation settled down later, but it made me realize I needed to be more specific and organized.",weak,2,4,1,"decision rationale, result"
728,Describe a time you acted without being asked.,initiative,"This example comes from a team assignment where we had a deadline and a few unresolved blockers. to be honest, i also kept the team updated so we could move forward without too much confusion I clarified the immediate issue, spoke with the people involved, and suggested a simple plan to move forward. In a student project, I saw that the team kept losing time because the work tracker was outdated We got the work back on track, and the team had a clearer way to handle similar situations after that.",average,5,6,6,reflection
729,Tell me about a time your communication made a difference.,communication,"This happened during a high-visibility project where the timeline and coordination really mattered. honestly, i first clarified the success criteria and the actual risk to the timeline I clarified the success criteria, mapped the blockers, assigned clear owners, and set checkpoints to keep things moving. I adjusted the level of detail for the audience and focused on the decision they actually needed to make The tricky part was that the situation changed while we were already executing. We delivered successfully with better coordination, and the process became a repeatable pattern for future projects.",strong,8,10,8,
730,Describe a time you had to simplify technical detail for others.,communication,"This was during a team project and honestly things were already a bit messy. I adjusted the level of detail for the audience and focused on the decision they actually needed to make People aligned faster, the decision moved forward, and confusion dropped after the conversation I tried to respond quickly, but I did not really define the problem clearly. kind of, During an internship, I had to explain a technical tradeoff to non-technical stakeholders What made it harder was that not everyone was aligned at the beginning. The situation settled down later, but it made me realize I needed to be more specific and organized.",weak,3,3,3,"context, result, specific actions"
731,Tell me about a time you used communication to remove confusion.,communication,"I faced this situation during an internship when priorities shifted halfway through the work. kind of, the message landed well because the audience understood both the risk and the recommended path I clarified the immediate issue, spoke with the people involved, and suggested a simple plan to move forward. I replaced jargon with plain language, used a simple example, and confirmed understanding before moving on We got the work back on track, and the team had a clearer way to handle similar situations after that.",average,5,6,5,reflection
732,Describe a time you went beyond execution and owned the outcome.,ownership,"This situation came up during a cross-functional effort where I had to balance speed, clarity, and execution. I first clarified the success criteria and the actual risk to the timeline I gathered missing context, aligned stakeholders on the tradeoffs, and drove a structured recovery plan. The problem stopped bouncing between people and the resolution happened faster The tricky part was that the situation changed while we were already executing. We recovered the timeline, improved alignment across the team, and reused the same approach in later work.",strong,8,10,8,
733,Tell me about a time you started something useful on your own.,initiative,"This was during a team project and honestly things were already a bit messy. to be honest, basically, In a student project, I saw that the team kept losing time because the work tracker was outdated I tried to respond quickly, but I did not really define the problem clearly. I did not wait for permission to do the discovery work, but I made sure to keep the actual owners informed People adopted the improvement quickly and it reduced repeated confusion across the group We finished eventually, though the outcome was only okay and it showed me I should have communicated earlier.",weak,3,2,2,"context, result, specific actions"
734,Tell me about a time you had to keep a team moving during disagreement.,conflict,"This happened during a project where expectations changed and the team had to adjust quickly. The conflict stopped blocking progress, and our later reviews were much smoother I broke the problem into smaller actions, aligned with the team, and followed up on the next steps. During a hackathon follow-up project, communication friction started affecting handoffs Looking back, I would set expectations much sooner next time. We got the work back on track, and the team had a clearer way to handle similar situations after that.",average,5,6,5,deeper ownership
735,Tell me about a time you improved the way a team worked together.,teamwork,"This happened during a high-visibility project where the timeline and coordination really mattered. I first clarified the success criteria and the actual risk to the timeline I clarified the success criteria, mapped the blockers, assigned clear owners, and set checkpoints to keep things moving. I focused on helping the team unblock quickly instead of only finishing my own part One thing I learned from that was that I needed to communicate earlier. The team hit the revised milestone, reduced confusion, and my manager called out the clarity of the execution.",strong,7,10,10,
736,Tell me about a time you noticed a gap and stepped in.,initiative,"This was during a team project and honestly things were already a bit messy. honestly, i tried to help and talk to people, but I was not very structured about it I did what I could in the moment, though I probably should have organized things better. to be honest, During a campus event build, I noticed the onboarding material for new contributors was missing Things improved a little, but the result was not very strong and I learned I needed better structure.",weak,2,2,3,"clear structure, reflection"
737,Describe a time your communication changed a decision.,communication,"I faced this situation during an internship when priorities shifted halfway through the work. We avoided wasted work because expectations became clear before implementation continued I broke the problem into smaller actions, aligned with the team, and followed up on the next steps. Looking back, I would set expectations much sooner next time. The issue was resolved without a major delay, and I learned the value of clearer ownership up front.",average,5,6,6,reflection
738,Describe a disagreement you handled inside a project team.,conflict,"This situation came up during a cross-functional effort where I had to balance speed, clarity, and execution. I first clarified the success criteria and the actual risk to the timeline I gathered missing context, aligned stakeholders on the tradeoffs, and drove a structured recovery plan. Looking back, I would set expectations much sooner next time. We delivered successfully with better coordination, and the process became a repeatable pattern for future projects.",strong,10,8,8,
739,Describe a conflict that could have slowed the project down.,conflict,"I remember this happening in college, and I did not really have a clear plan at first. if I am being real, i followed up after the meeting to make sure the tension did not quietly return during execution The conflict stopped blocking progress, and our later reviews were much smoother I mostly tried to help and talk through it, but I was not very structured. Things improved a little, but the result was not very strong and I learned I needed better structure.",weak,3,4,2,"metrics, ownership"
740,Describe a time you solved a problem before it became bigger.,initiative,"This happened during a project where expectations changed and the team had to adjust quickly. I also kept the team updated so we could move forward without too much confusion I listened to different viewpoints, summarized the tradeoffs, and helped the group agree on a practical action. Looking back, I would set expectations much sooner next time. The issue was resolved without a major delay, and I learned the value of clearer ownership up front.",average,6,4,6,strong impact
741,Tell me about a time you took ownership of something important.,ownership,"This situation came up during a cross-functional effort where I had to balance speed, clarity, and execution. to be honest, i first clarified the success criteria and the actual risk to the timeline I gathered missing context, aligned stakeholders on the tradeoffs, and drove a structured recovery plan. The issue was resolved more completely because someone was finally watching it end to end What made it harder was that not everyone was aligned at the beginning. We delivered successfully with better coordination, and the process became a repeatable pattern for future projects.",strong,10,8,9,
742,Describe a time you improved outcomes by communicating better.,communication,"This was during a team project and honestly things were already a bit messy. to be honest, In a project review, I needed to present a complex issue in a way leadership could act on quickly I did what I could in the moment, though I probably should have organized things better. Things improved a little, but the result was not very strong and I learned I needed better structure.",weak,3,4,1,"context, result, specific actions"
743,Describe a time you had to explain something complex clearly.,communication,"This example comes from a team assignment where we had a deadline and a few unresolved blockers. I replaced jargon with plain language, used a simple example, and confirmed understanding before moving on I listened to different viewpoints, summarized the tradeoffs, and helped the group agree on a practical action. The project recovered, and people appreciated having a more structured way to communicate progress.",average,7,4,4,strong impact
744,Describe a time you acted without being asked.,initiative,"I dealt with this in an internship where my work directly affected delivery for the broader team. People adopted the improvement quickly and it reduced repeated confusion across the group I created clarity around the problem, documented the decision path, and followed through until the outcome stabilized. We delivered successfully with better coordination, and the process became a repeatable pattern for future projects.",strong,9,9,10,
745,Tell me about a time the obvious solution was not enough.,challenge,"I remember this happening in college, and I did not really have a clear plan at first. honestly, i used the failed attempt as data instead of treating it as wasted effort We delivered a stable outcome after reworking the plan, and that prevented repeat issues later I mostly tried to help and talk through it, but I was not very structured. honestly, At an internship, a performance issue appeared only under realistic load Things improved a little, but the result was not very strong and I learned I needed better structure.",weak,3,3,3,"metrics, ownership"
746,Describe a failure that taught you something important.,failure,"I faced this situation during an internship when priorities shifted halfway through the work. Once I saw the miss, I owned it directly, explained the impact clearly, and shifted into recovery mode instead of defending the mistake I listened to different viewpoints, summarized the tradeoffs, and helped the group agree on a practical action. I also kept the team updated so we could move forward without too much confusion One thing I learned from that was that I needed to communicate earlier. The issue was resolved without a major delay, and I learned the value of clearer ownership up front.",average,5,6,4,deeper ownership
747,Tell me about a time you treated the result as your responsibility.,ownership,"This situation came up during a cross-functional effort where I had to balance speed, clarity, and execution. basically, i accepted accountability for the outcome, which meant checking details that otherwise would have been missed I gathered missing context, aligned stakeholders on the tradeoffs, and drove a structured recovery plan. I first clarified the success criteria and the actual risk to the timeline We delivered successfully with better coordination, and the process became a repeatable pattern for future projects.",strong,7,9,8,deeper reflection
748,Tell me about a time you had to deliver while things felt chaotic.,pressure,"This was during a team project and honestly things were already a bit messy. I stayed calm, documented the options, and asked for help where it would change the outcome fastest The situation stabilized quickly because we stopped multitasking and focused on the right fixes I did what I could in the moment, though I probably should have organized things better. One thing I learned from that was that I needed to communicate earlier. We finished eventually, though the outcome was only okay and it showed me I should have communicated earlier.",weak,3,4,1,"decision rationale, result"
749,Describe a project where teamwork was critical to success.,teamwork,"This happened during a project where expectations changed and the team had to adjust quickly. to be honest, i checked assumptions early so we did not discover mismatched expectations at the end I broke the problem into smaller actions, aligned with the team, and followed up on the next steps. The project landed successfully, and our handoffs became much smoother after we aligned the workflow The issue was resolved without a major delay, and I learned the value of clearer ownership up front.",average,7,4,6,strong impact
750,Tell me about a time teamwork helped solve a difficult problem.,teamwork,"This happened during a high-visibility project where the timeline and coordination really mattered. I documented the decision path, followed up on ownership, and kept stakeholders aligned I gathered missing context, aligned stakeholders on the tradeoffs, and drove a structured recovery plan. The team hit the revised milestone, reduced confusion, and my manager called out the clarity of the execution.",strong,7,9,9,deeper reflection
751,Describe a time you led execution when the team needed clarity.,leadership,"I remember this happening in college, and I did not really have a clear plan at first. to be honest, On a capstone team, we were close to deadline and needed clearer execution ownership I tried to respond quickly, but I did not really define the problem clearly. The situation settled down later, but it made me realize I needed to be more specific and organized.",weak,2,4,3,"decision rationale, result"
752,Describe a time you improved something proactively.,initiative,"I faced this situation during an internship when priorities shifted halfway through the work. if I am being real, i kept the solution practical because I wanted it to be used, not just admired I clarified the immediate issue, spoke with the people involved, and suggested a simple plan to move forward. I also kept the team updated so we could move forward without too much confusion The tricky part was that the situation changed while we were already executing. The project recovered, and people appreciated having a more structured way to communicate progress.",average,7,4,6,strong impact
753,Tell me about a time poor communication could have caused a problem.,communication,"This situation came up during a cross-functional effort where I had to balance speed, clarity, and execution. I documented the decision path, followed up on ownership, and kept stakeholders aligned I gathered missing context, aligned stakeholders on the tradeoffs, and drove a structured recovery plan. I first clarified the success criteria and the actual risk to the timeline We recovered the timeline, improved alignment across the team, and reused the same approach in later work.",strong,8,9,8,
754,Tell me about a time you started something useful on your own.,initiative,"I remember this happening in college, and I did not really have a clear plan at first. basically, basically, In a student project, I saw that the team kept losing time because the work tracker was outdated I did what I could in the moment, though I probably should have organized things better. I did not wait for permission to do the discovery work, but I made sure to keep the actual owners informed People adopted the improvement quickly and it reduced repeated confusion across the group The situation settled down later, but it made me realize I needed to be more specific and organized.",weak,3,2,3,"context, result, specific actions"
755,Describe a time you had to collaborate across roles or backgrounds.,teamwork,"This example comes from a team assignment where we had a deadline and a few unresolved blockers. On a hackathon team, we had mixed experience levels and limited time to get aligned I broke the problem into smaller actions, aligned with the team, and followed up on the next steps. The project recovered, and people appreciated having a more structured way to communicate progress.",average,7,5,6,metrics
756,Tell me about a time you set direction for a group project.,leadership,"This happened during a high-visibility project where the timeline and coordination really mattered. I documented the decision path, followed up on ownership, and kept stakeholders aligned I gathered missing context, aligned stakeholders on the tradeoffs, and drove a structured recovery plan. I first clarified the success criteria and the actual risk to the timeline We delivered successfully with better coordination, and the process became a repeatable pattern for future projects.",strong,8,9,10,
757,Tell me about a time you took accountability for a messy situation.,ownership,"This was during a team project and honestly things were already a bit messy. to be honest, In a capstone project, one important task kept slipping because responsibility was fragmented I did what I could in the moment, though I probably should have organized things better. Looking back, I would set expectations much sooner next time. Things improved a little, but the result was not very strong and I learned I needed better structure.",weak,2,2,1,"context, result, specific actions"
758,Tell me about a time you resolved a conflict with a teammate.,conflict,"This happened during a project where expectations changed and the team had to adjust quickly. I also kept the team updated so we could move forward without too much confusion I listened to different viewpoints, summarized the tradeoffs, and helped the group agree on a practical action. One thing I learned from that was that I needed to communicate earlier. The issue was resolved without a major delay, and I learned the value of clearer ownership up front.",average,5,5,5,metrics
759,Tell me about a time you used communication to remove confusion.,communication,"This situation came up during a cross-functional effort where I had to balance speed, clarity, and execution. I first clarified the success criteria and the actual risk to the timeline I clarified the success criteria, mapped the blockers, assigned clear owners, and set checkpoints to keep things moving. The tricky part was that the situation changed while we were already executing. We recovered the timeline, improved alignment across the team, and reused the same approach in later work.",strong,9,10,10,deeper reflection
760,Describe a time you responded effectively to time pressure.,pressure,"I remember this happening in college, and I did not really have a clear plan at first. I tried to help and talk to people, but I was not very structured about it I did what I could in the moment, though I probably should have organized things better. I made quick tradeoff decisions but explained them clearly so the team stayed aligned We avoided a bigger failure by staying disciplined under pressure The tricky part was that the situation changed while we were already executing. The situation settled down later, but it made me realize I needed to be more specific and organized.",weak,4,2,2,"metrics, ownership"
761,Tell me about a time you made sure nothing fell through the cracks.,ownership,"This example comes from a team assignment where we had a deadline and a few unresolved blockers. At an internship, a recurring blocker sat between teams and was easy for everyone to partially ignore I broke the problem into smaller actions, aligned with the team, and followed up on the next steps. We got the work back on track, and the team had a clearer way to handle similar situations after that.",average,7,4,4,reflection
762,Tell me about a time you set direction for a group project.,leadership,"This happened during a high-visibility project where the timeline and coordination really mattered. if I am being real, at an internship, the team needed someone to connect product feedback with engineering tasks I clarified the success criteria, mapped the blockers, assigned clear owners, and set checkpoints to keep things moving. We delivered successfully with better coordination, and the process became a repeatable pattern for future projects.",strong,7,8,9,
764,Describe a setback that improved your judgment later.,failure,"This example comes from a team assignment where we had a deadline and a few unresolved blockers. to be honest, in an internship sprint, I gave an optimistic estimate without enough technical discovery first I clarified the immediate issue, spoke with the people involved, and suggested a simple plan to move forward. I turned the mistake into a concrete process change rather than treating it as a one-off problem The project recovered, and people appreciated having a more structured way to communicate progress.",average,7,5,4,strong impact
765,Describe a setback that improved your judgment later.,failure,"This happened during a high-visibility project where the timeline and coordination really mattered. I first clarified the success criteria and the actual risk to the timeline I gathered missing context, aligned stakeholders on the tradeoffs, and drove a structured recovery plan. It was uncomfortable, but it permanently improved how I scope and communicate work The tricky part was that the situation changed while we were already executing. The team hit the revised milestone, reduced confusion, and my manager called out the clarity of the execution.",strong,8,8,8,
766,Tell me about a setback that changed how you work.,failure,"This was during a team project and honestly things were already a bit messy. I tried to help and talk to people, but I was not very structured about it I mostly tried to help and talk through it, but I was not very structured. honestly, During a hackathon follow-up, I focused too much on implementation and not enough on user testing One thing I learned from that was that I needed to communicate earlier. Things improved a little, but the result was not very strong and I learned I needed better structure.",weak,2,2,2,"context, result, specific actions"
767,Tell me about a time you set direction for a group project.,leadership,"This example comes from a team assignment where we had a deadline and a few unresolved blockers. The project recovered from drift and my manager mentioned that the coordination improved team confidence I clarified the immediate issue, spoke with the people involved, and suggested a simple plan to move forward. The project recovered, and people appreciated having a more structured way to communicate progress.",average,7,5,6,strong impact
768,Describe a time you owned a problem end to end.,ownership,"This situation came up during a cross-functional effort where I had to balance speed, clarity, and execution. I first clarified the success criteria and the actual risk to the timeline I gathered missing context, aligned stakeholders on the tradeoffs, and drove a structured recovery plan. I documented the decision path, followed up on ownership, and kept stakeholders aligned The team hit the revised milestone, reduced confusion, and my manager called out the clarity of the execution.",strong,8,9,8,
769,Describe a time leadership was needed even though you were not the official owner.,leadership,"I remember this happening in college, and I did not really have a clear plan at first. basically, i kept communication direct and calm so people trusted the process instead of feeling managed The project recovered from drift and my manager mentioned that the coordination improved team confidence I mostly tried to help and talk through it, but I was not very structured. honestly, At an internship, the team needed someone to connect product feedback with engineering tasks We finished eventually, though the outcome was only okay and it showed me I should have communicated earlier.",weak,2,3,2,"clear structure, reflection"
770,Tell me about a time you took ownership of something important.,ownership,"This happened during a project where expectations changed and the team had to adjust quickly. I also kept the team updated so we could move forward without too much confusion I broke the problem into smaller actions, aligned with the team, and followed up on the next steps. Looking back, I would set expectations much sooner next time. We got the work back on track, and the team had a clearer way to handle similar situations after that.",average,6,6,6,deeper ownership
771,Describe a time you underestimated something important.,failure,"This situation came up during a cross-functional effort where I had to balance speed, clarity, and execution. honestly, i first clarified the success criteria and the actual risk to the timeline I created clarity around the problem, documented the decision path, and followed through until the outcome stabilized. What made it harder was that not everyone was aligned at the beginning. The team hit the revised milestone, reduced confusion, and my manager called out the clarity of the execution.",strong,10,8,7,deeper reflection
772,Tell me about a time you had to reduce ambiguity for others.,ambiguity,"This was during a team project and honestly things were already a bit messy. if I am being real, i tried to help and talk to people, but I was not very structured about it I did what I could in the moment, though I probably should have organized things better. I documented the decisions we were making under uncertainty and what would cause us to revisit them The work moved forward without reckless guessing because assumptions were explicit and tested The situation settled down later, but it made me realize I needed to be more specific and organized.",weak,4,2,3,"decision rationale, result"
773,Describe a failure that taught you something important.,failure,"I faced this situation during an internship when priorities shifted halfway through the work. During an internship, I underestimated how much validation a feature needed before rollout I broke the problem into smaller actions, aligned with the team, and followed up on the next steps. We got the work back on track, and the team had a clearer way to handle similar situations after that.",average,7,6,6,deeper ownership
774,Describe a time leadership was needed even though you were not the official owner.,leadership,"This happened during a high-visibility project where the timeline and coordination really mattered. The project recovered from drift and my manager mentioned that the coordination improved team confidence I clarified the success criteria, mapped the blockers, assigned clear owners, and set checkpoints to keep things moving. At an internship, the team needed someone to connect product feedback with engineering tasks What made it harder was that not everyone was aligned at the beginning. The team hit the revised milestone, reduced confusion, and my manager called out the clarity of the execution.",strong,7,9,10,
775,Tell me about a time you had to define the path yourself.,ambiguity,"This came up during an internship task, and I was kind of figuring things out as I went. I tried to help and talk to people, but I was not very structured about it I did what I could in the moment, though I probably should have organized things better. Looking back, I would set expectations much sooner next time. We finished eventually, though the outcome was only okay and it showed me I should have communicated earlier.",weak,3,2,2,"clear structure, reflection"
776,Describe a challenge that made you change course.,challenge,"I faced this situation during an internship when priorities shifted halfway through the work. I also kept the team updated so we could move forward without too much confusion I broke the problem into smaller actions, aligned with the team, and followed up on the next steps. I balanced persistence with realism, which meant changing the design once the facts clearly supported it What made it harder was that not everyone was aligned at the beginning. The project recovered, and people appreciated having a more structured way to communicate progress.",average,6,6,6,reflection
777,Tell me about a time you took ownership of something important.,ownership,"This happened during a high-visibility project where the timeline and coordination really mattered. During an internship, a workflow had several owners on paper but no one was watching the full outcome I gathered missing context, aligned stakeholders on the tradeoffs, and drove a structured recovery plan. We delivered successfully with better coordination, and the process became a repeatable pattern for future projects.",strong,8,10,10,deeper reflection
778,Tell me about a difficult challenge you worked through.,challenge,"I remember this happening in college, and I did not really have a clear plan at first. I stopped assuming the first path was correct and gathered evidence about what was actually failing We solved the challenge with a stronger approach, and the later solution was much more reliable than the first idea I did what I could in the moment, though I probably should have organized things better. We finished eventually, though the outcome was only okay and it showed me I should have communicated earlier.",weak,4,2,3,"clear structure, reflection"
779,Tell me about a time you had to balance different opinions on a team.,conflict,"This example comes from a team assignment where we had a deadline and a few unresolved blockers. to be honest, on a student product team, two contributors wanted different priorities for the same sprint I broke the problem into smaller actions, aligned with the team, and followed up on the next steps. I also kept the team updated so we could move forward without too much confusion The issue was resolved without a major delay, and I learned the value of clearer ownership up front.",average,5,6,4,metrics
780,Tell me about a time you created structure in an ambiguous situation.,ambiguity,"This happened during a high-visibility project where the timeline and coordination really mattered. to be honest, i first clarified the success criteria and the actual risk to the timeline I created clarity around the problem, documented the decision path, and followed through until the outcome stabilized. I documented the decision path, followed up on ownership, and kept stakeholders aligned The team hit the revised milestone, reduced confusion, and my manager called out the clarity of the execution.",strong,8,8,8,
781,Describe a time you solved something more complex than expected.,challenge,"I remember this happening in college, and I did not really have a clear plan at first. kind of, During my internship, a workflow looked simple at first but had several hidden edge cases I did what I could in the moment, though I probably should have organized things better. I tried to help and talk to people, but I was not very structured about it Looking back, I would set expectations much sooner next time. Things improved a little, but the result was not very strong and I learned I needed better structure.",weak,3,3,1,"metrics, ownership"
782,Describe a time you improved something proactively.,initiative,"I faced this situation during an internship when priorities shifted halfway through the work. to be honest, the fix was simple but high leverage, which taught me that initiative works best when it is practical I listened to different viewpoints, summarized the tradeoffs, and helped the group agree on a practical action. I kept the solution practical because I wanted it to be used, not just admired One thing I learned from that was that I needed to communicate earlier. The project recovered, and people appreciated having a more structured way to communicate progress.",average,6,6,6,deeper ownership
783,Tell me about a time you improved the way a team worked together.,teamwork,"This happened during a high-visibility project where the timeline and coordination really mattered. to be honest, i documented the decision path, followed up on ownership, and kept stakeholders aligned I created clarity around the problem, documented the decision path, and followed through until the outcome stabilized. The team hit the revised milestone, reduced confusion, and my manager called out the clarity of the execution.",strong,7,7,9,deeper reflection
784,Tell me about a time you created structure in an ambiguous situation.,ambiguity,"This came up during an internship task, and I was kind of figuring things out as I went. kind of, In a student build, feedback kept changing while implementation had already started I tried to respond quickly, but I did not really define the problem clearly. The tricky part was that the situation changed while we were already executing. The situation settled down later, but it made me realize I needed to be more specific and organized.",weak,4,3,1,"metrics, ownership"
785,Describe a time a message had to be adjusted for the audience.,communication,"This example comes from a team assignment where we had a deadline and a few unresolved blockers. honestly, at an internship, a vague update caused confusion about whether a blocker was resolved I clarified the immediate issue, spoke with the people involved, and suggested a simple plan to move forward. I also kept the team updated so we could move forward without too much confusion The issue was resolved without a major delay, and I learned the value of clearer ownership up front.",average,6,4,6,deeper ownership
786,Tell me about a time you handled pressure without losing focus.,pressure,"This situation came up during a cross-functional effort where I had to balance speed, clarity, and execution. We recovered enough to meet the key milestone, and I learned how much clarity matters when time is tight I gathered missing context, aligned stakeholders on the tradeoffs, and drove a structured recovery plan. At a student event, last-minute changes forced the team to reorganize work quickly The tricky part was that the situation changed while we were already executing. We recovered the timeline, improved alignment across the team, and reused the same approach in later work.",strong,9,7,8,deeper reflection
787,Describe a time you responded effectively to time pressure.,pressure,"This was during a team project and honestly things were already a bit messy. to be honest, i made quick tradeoff decisions but explained them clearly so the team stayed aligned We avoided a bigger failure by staying disciplined under pressure I did what I could in the moment, though I probably should have organized things better. What made it harder was that not everyone was aligned at the beginning. The situation settled down later, but it made me realize I needed to be more specific and organized.",weak,3,4,2,"context, result, specific actions"
788,Tell me about a time you stepped in because something needed a real owner.,ownership,"I faced this situation during an internship when priorities shifted halfway through the work. The problem stopped bouncing between people and the resolution happened faster I listened to different viewpoints, summarized the tradeoffs, and helped the group agree on a practical action. What made it harder was that not everyone was aligned at the beginning. We got the work back on track, and the team had a clearer way to handle similar situations after that.",average,6,4,4,metrics
789,Describe a time a message had to be adjusted for the audience.,communication,"I dealt with this in an internship where my work directly affected delivery for the broader team. I documented the decision path, followed up on ownership, and kept stakeholders aligned I created clarity around the problem, documented the decision path, and followed through until the outcome stabilized. The communication helped stakeholders make a timely decision and trust the rationale behind it We recovered the timeline, improved alignment across the team, and reused the same approach in later work.",strong,7,9,10,deeper reflection
790,Describe a time you had to collaborate across roles or backgrounds.,teamwork,"I remember this happening in college, and I did not really have a clear plan at first. if I am being real, i translated between technical and non-technical teammates when needed so decisions stayed clear We avoided duplicate work, hit the milestone, and built more trust across the group I mostly tried to help and talk through it, but I was not very structured. I tried to help and talk to people, but I was not very structured about it Things improved a little, but the result was not very strong and I learned I needed better structure.",weak,2,2,1,"clear structure, reflection"
791,Describe a challenge that made you change course.,challenge,"I faced this situation during an internship when priorities shifted halfway through the work. I also kept the team updated so we could move forward without too much confusion I broke the problem into smaller actions, aligned with the team, and followed up on the next steps. In a student product project, a dependency behaved differently from the documentation The project recovered, and people appreciated having a more structured way to communicate progress.",average,6,5,6,metrics
792,Tell me about a time you treated the result as your responsibility.,ownership,"This situation came up during a cross-functional effort where I had to balance speed, clarity, and execution. In a student project, the final delivery risk was spread out enough that nobody was truly tracking it I gathered missing context, aligned stakeholders on the tradeoffs, and drove a structured recovery plan. I accepted accountability for the outcome, which meant checking details that otherwise would have been missed The team hit the revised milestone, reduced confusion, and my manager called out the clarity of the execution.",strong,7,8,9,deeper reflection
793,Tell me about a time you learned from an avoidable miss.,failure,"This came up during an internship task, and I was kind of figuring things out as I went. honestly, i tried to help and talk to people, but I was not very structured about it I mostly tried to help and talk through it, but I was not very structured. I made a habit of validating assumptions earlier and communicating uncertainty with more precision I did not hide the mistake, and the learning from it prevented a similar issue later Looking back, I would set expectations much sooner next time. We finished eventually, though the outcome was only okay and it showed me I should have communicated earlier.",weak,2,2,2,"decision rationale, result"
794,Tell me about a time you noticed a gap and stepped in.,initiative,"I faced this situation during an internship when priorities shifted halfway through the work. During a campus event build, I noticed the onboarding material for new contributors was missing I listened to different viewpoints, summarized the tradeoffs, and helped the group agree on a practical action. The issue was resolved without a major delay, and I learned the value of clearer ownership up front.",average,7,5,4,metrics
795,Describe a time you went beyond execution and owned the outcome.,ownership,"I dealt with this in an internship where my work directly affected delivery for the broader team. I made ownership explicit, closed loops with others, and did not assume silence meant things were handled I clarified the success criteria, mapped the blockers, assigned clear owners, and set checkpoints to keep things moving. I documented the decision path, followed up on ownership, and kept stakeholders aligned We delivered successfully with better coordination, and the process became a repeatable pattern for future projects.",strong,7,8,10,
796,Tell me about a time you used communication to remove confusion.,communication,"I remember this happening in college, and I did not really have a clear plan at first. if I am being real, kind of, In a student team, people had different understandings of what the project milestone meant I did what I could in the moment, though I probably should have organized things better. Looking back, I would set expectations much sooner next time. We finished eventually, though the outcome was only okay and it showed me I should have communicated earlier.",weak,4,3,2,"metrics, ownership"
797,Tell me about a time you performed under pressure.,pressure,"I faced this situation during an internship when priorities shifted halfway through the work. kind of, i reduced the noise by identifying what truly had to happen first and what could wait I clarified the immediate issue, spoke with the people involved, and suggested a simple plan to move forward. I also kept the team updated so we could move forward without too much confusion The issue was resolved without a major delay, and I learned the value of clearer ownership up front.",average,6,6,4,strong impact
798,Describe a time you influenced a group to move in a better direction.,leadership,"This happened during a high-visibility project where the timeline and coordination really mattered. We reduced confusion, finished the work more smoothly, and I learned that leadership is often about clarity and follow-through I clarified the success criteria, mapped the blockers, assigned clear owners, and set checkpoints to keep things moving. The team hit the revised milestone, reduced confusion, and my manager called out the clarity of the execution.",strong,9,8,7,deeper reflection
799,Describe a time you stayed with a problem until it was fully resolved.,ownership,"I remember this happening in college, and I did not really have a clear plan at first. I treated the end result as my responsibility, even when I needed help from several people to get there The issue was resolved more completely because someone was finally watching it end to end I mostly tried to help and talk through it, but I was not very structured. honestly, During an internship, a workflow had several owners on paper but no one was watching the full outcome Things improved a little, but the result was not very strong and I learned I needed better structure.",weak,3,3,1,"context, result, specific actions"
800,Describe a time you underestimated something important.,failure,"This happened during a project where expectations changed and the team had to adjust quickly. kind of, i also kept the team updated so we could move forward without too much confusion I broke the problem into smaller actions, aligned with the team, and followed up on the next steps. We got the work back on track, and the team had a clearer way to handle similar situations after that.",average,6,4,6,deeper ownership
801,Tell me about a time you took ownership of something important.,ownership,"I dealt with this in an internship where my work directly affected delivery for the broader team. I treated the end result as my responsibility, even when I needed help from several people to get there I created clarity around the problem, documented the decision path, and followed through until the outcome stabilized. We delivered successfully with better coordination, and the process became a repeatable pattern for future projects.",strong,10,9,7,
802,Describe a time you stayed with a problem until it was fully resolved.,ownership,"I remember this happening in college, and I did not really have a clear plan at first. honestly, During an internship, a workflow had several owners on paper but no one was watching the full outcome I mostly tried to help and talk through it, but I was not very structured. The situation settled down later, but it made me realize I needed to be more specific and organized.",weak,2,2,2,"metrics, ownership"
803,Describe a time your plan did not work.,failure,"I faced this situation during an internship when priorities shifted halfway through the work. I did not hide the mistake, and the learning from it prevented a similar issue later I broke the problem into smaller actions, aligned with the team, and followed up on the next steps. At school, I took on too much work personally instead of distributing it earlier The tricky part was that the situation changed while we were already executing. We got the work back on track, and the team had a clearer way to handle similar situations after that.",average,5,6,5,deeper ownership
804,Describe a failure that taught you something important.,failure,"This happened during a high-visibility project where the timeline and coordination really mattered. honestly, during an internship, I underestimated how much validation a feature needed before rollout I clarified the success criteria, mapped the blockers, assigned clear owners, and set checkpoints to keep things moving. I first clarified the success criteria and the actual risk to the timeline We delivered successfully with better coordination, and the process became a repeatable pattern for future projects.",strong,9,10,9,deeper reflection
805,Describe a time two people on your team were not aligned and you helped.,conflict,"I remember this happening in college, and I did not really have a clear plan at first. honestly, i tried to help and talk to people, but I was not very structured about it I did what I could in the moment, though I probably should have organized things better. I summarized the actual blocker, clarified decisions that were emotional versus technical, and proposed a simple ownership split The merge moved forward the next day and the relationship between the teammates improved noticeably We finished eventually, though the outcome was only okay and it showed me I should have communicated earlier.",weak,2,2,1,"context, result, specific actions"
806,Tell me about a time pressure revealed your decision-making style.,pressure,"This example comes from a team assignment where we had a deadline and a few unresolved blockers. In a project presentation cycle, several problems surfaced right before the final deadline I clarified the immediate issue, spoke with the people involved, and suggested a simple plan to move forward. I also kept the team updated so we could move forward without too much confusion One thing I learned from that was that I needed to communicate earlier. We got the work back on track, and the team had a clearer way to handle similar situations after that.",average,6,6,6,strong impact
807,Describe a time you stayed with a problem until it was fully resolved.,ownership,"I dealt with this in an internship where my work directly affected delivery for the broader team. I treated the end result as my responsibility, even when I needed help from several people to get there I gathered missing context, aligned stakeholders on the tradeoffs, and drove a structured recovery plan. During an internship, a workflow had several owners on paper but no one was watching the full outcome We delivered successfully with better coordination, and the process became a repeatable pattern for future projects.",strong,9,8,7,
808,Tell me about a time you performed under pressure.,pressure,"This was during a team project and honestly things were already a bit messy. I reduced the noise by identifying what truly had to happen first and what could wait We got through the deadline without unnecessary panic and delivered the most important work successfully I tried to respond quickly, but I did not really define the problem clearly. We finished eventually, though the outcome was only okay and it showed me I should have communicated earlier.",weak,3,4,1,"context, result, specific actions"
809,Tell me about a time you noticed a gap and stepped in.,initiative,"This happened during a project where expectations changed and the team had to adjust quickly. I also kept the team updated so we could move forward without too much confusion I broke the problem into smaller actions, aligned with the team, and followed up on the next steps. During a campus event build, I noticed the onboarding material for new contributors was missing The tricky part was that the situation changed while we were already executing. The project recovered, and people appreciated having a more structured way to communicate progress.",average,5,6,6,deeper ownership
810,Describe a time you influenced a group to move in a better direction.,leadership,"This happened during a high-visibility project where the timeline and coordination really mattered. We reduced confusion, finished the work more smoothly, and I learned that leadership is often about clarity and follow-through I gathered missing context, aligned stakeholders on the tradeoffs, and drove a structured recovery plan. I volunteered to run short syncs, summarize blockers, and keep the team focused on the highest-risk work first We delivered successfully with better coordination, and the process became a repeatable pattern for future projects.",strong,10,9,8,
811,Describe a time you created alignment across multiple people.,leadership,"I remember this happening in college, and I did not really have a clear plan at first. kind of, During an internship, a feature had many moving parts but no clear day-to-day coordinator I did what I could in the moment, though I probably should have organized things better. I tried to help and talk to people, but I was not very structured about it We finished eventually, though the outcome was only okay and it showed me I should have communicated earlier.",weak,3,3,2,"decision rationale, result"
812,Tell me about a time you missed the mark.,failure,"I faced this situation during an internship when priorities shifted halfway through the work. It was uncomfortable, but it permanently improved how I scope and communicate work I clarified the immediate issue, spoke with the people involved, and suggested a simple plan to move forward. I also kept the team updated so we could move forward without too much confusion Looking back, I would set expectations much sooner next time. The project recovered, and people appreciated having a more structured way to communicate progress.",average,7,6,5,strong impact
813,Tell me about a time you had to move without a full answer.,ambiguity,"I dealt with this in an internship where my work directly affected delivery for the broader team. kind of, the ambiguity did not disappear immediately, but we created enough structure to execute confidently I created clarity around the problem, documented the decision path, and followed through until the outcome stabilized. We delivered successfully with better coordination, and the process became a repeatable pattern for future projects.",strong,8,10,7,deeper reflection
814,Describe a time you underestimated something important.,failure,"This came up during an internship task, and I was kind of figuring things out as I went. I tried to help and talk to people, but I was not very structured about it I mostly tried to help and talk through it, but I was not very structured. I started breaking work into smaller checkpoints so I could spot risk earlier instead of near the deadline The experience made me much better at risk management, and later estimates were noticeably more reliable We finished eventually, though the outcome was only okay and it showed me I should have communicated earlier.",weak,4,2,3,"clear structure, reflection"
815,Tell me about a setback that changed how you work.,failure,"This happened during a project where expectations changed and the team had to adjust quickly. I also kept the team updated so we could move forward without too much confusion I clarified the immediate issue, spoke with the people involved, and suggested a simple plan to move forward. I started breaking work into smaller checkpoints so I could spot risk earlier instead of near the deadline The issue was resolved without a major delay, and I learned the value of clearer ownership up front.",average,7,4,6,reflection
816,Describe a time you had to simplify technical detail for others.,communication,"This situation came up during a cross-functional effort where I had to balance speed, clarity, and execution. I documented the decision path, followed up on ownership, and kept stakeholders aligned I gathered missing context, aligned stakeholders on the tradeoffs, and drove a structured recovery plan. The tricky part was that the situation changed while we were already executing. We recovered the timeline, improved alignment across the team, and reused the same approach in later work.",strong,10,10,9,deeper reflection
817,Tell me about a time you organized others around a goal.,leadership,"This came up during an internship task, and I was kind of figuring things out as I went. to be honest, On a capstone team, we were close to deadline and needed clearer execution ownership I tried to respond quickly, but I did not really define the problem clearly. One thing I learned from that was that I needed to communicate earlier. The situation settled down later, but it made me realize I needed to be more specific and organized.",weak,2,2,3,"decision rationale, result"
818,Tell me about a time you learned from an avoidable miss.,failure,"This example comes from a team assignment where we had a deadline and a few unresolved blockers. I made a habit of validating assumptions earlier and communicating uncertainty with more precision I clarified the immediate issue, spoke with the people involved, and suggested a simple plan to move forward. I also kept the team updated so we could move forward without too much confusion The project recovered, and people appreciated having a more structured way to communicate progress.",average,5,4,4,strong impact
819,Describe a time intense deadlines changed how you worked.,pressure,"This happened during a high-visibility project where the timeline and coordination really mattered. kind of, during an internship release week, we discovered a blocking issue shortly before a demo I created clarity around the problem, documented the decision path, and followed through until the outcome stabilized. The team hit the revised milestone, reduced confusion, and my manager called out the clarity of the execution.",strong,8,7,9,
820,Describe a time you managed risk during a very busy stretch.,pressure,"I remember this happening in college, and I did not really have a clear plan at first. honestly, kind of, At a student event, last-minute changes forced the team to reorganize work quickly I did what I could in the moment, though I probably should have organized things better. The situation settled down later, but it made me realize I needed to be more specific and organized.",weak,4,2,1,"clear structure, reflection"
821,Describe a conflict that could have slowed the project down.,conflict,"I faced this situation during an internship when priorities shifted halfway through the work. I followed up after the meeting to make sure the tension did not quietly return during execution I listened to different viewpoints, summarized the tradeoffs, and helped the group agree on a practical action. I also kept the team updated so we could move forward without too much confusion The issue was resolved without a major delay, and I learned the value of clearer ownership up front.",average,6,5,5,deeper ownership
822,Tell me about a time you organized others around a goal.,leadership,"I dealt with this in an internship where my work directly affected delivery for the broader team. kind of, i documented decisions and followed through on the details so the momentum did not fade after meetings I created clarity around the problem, documented the decision path, and followed through until the outcome stabilized. I first clarified the success criteria and the actual risk to the timeline The team hit the revised milestone, reduced confusion, and my manager called out the clarity of the execution.",strong,10,9,10,
823,Describe a time you owned a problem end to end.,ownership,"This came up during an internship task, and I was kind of figuring things out as I went. honestly, In a capstone project, one important task kept slipping because responsibility was fragmented I did what I could in the moment, though I probably should have organized things better. Things improved a little, but the result was not very strong and I learned I needed better structure.",weak,4,3,1,"metrics, ownership"
824,Tell me about a time your decision created a problem.,failure,"This happened during a project where expectations changed and the team had to adjust quickly. I documented what I got wrong, asked for feedback, and changed how I planned similar work later I clarified the immediate issue, spoke with the people involved, and suggested a simple plan to move forward. The issue was resolved without a major delay, and I learned the value of clearer ownership up front.",average,7,6,4,reflection
825,Tell me about a time you failed and what you learned.,failure,"This situation came up during a cross-functional effort where I had to balance speed, clarity, and execution. to be honest, i documented the decision path, followed up on ownership, and kept stakeholders aligned I gathered missing context, aligned stakeholders on the tradeoffs, and drove a structured recovery plan. During an internship, I underestimated how much validation a feature needed before rollout We recovered the timeline, improved alignment across the team, and reused the same approach in later work.",strong,8,7,7,
826,Tell me about a time you improved the way a team worked together.,teamwork,"This was during a team project and honestly things were already a bit messy. I focused on helping the team unblock quickly instead of only finishing my own part The collaboration improved both speed and quality, especially because people knew where to go for updates I tried to respond quickly, but I did not really define the problem clearly. The tricky part was that the situation changed while we were already executing. We finished eventually, though the outcome was only okay and it showed me I should have communicated earlier.",weak,3,3,2,"decision rationale, result"
827,Tell me about a time you took accountability for a messy situation.,ownership,"This happened during a project where expectations changed and the team had to adjust quickly. I kept the full picture visible, not just my individual task, and followed up until the problem was actually closed I clarified the immediate issue, spoke with the people involved, and suggested a simple plan to move forward. One thing I learned from that was that I needed to communicate earlier. The project recovered, and people appreciated having a more structured way to communicate progress.",average,5,4,6,deeper ownership
828,Describe a time you went beyond execution and owned the outcome.,ownership,"I dealt with this in an internship where my work directly affected delivery for the broader team. I first clarified the success criteria and the actual risk to the timeline I clarified the success criteria, mapped the blockers, assigned clear owners, and set checkpoints to keep things moving. I documented the decision path, followed up on ownership, and kept stakeholders aligned The team hit the revised milestone, reduced confusion, and my manager called out the clarity of the execution.",strong,10,7,8,deeper reflection
829,Tell me about a time you had to rethink your approach to a challenge.,challenge,"This came up during an internship task, and I was kind of figuring things out as I went. to be honest, In a student product project, a dependency behaved differently from the documentation I mostly tried to help and talk through it, but I was not very structured. Things improved a little, but the result was not very strong and I learned I needed better structure.",weak,2,2,2,"metrics, ownership"
830,Tell me about a time you had to stay calm in a stressful situation.,pressure,"This happened during a project where expectations changed and the team had to adjust quickly. We avoided a bigger failure by staying disciplined under pressure I listened to different viewpoints, summarized the tradeoffs, and helped the group agree on a practical action. One thing I learned from that was that I needed to communicate earlier. The issue was resolved without a major delay, and I learned the value of clearer ownership up front.",average,6,5,5,strong impact
831,Describe a time intense deadlines changed how you worked.,pressure,"I dealt with this in an internship where my work directly affected delivery for the broader team. I documented the decision path, followed up on ownership, and kept stakeholders aligned I created clarity around the problem, documented the decision path, and followed through until the outcome stabilized. We got through the deadline without unnecessary panic and delivered the most important work successfully One thing I learned from that was that I needed to communicate earlier. The team hit the revised milestone, reduced confusion, and my manager called out the clarity of the execution.",strong,7,10,7,
832,Describe a failure that taught you something important.,failure,"This came up during an internship task, and I was kind of figuring things out as I went. if I am being real, kind of, During an internship, I underestimated how much validation a feature needed before rollout I tried to respond quickly, but I did not really define the problem clearly. The situation settled down later, but it made me realize I needed to be more specific and organized.",weak,4,4,1,"clear structure, reflection"
833,Describe a time uncertainty made execution difficult.,ambiguity,"This example comes from a team assignment where we had a deadline and a few unresolved blockers. I also kept the team updated so we could move forward without too much confusion I clarified the immediate issue, spoke with the people involved, and suggested a simple plan to move forward. I documented the decisions we were making under uncertainty and what would cause us to revisit them We got the work back on track, and the team had a clearer way to handle similar situations after that.",average,6,4,5,metrics
834,Describe a time you solved something more complex than expected.,challenge,"I dealt with this in an internship where my work directly affected delivery for the broader team. I documented the decision path, followed up on ownership, and kept stakeholders aligned I created clarity around the problem, documented the decision path, and followed through until the outcome stabilized. I first clarified the success criteria and the actual risk to the timeline One thing I learned from that was that I needed to communicate earlier. The team hit the revised milestone, reduced confusion, and my manager called out the clarity of the execution.",strong,9,9,8,
835,Tell me about a time you had to rethink your approach to a challenge.,challenge,"I remember this happening in college, and I did not really have a clear plan at first. I tried to help and talk to people, but I was not very structured about it I mostly tried to help and talk through it, but I was not very structured. to be honest, In a student product project, a dependency behaved differently from the documentation The situation settled down later, but it made me realize I needed to be more specific and organized.",weak,3,2,1,"metrics, ownership"
836,Tell me about a time you created value without formal ownership.,initiative,"This happened during a project where expectations changed and the team had to adjust quickly. if I am being real, in a class project, repeated setup issues were wasting time for new teammates I clarified the immediate issue, spoke with the people involved, and suggested a simple plan to move forward. We got the work back on track, and the team had a clearer way to handle similar situations after that.",average,6,5,6,strong impact
837,Describe a time you owned a problem end to end.,ownership,"This happened during a high-visibility project where the timeline and coordination really mattered. I kept the full picture visible, not just my individual task, and followed up until the problem was actually closed I gathered missing context, aligned stakeholders on the tradeoffs, and drove a structured recovery plan. We delivered successfully with better coordination, and the process became a repeatable pattern for future projects.",strong,10,10,7,
838,Describe a time your ownership improved the final result.,ownership,"This came up during an internship task, and I was kind of figuring things out as I went. basically, In a student project, the final delivery risk was spread out enough that nobody was truly tracking it I did what I could in the moment, though I probably should have organized things better. Things improved a little, but the result was not very strong and I learned I needed better structure.",weak,3,3,3,"metrics, ownership"
839,Tell me about a time you had to rethink your approach to a challenge.,challenge,"I faced this situation during an internship when priorities shifted halfway through the work. I balanced persistence with realism, which meant changing the design once the facts clearly supported it I listened to different viewpoints, summarized the tradeoffs, and helped the group agree on a practical action. I also kept the team updated so we could move forward without too much confusion We got the work back on track, and the team had a clearer way to handle similar situations after that.",average,5,5,6,deeper ownership
840,Tell me about a time you organized others around a goal.,leadership,"I dealt with this in an internship where my work directly affected delivery for the broader team. honestly, i documented decisions and followed through on the details so the momentum did not fade after meetings I clarified the success criteria, mapped the blockers, assigned clear owners, and set checkpoints to keep things moving. Looking back, I would set expectations much sooner next time. We recovered the timeline, improved alignment across the team, and reused the same approach in later work.",strong,7,9,9,deeper reflection
841,Tell me about a time your decision created a problem.,failure,"This came up during an internship task, and I was kind of figuring things out as I went. to be honest, i documented what I got wrong, asked for feedback, and changed how I planned similar work later I earned trust back by being accountable and applying the lesson in the next project I did what I could in the moment, though I probably should have organized things better. honestly, In a student project, I assumed a task would be quick and did not surface risk early enough Looking back, I would set expectations much sooner next time. We finished eventually, though the outcome was only okay and it showed me I should have communicated earlier.",weak,2,2,3,"decision rationale, result"
842,Tell me about a difficult challenge you worked through.,challenge,"This example comes from a team assignment where we had a deadline and a few unresolved blockers. During my internship, a workflow looked simple at first but had several hidden edge cases I listened to different viewpoints, summarized the tradeoffs, and helped the group agree on a practical action. We solved the challenge with a stronger approach, and the later solution was much more reliable than the first idea The project recovered, and people appreciated having a more structured way to communicate progress.",average,7,6,4,deeper ownership
843,Describe a time you proactively improved team execution.,initiative,"This situation came up during a cross-functional effort where I had to balance speed, clarity, and execution. kind of, i documented the decision path, followed up on ownership, and kept stakeholders aligned I created clarity around the problem, documented the decision path, and followed through until the outcome stabilized. I first clarified the success criteria and the actual risk to the timeline We delivered successfully with better coordination, and the process became a repeatable pattern for future projects.",strong,8,10,9,deeper reflection
844,Describe a time you had to explain something complex clearly.,communication,"This came up during an internship task, and I was kind of figuring things out as I went. I tried to help and talk to people, but I was not very structured about it I mostly tried to help and talk through it, but I was not very structured. We finished eventually, though the outcome was only okay and it showed me I should have communicated earlier.",weak,4,2,3,"context, result, specific actions"
845,Describe a time you created alignment across multiple people.,leadership,"This example comes from a team assignment where we had a deadline and a few unresolved blockers. I also kept the team updated so we could move forward without too much confusion I listened to different viewpoints, summarized the tradeoffs, and helped the group agree on a practical action. The team delivered on time and people kept using the structure I introduced even after the project milestone The project recovered, and people appreciated having a more structured way to communicate progress.",average,7,6,4,reflection
846,Describe a time a deadline or high-stakes situation tested you.,pressure,"This situation came up during a cross-functional effort where I had to balance speed, clarity, and execution. basically, the pressure was real, but the team stayed coordinated because the priorities were clear I clarified the success criteria, mapped the blockers, assigned clear owners, and set checkpoints to keep things moving. I first clarified the success criteria and the actual risk to the timeline What made it harder was that not everyone was aligned at the beginning. The team hit the revised milestone, reduced confusion, and my manager called out the clarity of the execution.",strong,7,10,7,
847,Describe a time you had to coordinate with people who worked differently from you.,teamwork,"This was during a team project and honestly things were already a bit messy. honestly, During a campus organization project, multiple people were contributing asynchronously I did what I could in the moment, though I probably should have organized things better. I focused on helping the team unblock quickly instead of only finishing my own part The collaboration improved both speed and quality, especially because people knew where to go for updates We finished eventually, though the outcome was only okay and it showed me I should have communicated earlier.",weak,3,2,1,"decision rationale, result"
848,Tell me about a time you stepped up and led an effort.,leadership,"This happened during a project where expectations changed and the team had to adjust quickly. if I am being real, during a campus tech event, several volunteers were working hard but priorities were scattered I listened to different viewpoints, summarized the tradeoffs, and helped the group agree on a practical action. The group became more aligned, and our output quality improved because ownership was visible The project recovered, and people appreciated having a more structured way to communicate progress.",average,6,4,5,deeper ownership
849,Tell me about a time you organized others around a goal.,leadership,"I dealt with this in an internship where my work directly affected delivery for the broader team. I documented decisions and followed through on the details so the momentum did not fade after meetings I clarified the success criteria, mapped the blockers, assigned clear owners, and set checkpoints to keep things moving. I first clarified the success criteria and the actual risk to the timeline We delivered successfully with better coordination, and the process became a repeatable pattern for future projects.",strong,9,7,9,
850,Describe a mistake you would handle differently now.,failure,"This was during a team project and honestly things were already a bit messy. to be honest, In a student project, I assumed a task would be quick and did not surface risk early enough I tried to respond quickly, but I did not really define the problem clearly. I documented what I got wrong, asked for feedback, and changed how I planned similar work later I earned trust back by being accountable and applying the lesson in the next project We finished eventually, though the outcome was only okay and it showed me I should have communicated earlier.",weak,4,4,1,"metrics, ownership"
851,Describe a mistake you would handle differently now.,failure,"This example comes from a team assignment where we had a deadline and a few unresolved blockers. kind of, i documented what I got wrong, asked for feedback, and changed how I planned similar work later I clarified the immediate issue, spoke with the people involved, and suggested a simple plan to move forward. I also kept the team updated so we could move forward without too much confusion The issue was resolved without a major delay, and I learned the value of clearer ownership up front.",average,7,5,6,reflection
852,Describe a time changing information made planning harder.,ambiguity,"I dealt with this in an internship where my work directly affected delivery for the broader team. to be honest, i first clarified the success criteria and the actual risk to the timeline I clarified the success criteria, mapped the blockers, assigned clear owners, and set checkpoints to keep things moving. The team hit the revised milestone, reduced confusion, and my manager called out the clarity of the execution.",strong,10,9,8,
853,Tell me about a time you had to deliver difficult information clearly.,communication,"I remember this happening in college, and I did not really have a clear plan at first. basically, honestly, At an internship, a vague update caused confusion about whether a blocker was resolved I did what I could in the moment, though I probably should have organized things better. I made the tradeoffs explicit instead of assuming everyone interpreted the situation the same way The communication helped stakeholders make a timely decision and trust the rationale behind it We finished eventually, though the outcome was only okay and it showed me I should have communicated earlier.",weak,4,3,3,"context, result, specific actions"
854,Tell me about a time you had to reduce ambiguity for others.,ambiguity,"I faced this situation during an internship when priorities shifted halfway through the work. I documented the decisions we were making under uncertainty and what would cause us to revisit them I listened to different viewpoints, summarized the tradeoffs, and helped the group agree on a practical action. The project recovered, and people appreciated having a more structured way to communicate progress.",average,5,6,4,metrics
855,Describe a time uncertainty made execution difficult.,ambiguity,"This happened during a high-visibility project where the timeline and coordination really mattered. The work moved forward without reckless guessing because assumptions were explicit and tested I created clarity around the problem, documented the decision path, and followed through until the outcome stabilized. One thing I learned from that was that I needed to communicate earlier. We recovered the timeline, improved alignment across the team, and reused the same approach in later work.",strong,7,7,10,deeper reflection
856,Describe a disagreement you handled inside a project team.,conflict,"This was during a team project and honestly things were already a bit messy. honestly, In a college capstone project, design and engineering kept blaming each other for delays I tried to respond quickly, but I did not really define the problem clearly. I summarized the actual blocker, clarified decisions that were emotional versus technical, and proposed a simple ownership split The merge moved forward the next day and the relationship between the teammates improved noticeably Things improved a little, but the result was not very strong and I learned I needed better structure.",weak,2,4,1,"decision rationale, result"
857,Tell me about a time you started something useful on your own.,initiative,"This happened during a project where expectations changed and the team had to adjust quickly. People adopted the improvement quickly and it reduced repeated confusion across the group I listened to different viewpoints, summarized the tradeoffs, and helped the group agree on a practical action. I also kept the team updated so we could move forward without too much confusion What made it harder was that not everyone was aligned at the beginning. The project recovered, and people appreciated having a more structured way to communicate progress.",average,5,5,5,strong impact
858,Describe a time conflict made execution harder than it should have been.,conflict,"This situation came up during a cross-functional effort where I had to balance speed, clarity, and execution. if I am being real, at an internship, code review comments became defensive and slowed the merge process I created clarity around the problem, documented the decision path, and followed through until the outcome stabilized. I documented the decision path, followed up on ownership, and kept stakeholders aligned The team hit the revised milestone, reduced confusion, and my manager called out the clarity of the execution.",strong,8,7,8,
859,Tell me about a time you had to stay calm in a stressful situation.,pressure,"I remember this happening in college, and I did not really have a clear plan at first. if I am being real, i made quick tradeoff decisions but explained them clearly so the team stayed aligned We avoided a bigger failure by staying disciplined under pressure I did what I could in the moment, though I probably should have organized things better. I tried to help and talk to people, but I was not very structured about it Things improved a little, but the result was not very strong and I learned I needed better structure.",weak,4,4,3,"metrics, ownership"
860,Describe a time two people on your team were not aligned and you helped.,conflict,"This happened during a project where expectations changed and the team had to adjust quickly. if I am being real, i also kept the team updated so we could move forward without too much confusion I clarified the immediate issue, spoke with the people involved, and suggested a simple plan to move forward. Looking back, I would set expectations much sooner next time. We got the work back on track, and the team had a clearer way to handle similar situations after that.",average,6,5,6,strong impact
861,Describe a time you built trust quickly within a team.,teamwork,"This happened during a high-visibility project where the timeline and coordination really mattered. I made communication simpler by keeping one shared tracker, one update rhythm, and one source of truth I created clarity around the problem, documented the decision path, and followed through until the outcome stabilized. We recovered the timeline, improved alignment across the team, and reused the same approach in later work.",strong,8,9,9,
862,Tell me about a difficult challenge you worked through.,challenge,"This came up during an internship task, and I was kind of figuring things out as I went. I stopped assuming the first path was correct and gathered evidence about what was actually failing We solved the challenge with a stronger approach, and the later solution was much more reliable than the first idea I mostly tried to help and talk through it, but I was not very structured. Things improved a little, but the result was not very strong and I learned I needed better structure.",weak,2,3,1,"context, result, specific actions"
863,Describe a conflict that could have slowed the project down.,conflict,"This happened during a project where expectations changed and the team had to adjust quickly. honestly, i followed up after the meeting to make sure the tension did not quietly return during execution I clarified the immediate issue, spoke with the people involved, and suggested a simple plan to move forward. I also kept the team updated so we could move forward without too much confusion The tricky part was that the situation changed while we were already executing. The issue was resolved without a major delay, and I learned the value of clearer ownership up front.",average,6,5,6,deeper ownership
864,Describe a time a deadline or high-stakes situation tested you.,pressure,"I dealt with this in an internship where my work directly affected delivery for the broader team. I documented the decision path, followed up on ownership, and kept stakeholders aligned I created clarity around the problem, documented the decision path, and followed through until the outcome stabilized. I kept updates short and frequent so nobody wasted time guessing about the status We delivered successfully with better coordination, and the process became a repeatable pattern for future projects.",strong,7,10,8,
865,Tell me about a time you had to deliver while things felt chaotic.,pressure,"This was during a team project and honestly things were already a bit messy. I tried to help and talk to people, but I was not very structured about it I mostly tried to help and talk through it, but I was not very structured. I stayed calm, documented the options, and asked for help where it would change the outcome fastest The situation stabilized quickly because we stopped multitasking and focused on the right fixes The situation settled down later, but it made me realize I needed to be more specific and organized.",weak,4,3,3,"metrics, ownership"
866,Describe a time requirements were unclear and you still made progress.,ambiguity,"This happened during a project where expectations changed and the team had to adjust quickly. to be honest, in a product team, stakeholders agreed on the problem but not on the exact solution path I clarified the immediate issue, spoke with the people involved, and suggested a simple plan to move forward. I also kept the team updated so we could move forward without too much confusion The project recovered, and people appreciated having a more structured way to communicate progress.",average,7,5,5,reflection
867,Describe a setback that improved your judgment later.,failure,"This situation came up during a cross-functional effort where I had to balance speed, clarity, and execution. In an internship sprint, I gave an optimistic estimate without enough technical discovery first I created clarity around the problem, documented the decision path, and followed through until the outcome stabilized. I documented the decision path, followed up on ownership, and kept stakeholders aligned The tricky part was that the situation changed while we were already executing. The team hit the revised milestone, reduced confusion, and my manager called out the clarity of the execution.",strong,8,8,10,deeper reflection
868,Describe a time you built trust quickly within a team.,teamwork,"This came up during an internship task, and I was kind of figuring things out as I went. I made communication simpler by keeping one shared tracker, one update rhythm, and one source of truth We delivered a stronger result than any one person could have done alone, and the teamwork felt much more efficient by the end I tried to respond quickly, but I did not really define the problem clearly. We finished eventually, though the outcome was only okay and it showed me I should have communicated earlier.",weak,2,4,1,"clear structure, reflection"
869,Tell me about a time you had to deliver difficult information clearly.,communication,"I faced this situation during an internship when priorities shifted halfway through the work. to be honest, i also kept the team updated so we could move forward without too much confusion I listened to different viewpoints, summarized the tradeoffs, and helped the group agree on a practical action. The communication helped stakeholders make a timely decision and trust the rationale behind it What made it harder was that not everyone was aligned at the beginning. We got the work back on track, and the team had a clearer way to handle similar situations after that.",average,6,5,5,deeper ownership
870,Tell me about a time you treated the result as your responsibility.,ownership,"This happened during a high-visibility project where the timeline and coordination really mattered. I accepted accountability for the outcome, which meant checking details that otherwise would have been missed I created clarity around the problem, documented the decision path, and followed through until the outcome stabilized. It reinforced that ownership is really about the outcome, not just the assigned task list What made it harder was that not everyone was aligned at the beginning. We delivered successfully with better coordination, and the process became a repeatable pattern for future projects.",strong,9,10,8,
871,Describe a time you went beyond execution and owned the outcome.,ownership,"This was during a team project and honestly things were already a bit messy. basically, i tried to help and talk to people, but I was not very structured about it I tried to respond quickly, but I did not really define the problem clearly. I made ownership explicit, closed loops with others, and did not assume silence meant things were handled The problem stopped bouncing between people and the resolution happened faster Things improved a little, but the result was not very strong and I learned I needed better structure.",weak,3,2,1,"metrics, ownership"
872,Describe a time you built trust quickly within a team.,teamwork,"This example comes from a team assignment where we had a deadline and a few unresolved blockers. I made communication simpler by keeping one shared tracker, one update rhythm, and one source of truth I clarified the immediate issue, spoke with the people involved, and suggested a simple plan to move forward. I also kept the team updated so we could move forward without too much confusion Looking back, I would set expectations much sooner next time. We got the work back on track, and the team had a clearer way to handle similar situations after that.",average,5,4,5,reflection
873,Describe a time you did more than the assigned work because it mattered.,initiative,"This situation came up during a cross-functional effort where I had to balance speed, clarity, and execution. I documented the decision path, followed up on ownership, and kept stakeholders aligned I gathered missing context, aligned stakeholders on the tradeoffs, and drove a structured recovery plan. I started small, collected feedback, and improved the idea before asking the full team to change habits We delivered successfully with better coordination, and the process became a repeatable pattern for future projects.",strong,8,10,7,
874,Tell me about a time you had to step into a difficult team disagreement.,conflict,"I remember this happening in college, and I did not really have a clear plan at first. basically, honestly, During my internship, two teammates disagreed on how to split a feature for a release I mostly tried to help and talk through it, but I was not very structured. We finished eventually, though the outcome was only okay and it showed me I should have communicated earlier.",weak,4,4,1,"metrics, ownership"
875,Describe a time you carried responsibility beyond your immediate task.,ownership,"I faced this situation during an internship when priorities shifted halfway through the work. I also kept the team updated so we could move forward without too much confusion I clarified the immediate issue, spoke with the people involved, and suggested a simple plan to move forward. I pushed past the easy handoff point and stayed engaged until the downstream impact looked healthy too The project recovered, and people appreciated having a more structured way to communicate progress.",average,5,5,6,deeper ownership
876,Describe a time you owned a problem end to end.,ownership,"This happened during a high-visibility project where the timeline and coordination really mattered. I first clarified the success criteria and the actual risk to the timeline I gathered missing context, aligned stakeholders on the tradeoffs, and drove a structured recovery plan. The team hit the revised milestone, reduced confusion, and my manager called out the clarity of the execution.",strong,10,10,9,deeper reflection
877,Tell me about a time you identified an issue early and acted.,initiative,"This was during a team project and honestly things were already a bit messy. if I am being real, i kept the solution practical because I wanted it to be used, not just admired The fix was simple but high leverage, which taught me that initiative works best when it is practical I did what I could in the moment, though I probably should have organized things better. to be honest, At an internship, I saw a recurring communication gap between the feature owner and implementers One thing I learned from that was that I needed to communicate earlier. We finished eventually, though the outcome was only okay and it showed me I should have communicated earlier.",weak,4,2,2,"decision rationale, result"
878,Describe a time you responded effectively to time pressure.,pressure,"This happened during a project where expectations changed and the team had to adjust quickly. kind of, in a campus project, a critical dependency slipped and compressed the remaining timeline I broke the problem into smaller actions, aligned with the team, and followed up on the next steps. We got the work back on track, and the team had a clearer way to handle similar situations after that.",average,6,5,5,reflection
879,Tell me about a time you had to rethink your approach to a challenge.,challenge,"This situation came up during a cross-functional effort where I had to balance speed, clarity, and execution. kind of, i balanced persistence with realism, which meant changing the design once the facts clearly supported it I created clarity around the problem, documented the decision path, and followed through until the outcome stabilized. I first clarified the success criteria and the actual risk to the timeline One thing I learned from that was that I needed to communicate earlier. We recovered the timeline, improved alignment across the team, and reused the same approach in later work.",strong,7,9,8,
880,Describe a time your communication changed a decision.,communication,"I remember this happening in college, and I did not really have a clear plan at first. basically, basically, During a release discussion, several teams were using slightly different definitions of success I did what I could in the moment, though I probably should have organized things better. The situation settled down later, but it made me realize I needed to be more specific and organized.",weak,2,4,3,"context, result, specific actions"
881,Tell me about a difficult challenge you worked through.,challenge,"I faced this situation during an internship when priorities shifted halfway through the work. if I am being real, i stopped assuming the first path was correct and gathered evidence about what was actually failing I listened to different viewpoints, summarized the tradeoffs, and helped the group agree on a practical action. The issue was resolved without a major delay, and I learned the value of clearer ownership up front.",average,7,6,4,reflection
882,Tell me about a time you led without formal authority.,leadership,"I dealt with this in an internship where my work directly affected delivery for the broader team. kind of, during an internship, a feature had many moving parts but no clear day-to-day coordinator I gathered missing context, aligned stakeholders on the tradeoffs, and drove a structured recovery plan. One thing I learned from that was that I needed to communicate earlier. The team hit the revised milestone, reduced confusion, and my manager called out the clarity of the execution.",strong,9,8,10,
883,Describe a time urgent work forced you to prioritize carefully.,pressure,"This came up during an internship task, and I was kind of figuring things out as I went. to be honest, to be honest, During a sprint, a production-like bug appeared while other commitments were already heavy I mostly tried to help and talk through it, but I was not very structured. I tried to help and talk to people, but I was not very structured about it We finished eventually, though the outcome was only okay and it showed me I should have communicated earlier.",weak,3,4,2,"decision rationale, result"
884,Tell me about a time you identified an issue early and acted.,initiative,"I faced this situation during an internship when priorities shifted halfway through the work. I also kept the team updated so we could move forward without too much confusion I broke the problem into smaller actions, aligned with the team, and followed up on the next steps. What made it harder was that not everyone was aligned at the beginning. We got the work back on track, and the team had a clearer way to handle similar situations after that.",average,5,5,4,strong impact
885,Describe a conflict that could have slowed the project down.,conflict,"This happened during a high-visibility project where the timeline and coordination really mattered. if I am being real, i documented the decision path, followed up on ownership, and kept stakeholders aligned I clarified the success criteria, mapped the blockers, assigned clear owners, and set checkpoints to keep things moving. I followed up after the meeting to make sure the tension did not quietly return during execution We recovered the timeline, improved alignment across the team, and reused the same approach in later work.",strong,10,7,8,
886,Describe a time you acted without being asked.,initiative,"I remember this happening in college, and I did not really have a clear plan at first. I tried to help and talk to people, but I was not very structured about it I did what I could in the moment, though I probably should have organized things better. Things improved a little, but the result was not very strong and I learned I needed better structure.",weak,3,3,1,"metrics, ownership"
887,Describe a setback that improved your judgment later.,failure,"This example comes from a team assignment where we had a deadline and a few unresolved blockers. I also kept the team updated so we could move forward without too much confusion I broke the problem into smaller actions, aligned with the team, and followed up on the next steps. I turned the mistake into a concrete process change rather than treating it as a one-off problem What made it harder was that not everyone was aligned at the beginning. The issue was resolved without a major delay, and I learned the value of clearer ownership up front.",average,6,6,6,metrics
888,Describe a time a deadline or high-stakes situation tested you.,pressure,"I dealt with this in an internship where my work directly affected delivery for the broader team. I first clarified the success criteria and the actual risk to the timeline I gathered missing context, aligned stakeholders on the tradeoffs, and drove a structured recovery plan. In a project presentation cycle, several problems surfaced right before the final deadline The team hit the revised milestone, reduced confusion, and my manager called out the clarity of the execution.",strong,8,9,10,deeper reflection
889,Tell me about a time you had to deliver difficult information clearly.,communication,"I remember this happening in college, and I did not really have a clear plan at first. I made the tradeoffs explicit instead of assuming everyone interpreted the situation the same way The communication helped stakeholders make a timely decision and trust the rationale behind it I mostly tried to help and talk through it, but I was not very structured. The tricky part was that the situation changed while we were already executing. Things improved a little, but the result was not very strong and I learned I needed better structure.",weak,2,3,1,"metrics, ownership"
890,Describe a failure that taught you something important.,failure,"I faced this situation during an internship when priorities shifted halfway through the work. Once I saw the miss, I owned it directly, explained the impact clearly, and shifted into recovery mode instead of defending the mistake I listened to different viewpoints, summarized the tradeoffs, and helped the group agree on a practical action. The short-term miss was real, but later work improved because I handled planning and communication much more carefully We got the work back on track, and the team had a clearer way to handle similar situations after that.",average,7,6,5,reflection
891,Tell me about a time you handled pressure without losing focus.,pressure,"This situation came up during a cross-functional effort where I had to balance speed, clarity, and execution. I avoided trying to fix everything at once and instead focused on the highest-risk path I created clarity around the problem, documented the decision path, and followed through until the outcome stabilized. I documented the decision path, followed up on ownership, and kept stakeholders aligned Looking back, I would set expectations much sooner next time. We recovered the timeline, improved alignment across the team, and reused the same approach in later work.",strong,10,8,9,deeper reflection
892,Describe a conflict that could have slowed the project down.,conflict,"This came up during an internship task, and I was kind of figuring things out as I went. I tried to help and talk to people, but I was not very structured about it I did what I could in the moment, though I probably should have organized things better. kind of, During a hackathon follow-up project, communication friction started affecting handoffs What made it harder was that not everyone was aligned at the beginning. The situation settled down later, but it made me realize I needed to be more specific and organized.",weak,2,3,1,"decision rationale, result"
893,Describe a time you earned followership instead of using title or role.,leadership,"I faced this situation during an internship when priorities shifted halfway through the work. honestly, the group became more aligned, and our output quality improved because ownership was visible I clarified the immediate issue, spoke with the people involved, and suggested a simple plan to move forward. I also kept the team updated so we could move forward without too much confusion The project recovered, and people appreciated having a more structured way to communicate progress.",average,6,5,4,reflection
894,Describe a time you led execution when the team needed clarity.,leadership,"This situation came up during a cross-functional effort where I had to balance speed, clarity, and execution. if I am being real, we hit the target with less last-minute churn than expected I created clarity around the problem, documented the decision path, and followed through until the outcome stabilized. We recovered the timeline, improved alignment across the team, and reused the same approach in later work.",strong,10,9,8,deeper reflection
895,Tell me about a time you had to reduce ambiguity for others.,ambiguity,"I remember this happening in college, and I did not really have a clear plan at first. I tried to help and talk to people, but I was not very structured about it I mostly tried to help and talk through it, but I was not very structured. to be honest, At an internship, the team knew something needed improvement but not yet which direction would work best The tricky part was that the situation changed while we were already executing. Things improved a little, but the result was not very strong and I learned I needed better structure.",weak,3,3,1,"decision rationale, result"
896,Tell me about a time you had to repair a working relationship.,conflict,"This example comes from a team assignment where we had a deadline and a few unresolved blockers. honestly, i kept the discussion focused on facts, timelines, and the goal instead of who was right I listened to different viewpoints, summarized the tradeoffs, and helped the group agree on a practical action. I also kept the team updated so we could move forward without too much confusion What made it harder was that not everyone was aligned at the beginning. The project recovered, and people appreciated having a more structured way to communicate progress.",average,5,5,4,strong impact
897,Describe a challenge that made you change course.,challenge,"This happened during a high-visibility project where the timeline and coordination really mattered. basically, i balanced persistence with realism, which meant changing the design once the facts clearly supported it I clarified the success criteria, mapped the blockers, assigned clear owners, and set checkpoints to keep things moving. I documented the decision path, followed up on ownership, and kept stakeholders aligned We recovered the timeline, improved alignment across the team, and reused the same approach in later work.",strong,10,10,7,
898,Describe a failure that taught you something important.,failure,"I remember this happening in college, and I did not really have a clear plan at first. if I am being real, i tried to help and talk to people, but I was not very structured about it I did what I could in the moment, though I probably should have organized things better. What made it harder was that not everyone was aligned at the beginning. We finished eventually, though the outcome was only okay and it showed me I should have communicated earlier.",weak,4,4,2,"context, result, specific actions"
899,Tell me about a time you used communication to remove confusion.,communication,"This happened during a project where expectations changed and the team had to adjust quickly. I replaced jargon with plain language, used a simple example, and confirmed understanding before moving on I listened to different viewpoints, summarized the tradeoffs, and helped the group agree on a practical action. In a student team, people had different understandings of what the project milestone meant The issue was resolved without a major delay, and I learned the value of clearer ownership up front.",average,6,6,6,metrics
900,Tell me about a time you noticed a gap and stepped in.,initiative,"This happened during a high-visibility project where the timeline and coordination really mattered. I documented the decision path, followed up on ownership, and kept stakeholders aligned I clarified the success criteria, mapped the blockers, assigned clear owners, and set checkpoints to keep things moving. During a campus event build, I noticed the onboarding material for new contributors was missing We recovered the timeline, improved alignment across the team, and reused the same approach in later work.",strong,7,10,10,
901,Tell me about a time you led without formal authority.,leadership,"This was during a team project and honestly things were already a bit messy. basically, During an internship, a feature had many moving parts but no clear day-to-day coordinator I tried to respond quickly, but I did not really define the problem clearly. I created a visible plan with milestones, owners, and check-in points so everyone could see where we stood The team delivered on time and people kept using the structure I introduced even after the project milestone The situation settled down later, but it made me realize I needed to be more specific and organized.",weak,2,2,2,"decision rationale, result"
902,Tell me about a time you treated the result as your responsibility.,ownership,"This example comes from a team assignment where we had a deadline and a few unresolved blockers. I accepted accountability for the outcome, which meant checking details that otherwise would have been missed I clarified the immediate issue, spoke with the people involved, and suggested a simple plan to move forward. In a student project, the final delivery risk was spread out enough that nobody was truly tracking it The issue was resolved without a major delay, and I learned the value of clearer ownership up front.",average,6,4,5,strong impact
903,Tell me about a time teamwork helped solve a difficult problem.,teamwork,"I dealt with this in an internship where my work directly affected delivery for the broader team. In a group project, different people owned research, coding, and presentation tasks under a tight timeline I clarified the success criteria, mapped the blockers, assigned clear owners, and set checkpoints to keep things moving. What made it harder was that not everyone was aligned at the beginning. We recovered the timeline, improved alignment across the team, and reused the same approach in later work.",strong,7,8,8,
904,Tell me about a time you set direction for a group project.,leadership,"This came up during an internship task, and I was kind of figuring things out as I went. honestly, i tried to help and talk to people, but I was not very structured about it I did what I could in the moment, though I probably should have organized things better. I kept communication direct and calm so people trusted the process instead of feeling managed The project recovered from drift and my manager mentioned that the coordination improved team confidence Looking back, I would set expectations much sooner next time. Things improved a little, but the result was not very strong and I learned I needed better structure.",weak,2,2,1,"metrics, ownership"
905,Tell me about a time you learned from an avoidable miss.,failure,"I faced this situation during an internship when priorities shifted halfway through the work. At school, I took on too much work personally instead of distributing it earlier I clarified the immediate issue, spoke with the people involved, and suggested a simple plan to move forward. I also kept the team updated so we could move forward without too much confusion The project recovered, and people appreciated having a more structured way to communicate progress.",average,6,6,5,deeper ownership
906,Describe a time you went beyond execution and owned the outcome.,ownership,"This situation came up during a cross-functional effort where I had to balance speed, clarity, and execution. I made ownership explicit, closed loops with others, and did not assume silence meant things were handled I gathered missing context, aligned stakeholders on the tradeoffs, and drove a structured recovery plan. I first clarified the success criteria and the actual risk to the timeline One thing I learned from that was that I needed to communicate earlier. The team hit the revised milestone, reduced confusion, and my manager called out the clarity of the execution.",strong,8,10,7,
907,Describe a time your communication changed a decision.,communication,"This was during a team project and honestly things were already a bit messy. I summarized key points in writing afterward so the alignment did not disappear after the meeting We avoided wasted work because expectations became clear before implementation continued I mostly tried to help and talk through it, but I was not very structured. I tried to help and talk to people, but I was not very structured about it The situation settled down later, but it made me realize I needed to be more specific and organized.",weak,3,2,2,"clear structure, reflection"
908,Tell me about a time you faced a challenge that took persistence.,challenge,"This example comes from a team assignment where we had a deadline and a few unresolved blockers. During a team build, the integration problem was harder than what the initial plan assumed I clarified the immediate issue, spoke with the people involved, and suggested a simple plan to move forward. The challenge improved my problem-solving habits because I became more evidence-driven The tricky part was that the situation changed while we were already executing. The issue was resolved without a major delay, and I learned the value of clearer ownership up front.",average,6,5,5,strong impact
909,Tell me about a time your team depended on strong collaboration.,teamwork,"This situation came up during a cross-functional effort where I had to balance speed, clarity, and execution. At an internship, one deliverable required tight handoffs between backend, frontend, and product I gathered missing context, aligned stakeholders on the tradeoffs, and drove a structured recovery plan. The tricky part was that the situation changed while we were already executing. The team hit the revised milestone, reduced confusion, and my manager called out the clarity of the execution.",strong,10,9,9,
910,Tell me about a time you took ownership of something important.,ownership,"This came up during an internship task, and I was kind of figuring things out as I went. I tried to help and talk to people, but I was not very structured about it I tried to respond quickly, but I did not really define the problem clearly. honestly, During an internship, a workflow had several owners on paper but no one was watching the full outcome What made it harder was that not everyone was aligned at the beginning. Things improved a little, but the result was not very strong and I learned I needed better structure.",weak,4,2,3,"context, result, specific actions"
911,Tell me about a time you made sure nothing fell through the cracks.,ownership,"I faced this situation during an internship when priorities shifted halfway through the work. honestly, i also kept the team updated so we could move forward without too much confusion I broke the problem into smaller actions, aligned with the team, and followed up on the next steps. The project recovered, and people appreciated having a more structured way to communicate progress.",average,5,6,6,deeper ownership
912,Describe a time you had to simplify technical detail for others.,communication,"This situation came up during a cross-functional effort where I had to balance speed, clarity, and execution. I documented the decision path, followed up on ownership, and kept stakeholders aligned I gathered missing context, aligned stakeholders on the tradeoffs, and drove a structured recovery plan. I first clarified the success criteria and the actual risk to the timeline Looking back, I would set expectations much sooner next time. We recovered the timeline, improved alignment across the team, and reused the same approach in later work.",strong,9,10,7,
913,Describe a time conflict made execution harder than it should have been.,conflict,"This was during a team project and honestly things were already a bit messy. kind of, basically, At an internship, code review comments became defensive and slowed the merge process I tried to respond quickly, but I did not really define the problem clearly. I kept the discussion focused on facts, timelines, and the goal instead of who was right The team regained momentum, and the lead later reused the same alignment format for future disputes The situation settled down later, but it made me realize I needed to be more specific and organized.",weak,4,3,3,"context, result, specific actions"
914,Describe a time you managed risk during a very busy stretch.,pressure,"I faced this situation during an internship when priorities shifted halfway through the work. We recovered enough to meet the key milestone, and I learned how much clarity matters when time is tight I broke the problem into smaller actions, aligned with the team, and followed up on the next steps. I also kept the team updated so we could move forward without too much confusion We got the work back on track, and the team had a clearer way to handle similar situations after that.",average,7,4,4,strong impact
915,Tell me about a time you led without formal authority.,leadership,"This situation came up during a cross-functional effort where I had to balance speed, clarity, and execution. honestly, i documented the decision path, followed up on ownership, and kept stakeholders aligned I created clarity around the problem, documented the decision path, and followed through until the outcome stabilized. One thing I learned from that was that I needed to communicate earlier. We recovered the timeline, improved alignment across the team, and reused the same approach in later work.",strong,9,7,10,
916,Tell me about a time poor communication could have caused a problem.,communication,"This came up during an internship task, and I was kind of figuring things out as I went. I tried to help and talk to people, but I was not very structured about it I did what I could in the moment, though I probably should have organized things better. We finished eventually, though the outcome was only okay and it showed me I should have communicated earlier.",weak,2,2,1,"decision rationale, result"
917,Describe a time you improved something proactively.,initiative,"I faced this situation during an internship when priorities shifted halfway through the work. The fix was simple but high leverage, which taught me that initiative works best when it is practical I broke the problem into smaller actions, aligned with the team, and followed up on the next steps. We got the work back on track, and the team had a clearer way to handle similar situations after that.",average,6,6,5,deeper ownership
918,Describe a time you made progress with incomplete information.,ambiguity,"I dealt with this in an internship where my work directly affected delivery for the broader team. I documented the decision path, followed up on ownership, and kept stakeholders aligned I created clarity around the problem, documented the decision path, and followed through until the outcome stabilized. The team hit the revised milestone, reduced confusion, and my manager called out the clarity of the execution.",strong,10,8,7,
919,Tell me about a time your team depended on strong collaboration.,teamwork,"This came up during an internship task, and I was kind of figuring things out as I went. honestly, i shared progress and risks openly, which made it easier for others to adjust their work in time We finished with less confusion and much better visibility than at the start I mostly tried to help and talk through it, but I was not very structured. The situation settled down later, but it made me realize I needed to be more specific and organized.",weak,2,4,2,"context, result, specific actions"
920,Tell me about a time you created value without formal ownership.,initiative,"This example comes from a team assignment where we had a deadline and a few unresolved blockers. kind of, it improved the workflow enough that later teammates continued using it I listened to different viewpoints, summarized the tradeoffs, and helped the group agree on a practical action. The project recovered, and people appreciated having a more structured way to communicate progress.",average,6,5,6,metrics
921,Tell me about a time you took initiative to lead a delivery effort.,leadership,"I dealt with this in an internship where my work directly affected delivery for the broader team. I volunteered to run short syncs, summarize blockers, and keep the team focused on the highest-risk work first I clarified the success criteria, mapped the blockers, assigned clear owners, and set checkpoints to keep things moving. I first clarified the success criteria and the actual risk to the timeline The tricky part was that the situation changed while we were already executing. We recovered the timeline, improved alignment across the team, and reused the same approach in later work.",strong,10,7,9,deeper reflection
922,Describe a time you owned a problem end to end.,ownership,"This came up during an internship task, and I was kind of figuring things out as I went. honestly, honestly, In a capstone project, one important task kept slipping because responsibility was fragmented I tried to respond quickly, but I did not really define the problem clearly. I kept the full picture visible, not just my individual task, and followed up until the problem was actually closed The delivery quality improved, and the team had more confidence because ownership was visible Looking back, I would set expectations much sooner next time. Things improved a little, but the result was not very strong and I learned I needed better structure.",weak,2,2,2,"clear structure, reflection"
923,Tell me about a time you improved the way a team worked together.,teamwork,"This happened during a project where expectations changed and the team had to adjust quickly. to be honest, during a campus organization project, multiple people were contributing asynchronously I broke the problem into smaller actions, aligned with the team, and followed up on the next steps. The collaboration improved both speed and quality, especially because people knew where to go for updates What made it harder was that not everyone was aligned at the beginning. The project recovered, and people appreciated having a more structured way to communicate progress.",average,7,6,4,metrics
924,Describe a time a message had to be adjusted for the audience.,communication,"I dealt with this in an internship where my work directly affected delivery for the broader team. I made the tradeoffs explicit instead of assuming everyone interpreted the situation the same way I gathered missing context, aligned stakeholders on the tradeoffs, and drove a structured recovery plan. We recovered the timeline, improved alignment across the team, and reused the same approach in later work.",strong,9,8,9,
925,Tell me about a time you created structure in an ambiguous situation.,ambiguity,"This came up during an internship task, and I was kind of figuring things out as I went. I focused on reducing risk while still moving forward, not on pretending the uncertainty did not exist It taught me that ambiguity is manageable when you turn it into smaller decisions and feedback loops I did what I could in the moment, though I probably should have organized things better. I tried to help and talk to people, but I was not very structured about it Things improved a little, but the result was not very strong and I learned I needed better structure.",weak,4,4,1,"decision rationale, result"
926,Describe a time changing information made planning harder.,ambiguity,"I faced this situation during an internship when priorities shifted halfway through the work. I checked in often with stakeholders so the direction became sharper as evidence improved I listened to different viewpoints, summarized the tradeoffs, and helped the group agree on a practical action. The ambiguity did not disappear immediately, but we created enough structure to execute confidently The project recovered, and people appreciated having a more structured way to communicate progress.",average,6,4,6,deeper ownership
927,Tell me about a time you worked through ambiguity.,ambiguity,"This situation came up during a cross-functional effort where I had to balance speed, clarity, and execution. I turned ambiguity into smaller questions, gathered missing signals, and kept a visible list of assumptions I clarified the success criteria, mapped the blockers, assigned clear owners, and set checkpoints to keep things moving. What made it harder was that not everyone was aligned at the beginning. The team hit the revised milestone, reduced confusion, and my manager called out the clarity of the execution.",strong,8,10,9,
928,Tell me about a time you performed under pressure.,pressure,"I remember this happening in college, and I did not really have a clear plan at first. I reduced the noise by identifying what truly had to happen first and what could wait We got through the deadline without unnecessary panic and delivered the most important work successfully I did what I could in the moment, though I probably should have organized things better. The situation settled down later, but it made me realize I needed to be more specific and organized.",weak,3,4,1,"clear structure, reflection"
929,Tell me about a time your decision created a problem.,failure,"This example comes from a team assignment where we had a deadline and a few unresolved blockers. I documented what I got wrong, asked for feedback, and changed how I planned similar work later I clarified the immediate issue, spoke with the people involved, and suggested a simple plan to move forward. The issue was resolved without a major delay, and I learned the value of clearer ownership up front.",average,7,4,6,strong impact
930,Describe a time a message had to be adjusted for the audience.,communication,"This situation came up during a cross-functional effort where I had to balance speed, clarity, and execution. I documented the decision path, followed up on ownership, and kept stakeholders aligned I gathered missing context, aligned stakeholders on the tradeoffs, and drove a structured recovery plan. We delivered successfully with better coordination, and the process became a repeatable pattern for future projects.",strong,8,10,10,
931,Tell me about a time you identified an issue early and acted.,initiative,"I remember this happening in college, and I did not really have a clear plan at first. to be honest, i tried to help and talk to people, but I was not very structured about it I mostly tried to help and talk through it, but I was not very structured. The situation settled down later, but it made me realize I needed to be more specific and organized.",weak,3,4,1,"decision rationale, result"
932,Describe a time you led execution when the team needed clarity.,leadership,"I faced this situation during an internship when priorities shifted halfway through the work. We hit the target with less last-minute churn than expected I listened to different viewpoints, summarized the tradeoffs, and helped the group agree on a practical action. I also kept the team updated so we could move forward without too much confusion Looking back, I would set expectations much sooner next time. The project recovered, and people appreciated having a more structured way to communicate progress.",average,7,6,5,metrics
933,Describe a time your ownership improved the final result.,ownership,"This happened during a high-visibility project where the timeline and coordination really mattered. if I am being real, i first clarified the success criteria and the actual risk to the timeline I clarified the success criteria, mapped the blockers, assigned clear owners, and set checkpoints to keep things moving. It reinforced that ownership is really about the outcome, not just the assigned task list We delivered successfully with better coordination, and the process became a repeatable pattern for future projects.",strong,10,10,9,deeper reflection
934,Describe a failure that taught you something important.,failure,"I remember this happening in college, and I did not really have a clear plan at first. I tried to help and talk to people, but I was not very structured about it I tried to respond quickly, but I did not really define the problem clearly. kind of, During an internship, I underestimated how much validation a feature needed before rollout Things improved a little, but the result was not very strong and I learned I needed better structure.",weak,4,4,1,"clear structure, reflection"
935,Describe a time conflict made execution harder than it should have been.,conflict,"This example comes from a team assignment where we had a deadline and a few unresolved blockers. I kept the discussion focused on facts, timelines, and the goal instead of who was right I listened to different viewpoints, summarized the tradeoffs, and helped the group agree on a practical action. At an internship, code review comments became defensive and slowed the merge process The project recovered, and people appreciated having a more structured way to communicate progress.",average,7,6,4,metrics
936,Tell me about a time you took accountability for a messy situation.,ownership,"This happened during a high-visibility project where the timeline and coordination really mattered. if I am being real, i kept the full picture visible, not just my individual task, and followed up until the problem was actually closed I clarified the success criteria, mapped the blockers, assigned clear owners, and set checkpoints to keep things moving. One thing I learned from that was that I needed to communicate earlier. We recovered the timeline, improved alignment across the team, and reused the same approach in later work.",strong,8,7,8,
937,Describe a time you created alignment across multiple people.,leadership,"This came up during an internship task, and I was kind of figuring things out as I went. basically, i tried to help and talk to people, but I was not very structured about it I mostly tried to help and talk through it, but I was not very structured. We finished eventually, though the outcome was only okay and it showed me I should have communicated earlier.",weak,4,3,2,"decision rationale, result"
938,Describe a time you earned followership instead of using title or role.,leadership,"This example comes from a team assignment where we had a deadline and a few unresolved blockers. to be honest, during a campus tech event, several volunteers were working hard but priorities were scattered I clarified the immediate issue, spoke with the people involved, and suggested a simple plan to move forward. I made sure quieter teammates were heard, then turned the conversation into concrete next actions What made it harder was that not everyone was aligned at the beginning. We got the work back on track, and the team had a clearer way to handle similar situations after that.",average,7,5,6,strong impact
939,Describe a time you had to simplify technical detail for others.,communication,"I dealt with this in an internship where my work directly affected delivery for the broader team. I adjusted the level of detail for the audience and focused on the decision they actually needed to make I clarified the success criteria, mapped the blockers, assigned clear owners, and set checkpoints to keep things moving. I first clarified the success criteria and the actual risk to the timeline One thing I learned from that was that I needed to communicate earlier. We delivered successfully with better coordination, and the process became a repeatable pattern for future projects.",strong,9,9,8,deeper reflection
940,Tell me about a time you had to reduce ambiguity for others.,ambiguity,"This came up during an internship task, and I was kind of figuring things out as I went. I documented the decisions we were making under uncertainty and what would cause us to revisit them The work moved forward without reckless guessing because assumptions were explicit and tested I tried to respond quickly, but I did not really define the problem clearly. Things improved a little, but the result was not very strong and I learned I needed better structure.",weak,2,4,1,"decision rationale, result"
941,Describe a time you led execution when the team needed clarity.,leadership,"I faced this situation during an internship when priorities shifted halfway through the work. to be honest, i documented decisions and followed through on the details so the momentum did not fade after meetings I listened to different viewpoints, summarized the tradeoffs, and helped the group agree on a practical action. We hit the target with less last-minute churn than expected The tricky part was that the situation changed while we were already executing. The issue was resolved without a major delay, and I learned the value of clearer ownership up front.",average,6,5,5,reflection
942,Describe a time your ownership improved the final result.,ownership,"I dealt with this in an internship where my work directly affected delivery for the broader team. It reinforced that ownership is really about the outcome, not just the assigned task list I clarified the success criteria, mapped the blockers, assigned clear owners, and set checkpoints to keep things moving. I first clarified the success criteria and the actual risk to the timeline The team hit the revised milestone, reduced confusion, and my manager called out the clarity of the execution.",strong,9,8,8,
943,Tell me about a time you faced a challenge that took persistence.,challenge,"This came up during an internship task, and I was kind of figuring things out as I went. to be honest, to be honest, During a team build, the integration problem was harder than what the initial plan assumed I mostly tried to help and talk through it, but I was not very structured. I tried to help and talk to people, but I was not very structured about it Things improved a little, but the result was not very strong and I learned I needed better structure.",weak,2,4,2,"clear structure, reflection"
944,Tell me about a time you treated the result as your responsibility.,ownership,"This happened during a project where expectations changed and the team had to adjust quickly. I also kept the team updated so we could move forward without too much confusion I listened to different viewpoints, summarized the tradeoffs, and helped the group agree on a practical action. In a student project, the final delivery risk was spread out enough that nobody was truly tracking it Looking back, I would set expectations much sooner next time. The project recovered, and people appreciated having a more structured way to communicate progress.",average,7,6,6,reflection
945,Describe a time two people on your team were not aligned and you helped.,conflict,"This situation came up during a cross-functional effort where I had to balance speed, clarity, and execution. honestly, in a college capstone project, design and engineering kept blaming each other for delays I created clarity around the problem, documented the decision path, and followed through until the outcome stabilized. We recovered the timeline, improved alignment across the team, and reused the same approach in later work.",strong,9,8,10,deeper reflection
946,Describe a time requirements were unclear and you still made progress.,ambiguity,"This was during a team project and honestly things were already a bit messy. I proposed a narrow first step so we could learn quickly instead of waiting for perfect clarity The team avoided paralysis, validated the right path early, and saved time later I mostly tried to help and talk through it, but I was not very structured. basically, In a product team, stakeholders agreed on the problem but not on the exact solution path One thing I learned from that was that I needed to communicate earlier. The situation settled down later, but it made me realize I needed to be more specific and organized.",weak,2,3,2,"decision rationale, result"
947,Describe a disagreement you handled inside a project team.,conflict,"I faced this situation during an internship when priorities shifted halfway through the work. kind of, in a college capstone project, design and engineering kept blaming each other for delays I listened to different viewpoints, summarized the tradeoffs, and helped the group agree on a practical action. I also kept the team updated so we could move forward without too much confusion The project recovered, and people appreciated having a more structured way to communicate progress.",average,6,6,6,reflection
948,Describe a mistake you would handle differently now.,failure,"This happened during a high-visibility project where the timeline and coordination really mattered. I documented the decision path, followed up on ownership, and kept stakeholders aligned I clarified the success criteria, mapped the blockers, assigned clear owners, and set checkpoints to keep things moving. I documented what I got wrong, asked for feedback, and changed how I planned similar work later The team hit the revised milestone, reduced confusion, and my manager called out the clarity of the execution.",strong,7,10,8,
949,Describe a time you improved something proactively.,initiative,"I remember this happening in college, and I did not really have a clear plan at first. kind of, i kept the solution practical because I wanted it to be used, not just admired The fix was simple but high leverage, which taught me that initiative works best when it is practical I mostly tried to help and talk through it, but I was not very structured. Things improved a little, but the result was not very strong and I learned I needed better structure.",weak,4,2,3,"clear structure, reflection"
950,Tell me about a time you had to move without a full answer.,ambiguity,"This example comes from a team assignment where we had a deadline and a few unresolved blockers. I also kept the team updated so we could move forward without too much confusion I broke the problem into smaller actions, aligned with the team, and followed up on the next steps. I checked in often with stakeholders so the direction became sharper as evidence improved What made it harder was that not everyone was aligned at the beginning. The issue was resolved without a major delay, and I learned the value of clearer ownership up front.",average,7,4,5,reflection
951,Describe a disagreement you handled inside a project team.,conflict,"This happened during a high-visibility project where the timeline and coordination really mattered. The merge moved forward the next day and the relationship between the teammates improved noticeably I clarified the success criteria, mapped the blockers, assigned clear owners, and set checkpoints to keep things moving. I documented the decision path, followed up on ownership, and kept stakeholders aligned We recovered the timeline, improved alignment across the team, and reused the same approach in later work.",strong,7,10,10,deeper reflection
952,Tell me about a time you performed under pressure.,pressure,"This was during a team project and honestly things were already a bit messy. I reduced the noise by identifying what truly had to happen first and what could wait We got through the deadline without unnecessary panic and delivered the most important work successfully I tried to respond quickly, but I did not really define the problem clearly. One thing I learned from that was that I needed to communicate earlier. The situation settled down later, but it made me realize I needed to be more specific and organized.",weak,3,3,2,"decision rationale, result"
953,Tell me about a time you resolved a conflict with a teammate.,conflict,"This happened during a project where expectations changed and the team had to adjust quickly. I also kept the team updated so we could move forward without too much confusion I listened to different viewpoints, summarized the tradeoffs, and helped the group agree on a practical action. I spoke to both sides separately first, then reframed the issue around the shared deadline and user impact What made it harder was that not everyone was aligned at the beginning. The issue was resolved without a major delay, and I learned the value of clearer ownership up front.",average,6,6,4,reflection
954,Describe a time you created alignment across multiple people.,leadership,"This happened during a high-visibility project where the timeline and coordination really mattered. During an internship, a feature had many moving parts but no clear day-to-day coordinator I clarified the success criteria, mapped the blockers, assigned clear owners, and set checkpoints to keep things moving. I documented the decision path, followed up on ownership, and kept stakeholders aligned The tricky part was that the situation changed while we were already executing. We delivered successfully with better coordination, and the process became a repeatable pattern for future projects.",strong,10,10,10,
955,Describe a time two people on your team were not aligned and you helped.,conflict,"I remember this happening in college, and I did not really have a clear plan at first. honestly, i tried to help and talk to people, but I was not very structured about it I mostly tried to help and talk through it, but I was not very structured. What made it harder was that not everyone was aligned at the beginning. The situation settled down later, but it made me realize I needed to be more specific and organized.",weak,4,3,2,"metrics, ownership"
956,Describe a mistake you would handle differently now.,failure,"I faced this situation during an internship when priorities shifted halfway through the work. In a student project, I assumed a task would be quick and did not surface risk early enough I clarified the immediate issue, spoke with the people involved, and suggested a simple plan to move forward. We got the work back on track, and the team had a clearer way to handle similar situations after that.",average,6,4,5,strong impact
957,Describe a time you had to simplify technical detail for others.,communication,"This happened during a high-visibility project where the timeline and coordination really mattered. I adjusted the level of detail for the audience and focused on the decision they actually needed to make I created clarity around the problem, documented the decision path, and followed through until the outcome stabilized. People aligned faster, the decision moved forward, and confusion dropped after the conversation The team hit the revised milestone, reduced confusion, and my manager called out the clarity of the execution.",strong,8,8,7,deeper reflection
958,Describe a time you had to learn your way through a problem.,challenge,"I remember this happening in college, and I did not really have a clear plan at first. I tried to help and talk to people, but I was not very structured about it I tried to respond quickly, but I did not really define the problem clearly. I kept the team informed when I needed to change direction so nobody planned around old assumptions The challenge improved my problem-solving habits because I became more evidence-driven The tricky part was that the situation changed while we were already executing. We finished eventually, though the outcome was only okay and it showed me I should have communicated earlier.",weak,3,4,3,"clear structure, reflection"
959,Describe a failure that taught you something important.,failure,"This happened during a project where expectations changed and the team had to adjust quickly. basically, i also kept the team updated so we could move forward without too much confusion I clarified the immediate issue, spoke with the people involved, and suggested a simple plan to move forward. During an internship, I underestimated how much validation a feature needed before rollout The tricky part was that the situation changed while we were already executing. The issue was resolved without a major delay, and I learned the value of clearer ownership up front.",average,6,6,5,strong impact
960,Tell me about a setback that changed how you work.,failure,"I dealt with this in an internship where my work directly affected delivery for the broader team. I first clarified the success criteria and the actual risk to the timeline I gathered missing context, aligned stakeholders on the tradeoffs, and drove a structured recovery plan. We delivered successfully with better coordination, and the process became a repeatable pattern for future projects.",strong,10,9,9,deeper reflection
961,Tell me about a time you failed and what you learned.,failure,"This was during a team project and honestly things were already a bit messy. if I am being real, honestly, During an internship, I underestimated how much validation a feature needed before rollout I mostly tried to help and talk through it, but I was not very structured. I tried to help and talk to people, but I was not very structured about it The situation settled down later, but it made me realize I needed to be more specific and organized.",weak,4,3,1,"metrics, ownership"
962,Tell me about a time your team depended on strong collaboration.,teamwork,"This example comes from a team assignment where we had a deadline and a few unresolved blockers. We finished with less confusion and much better visibility than at the start I clarified the immediate issue, spoke with the people involved, and suggested a simple plan to move forward. I shared progress and risks openly, which made it easier for others to adjust their work in time What made it harder was that not everyone was aligned at the beginning. We got the work back on track, and the team had a clearer way to handle similar situations after that.",average,7,5,4,deeper ownership
963,Tell me about a time your communication made a difference.,communication,"I dealt with this in an internship where my work directly affected delivery for the broader team. I adjusted the level of detail for the audience and focused on the decision they actually needed to make I created clarity around the problem, documented the decision path, and followed through until the outcome stabilized. One thing I learned from that was that I needed to communicate earlier. We delivered successfully with better coordination, and the process became a repeatable pattern for future projects.",strong,9,9,9,
964,Describe a time you underestimated something important.,failure,"I remember this happening in college, and I did not really have a clear plan at first. I tried to help and talk to people, but I was not very structured about it I tried to respond quickly, but I did not really define the problem clearly. Looking back, I would set expectations much sooner next time. The situation settled down later, but it made me realize I needed to be more specific and organized.",weak,2,4,1,"decision rationale, result"
965,Describe a time a deadline or high-stakes situation tested you.,pressure,"This example comes from a team assignment where we had a deadline and a few unresolved blockers. The pressure was real, but the team stayed coordinated because the priorities were clear I listened to different viewpoints, summarized the tradeoffs, and helped the group agree on a practical action. I also kept the team updated so we could move forward without too much confusion The project recovered, and people appreciated having a more structured way to communicate progress.",average,7,5,4,reflection
966,Tell me about a time you learned from an avoidable miss.,failure,"This situation came up during a cross-functional effort where I had to balance speed, clarity, and execution. to be honest, i first clarified the success criteria and the actual risk to the timeline I created clarity around the problem, documented the decision path, and followed through until the outcome stabilized. I made a habit of validating assumptions earlier and communicating uncertainty with more precision We recovered the timeline, improved alignment across the team, and reused the same approach in later work.",strong,8,9,9,deeper reflection
967,Describe a time two people on your team were not aligned and you helped.,conflict,"This came up during an internship task, and I was kind of figuring things out as I went. if I am being real, i tried to help and talk to people, but I was not very structured about it I did what I could in the moment, though I probably should have organized things better. to be honest, In a college capstone project, design and engineering kept blaming each other for delays The situation settled down later, but it made me realize I needed to be more specific and organized.",weak,4,2,1,"clear structure, reflection"
968,Tell me about a time you stepped in because something needed a real owner.,ownership,"I faced this situation during an internship when priorities shifted halfway through the work. basically, the problem stopped bouncing between people and the resolution happened faster I clarified the immediate issue, spoke with the people involved, and suggested a simple plan to move forward. During a release cycle, a handoff issue was hurting quality but was not clearly assigned to one person The tricky part was that the situation changed while we were already executing. The project recovered, and people appreciated having a more structured way to communicate progress.",average,5,5,6,deeper ownership
969,Describe a time uncertainty made execution difficult.,ambiguity,"This happened during a high-visibility project where the timeline and coordination really mattered. I documented the decision path, followed up on ownership, and kept stakeholders aligned I created clarity around the problem, documented the decision path, and followed through until the outcome stabilized. The team hit the revised milestone, reduced confusion, and my manager called out the clarity of the execution.",strong,9,8,10,
970,Describe a time the first solution did not work.,challenge,"This came up during an internship task, and I was kind of figuring things out as I went. basically, i tried to help and talk to people, but I was not very structured about it I mostly tried to help and talk through it, but I was not very structured. I used the failed attempt as data instead of treating it as wasted effort We delivered a stable outcome after reworking the plan, and that prevented repeat issues later We finished eventually, though the outcome was only okay and it showed me I should have communicated earlier.",weak,2,3,1,"metrics, ownership"
971,Describe a time conflict made execution harder than it should have been.,conflict,"This example comes from a team assignment where we had a deadline and a few unresolved blockers. At an internship, code review comments became defensive and slowed the merge process I listened to different viewpoints, summarized the tradeoffs, and helped the group agree on a practical action. The tricky part was that the situation changed while we were already executing. The issue was resolved without a major delay, and I learned the value of clearer ownership up front.",average,5,4,5,deeper ownership
972,Walk me through a time team tension affected delivery.,conflict,"This situation came up during a cross-functional effort where I had to balance speed, clarity, and execution. I set up a short alignment meeting, wrote down the tradeoffs, and pushed the team toward one decision we could all support I clarified the success criteria, mapped the blockers, assigned clear owners, and set checkpoints to keep things moving. One thing I learned from that was that I needed to communicate earlier. We delivered successfully with better coordination, and the process became a repeatable pattern for future projects.",strong,7,7,7,
973,Describe a time you built trust quickly within a team.,teamwork,"I remember this happening in college, and I did not really have a clear plan at first. I made communication simpler by keeping one shared tracker, one update rhythm, and one source of truth We delivered a stronger result than any one person could have done alone, and the teamwork felt much more efficient by the end I mostly tried to help and talk through it, but I was not very structured. honestly, During my internship, engineering, design, and QA all depended on each other to ship one workflow The situation settled down later, but it made me realize I needed to be more specific and organized.",weak,2,3,3,"context, result, specific actions"
974,Walk me through a time team tension affected delivery.,conflict,"This happened during a project where expectations changed and the team had to adjust quickly. We got back on schedule and I learned that naming the real issue early prevents small tension from growing I clarified the immediate issue, spoke with the people involved, and suggested a simple plan to move forward. I set up a short alignment meeting, wrote down the tradeoffs, and pushed the team toward one decision we could all support The issue was resolved without a major delay, and I learned the value of clearer ownership up front.",average,5,4,6,reflection
975,Tell me about a time you improved the way a team worked together.,teamwork,"I dealt with this in an internship where my work directly affected delivery for the broader team. basically, the collaboration improved both speed and quality, especially because people knew where to go for updates I clarified the success criteria, mapped the blockers, assigned clear owners, and set checkpoints to keep things moving. I focused on helping the team unblock quickly instead of only finishing my own part We recovered the timeline, improved alignment across the team, and reused the same approach in later work.",strong,10,7,10,
976,Describe a time your communication changed a decision.,communication,"This came up during an internship task, and I was kind of figuring things out as I went. basically, During a release discussion, several teams were using slightly different definitions of success I tried to respond quickly, but I did not really define the problem clearly. We finished eventually, though the outcome was only okay and it showed me I should have communicated earlier.",weak,2,2,2,"clear structure, reflection"
977,Describe a time leadership was needed even though you were not the official owner.,leadership,"This happened during a project where expectations changed and the team had to adjust quickly. The project recovered from drift and my manager mentioned that the coordination improved team confidence I clarified the immediate issue, spoke with the people involved, and suggested a simple plan to move forward. At an internship, the team needed someone to connect product feedback with engineering tasks The project recovered, and people appreciated having a more structured way to communicate progress.",average,6,5,6,deeper ownership
978,Describe a time conflict made execution harder than it should have been.,conflict,"I dealt with this in an internship where my work directly affected delivery for the broader team. I kept the discussion focused on facts, timelines, and the goal instead of who was right I gathered missing context, aligned stakeholders on the tradeoffs, and drove a structured recovery plan. I documented the decision path, followed up on ownership, and kept stakeholders aligned The team hit the revised milestone, reduced confusion, and my manager called out the clarity of the execution.",strong,7,10,9,
979,Describe a time requirements were unclear and you still made progress.,ambiguity,"This came up during an internship task, and I was kind of figuring things out as I went. I proposed a narrow first step so we could learn quickly instead of waiting for perfect clarity The team avoided paralysis, validated the right path early, and saved time later I tried to respond quickly, but I did not really define the problem clearly. I tried to help and talk to people, but I was not very structured about it Things improved a little, but the result was not very strong and I learned I needed better structure.",weak,3,2,3,"decision rationale, result"
980,Tell me about a time you led without formal authority.,leadership,"I faced this situation during an internship when priorities shifted halfway through the work. to be honest, the team delivered on time and people kept using the structure I introduced even after the project milestone I broke the problem into smaller actions, aligned with the team, and followed up on the next steps. During an internship, a feature had many moving parts but no clear day-to-day coordinator We got the work back on track, and the team had a clearer way to handle similar situations after that.",average,7,6,5,metrics
981,Tell me about a time you created value without formal ownership.,initiative,"This happened during a high-visibility project where the timeline and coordination really mattered. In a class project, repeated setup issues were wasting time for new teammates I clarified the success criteria, mapped the blockers, assigned clear owners, and set checkpoints to keep things moving. What made it harder was that not everyone was aligned at the beginning. The team hit the revised milestone, reduced confusion, and my manager called out the clarity of the execution.",strong,9,8,9,
982,Tell me about a time you had to repair a working relationship.,conflict,"I remember this happening in college, and I did not really have a clear plan at first. I tried to help and talk to people, but I was not very structured about it I mostly tried to help and talk through it, but I was not very structured. I kept the discussion focused on facts, timelines, and the goal instead of who was right The team regained momentum, and the lead later reused the same alignment format for future disputes Things improved a little, but the result was not very strong and I learned I needed better structure.",weak,4,3,2,"metrics, ownership"
983,Tell me about a time you had to keep a team moving during disagreement.,conflict,"This example comes from a team assignment where we had a deadline and a few unresolved blockers. I also kept the team updated so we could move forward without too much confusion I broke the problem into smaller actions, aligned with the team, and followed up on the next steps. The conflict stopped blocking progress, and our later reviews were much smoother The issue was resolved without a major delay, and I learned the value of clearer ownership up front.",average,5,6,5,metrics
984,Tell me about a time your decision created a problem.,failure,"I dealt with this in an internship where my work directly affected delivery for the broader team. I documented the decision path, followed up on ownership, and kept stakeholders aligned I created clarity around the problem, documented the decision path, and followed through until the outcome stabilized. We delivered successfully with better coordination, and the process became a repeatable pattern for future projects.",strong,7,8,7,deeper reflection
985,Describe a time a message had to be adjusted for the audience.,communication,"I remember this happening in college, and I did not really have a clear plan at first. I made the tradeoffs explicit instead of assuming everyone interpreted the situation the same way The communication helped stakeholders make a timely decision and trust the rationale behind it I tried to respond quickly, but I did not really define the problem clearly. I tried to help and talk to people, but I was not very structured about it The situation settled down later, but it made me realize I needed to be more specific and organized.",weak,4,3,3,"metrics, ownership"
986,Describe a time a deadline or high-stakes situation tested you.,pressure,"I faced this situation during an internship when priorities shifted halfway through the work. honestly, i kept updates short and frequent so nobody wasted time guessing about the status I broke the problem into smaller actions, aligned with the team, and followed up on the next steps. I also kept the team updated so we could move forward without too much confusion The project recovered, and people appreciated having a more structured way to communicate progress.",average,7,4,4,deeper ownership
987,Tell me about a time your team depended on strong collaboration.,teamwork,"This happened during a high-visibility project where the timeline and coordination really mattered. if I am being real, we finished with less confusion and much better visibility than at the start I clarified the success criteria, mapped the blockers, assigned clear owners, and set checkpoints to keep things moving. I first clarified the success criteria and the actual risk to the timeline The team hit the revised milestone, reduced confusion, and my manager called out the clarity of the execution.",strong,9,7,7,
988,Tell me about a time your communication made a difference.,communication,"This came up during an internship task, and I was kind of figuring things out as I went. I adjusted the level of detail for the audience and focused on the decision they actually needed to make People aligned faster, the decision moved forward, and confusion dropped after the conversation I tried to respond quickly, but I did not really define the problem clearly. Things improved a little, but the result was not very strong and I learned I needed better structure.",weak,2,4,1,"clear structure, reflection"
989,Describe a time you influenced a group to move in a better direction.,leadership,"I faced this situation during an internship when priorities shifted halfway through the work. We reduced confusion, finished the work more smoothly, and I learned that leadership is often about clarity and follow-through I clarified the immediate issue, spoke with the people involved, and suggested a simple plan to move forward. Looking back, I would set expectations much sooner next time. The project recovered, and people appreciated having a more structured way to communicate progress.",average,6,4,5,metrics
990,Tell me about a time you had to rethink your approach to a challenge.,challenge,"This situation came up during a cross-functional effort where I had to balance speed, clarity, and execution. I balanced persistence with realism, which meant changing the design once the facts clearly supported it I created clarity around the problem, documented the decision path, and followed through until the outcome stabilized. The final solution held up well because we iterated instead of forcing the first design We recovered the timeline, improved alignment across the team, and reused the same approach in later work.",strong,8,7,10,
991,Describe a time uncertainty made execution difficult.,ambiguity,"This was during a team project and honestly things were already a bit messy. basically, kind of, At an internship, the team knew something needed improvement but not yet which direction would work best I tried to respond quickly, but I did not really define the problem clearly. The situation settled down later, but it made me realize I needed to be more specific and organized.",weak,2,4,1,"decision rationale, result"
992,Tell me about a time you failed and what you learned.,failure,"This happened during a project where expectations changed and the team had to adjust quickly. basically, i also kept the team updated so we could move forward without too much confusion I listened to different viewpoints, summarized the tradeoffs, and helped the group agree on a practical action. We got the work back on track, and the team had a clearer way to handle similar situations after that.",average,5,6,6,deeper ownership
993,Tell me about a time you stepped up and led an effort.,leadership,"I dealt with this in an internship where my work directly affected delivery for the broader team. kind of, the group became more aligned, and our output quality improved because ownership was visible I created clarity around the problem, documented the decision path, and followed through until the outcome stabilized. Looking back, I would set expectations much sooner next time. The team hit the revised milestone, reduced confusion, and my manager called out the clarity of the execution.",strong,10,9,8,deeper reflection
994,Describe a time uncertainty made execution difficult.,ambiguity,"I remember this happening in college, and I did not really have a clear plan at first. I documented the decisions we were making under uncertainty and what would cause us to revisit them The work moved forward without reckless guessing because assumptions were explicit and tested I tried to respond quickly, but I did not really define the problem clearly. One thing I learned from that was that I needed to communicate earlier. The situation settled down later, but it made me realize I needed to be more specific and organized.",weak,2,2,3,"clear structure, reflection"
995,Describe a time you did more than the assigned work because it mattered.,initiative,"This example comes from a team assignment where we had a deadline and a few unresolved blockers. I also kept the team updated so we could move forward without too much confusion I listened to different viewpoints, summarized the tradeoffs, and helped the group agree on a practical action. The tricky part was that the situation changed while we were already executing. The issue was resolved without a major delay, and I learned the value of clearer ownership up front.",average,5,6,5,deeper ownership
996,Tell me about a time you collaborated effectively with others.,teamwork,"I dealt with this in an internship where my work directly affected delivery for the broader team. I first clarified the success criteria and the actual risk to the timeline I created clarity around the problem, documented the decision path, and followed through until the outcome stabilized. We recovered the timeline, improved alignment across the team, and reused the same approach in later work.",strong,10,7,8,
997,Describe a time you carried responsibility beyond your immediate task.,ownership,"This was during a team project and honestly things were already a bit messy. if I am being real, i pushed past the easy handoff point and stayed engaged until the downstream impact looked healthy too The result was stronger because I stayed engaged after the first fix instead of assuming it was done I did what I could in the moment, though I probably should have organized things better. I tried to help and talk to people, but I was not very structured about it Things improved a little, but the result was not very strong and I learned I needed better structure.",weak,2,3,2,"clear structure, reflection"
998,Tell me about a time you had to deliver while things felt chaotic.,pressure,"This example comes from a team assignment where we had a deadline and a few unresolved blockers. if I am being real, i stayed calm, documented the options, and asked for help where it would change the outcome fastest I broke the problem into smaller actions, aligned with the team, and followed up on the next steps. I also kept the team updated so we could move forward without too much confusion The issue was resolved without a major delay, and I learned the value of clearer ownership up front.",average,5,6,4,deeper ownership
999,Describe a time you had to collaborate across roles or backgrounds.,teamwork,"This happened during a high-visibility project where the timeline and coordination really mattered. honestly, we avoided duplicate work, hit the milestone, and built more trust across the group I clarified the success criteria, mapped the blockers, assigned clear owners, and set checkpoints to keep things moving. On a hackathon team, we had mixed experience levels and limited time to get aligned The team hit the revised milestone, reduced confusion, and my manager called out the clarity of the execution.",strong,7,8,7,
1000,Describe a time you had to collaborate across roles or backgrounds.,teamwork,"I remember this happening in college, and I did not really have a clear plan at first. I tried to help and talk to people, but I was not very structured about it I did what I could in the moment, though I probably should have organized things better. I translated between technical and non-technical teammates when needed so decisions stayed clear We avoided duplicate work, hit the milestone, and built more trust across the group Looking back, I would set expectations much sooner next time. We finished eventually, though the outcome was only okay and it showed me I should have communicated earlier.",weak,4,3,1,"decision rationale, result"
1001,Tell me about a time the obvious solution was not enough.,challenge,"This example comes from a team assignment where we had a deadline and a few unresolved blockers. At an internship, a performance issue appeared only under realistic load I listened to different viewpoints, summarized the tradeoffs, and helped the group agree on a practical action. I also kept the team updated so we could move forward without too much confusion The project recovered, and people appreciated having a more structured way to communicate progress.",average,7,4,6,strong impact
1002,Describe a time you acted without being asked.,initiative,"This situation came up during a cross-functional effort where I had to balance speed, clarity, and execution. In a student project, I saw that the team kept losing time because the work tracker was outdated I created clarity around the problem, documented the decision path, and followed through until the outcome stabilized. We recovered the timeline, improved alignment across the team, and reused the same approach in later work.",strong,9,7,8,
1003,Describe a time you managed risk during a very busy stretch.,pressure,"I remember this happening in college, and I did not really have a clear plan at first. I tried to help and talk to people, but I was not very structured about it I mostly tried to help and talk through it, but I was not very structured. What made it harder was that not everyone was aligned at the beginning. Things improved a little, but the result was not very strong and I learned I needed better structure.",weak,4,4,1,"context, result, specific actions"
1004,Describe a time you did more than the assigned work because it mattered.,initiative,"This example comes from a team assignment where we had a deadline and a few unresolved blockers. I started small, collected feedback, and improved the idea before asking the full team to change habits I broke the problem into smaller actions, aligned with the team, and followed up on the next steps. During a campus event build, I noticed the onboarding material for new contributors was missing The project recovered, and people appreciated having a more structured way to communicate progress.",average,6,4,5,deeper ownership
1005,Tell me about a challenge that required iteration.,challenge,"This situation came up during a cross-functional effort where I had to balance speed, clarity, and execution. I broke the problem into smaller hypotheses, tested them one by one, and tracked what I learned I gathered missing context, aligned stakeholders on the tradeoffs, and drove a structured recovery plan. The team hit the revised milestone, reduced confusion, and my manager called out the clarity of the execution.",strong,9,7,8,
1006,Tell me about a time your decision created a problem.,failure,"This came up during an internship task, and I was kind of figuring things out as I went. honestly, i tried to help and talk to people, but I was not very structured about it I mostly tried to help and talk through it, but I was not very structured. I documented what I got wrong, asked for feedback, and changed how I planned similar work later I earned trust back by being accountable and applying the lesson in the next project The situation settled down later, but it made me realize I needed to be more specific and organized.",weak,4,4,1,"context, result, specific actions"
1007,Describe a time requirements were unclear and you still made progress.,ambiguity,"This happened during a project where expectations changed and the team had to adjust quickly. honestly, the team avoided paralysis, validated the right path early, and saved time later I listened to different viewpoints, summarized the tradeoffs, and helped the group agree on a practical action. I proposed a narrow first step so we could learn quickly instead of waiting for perfect clarity Looking back, I would set expectations much sooner next time. We got the work back on track, and the team had a clearer way to handle similar situations after that.",average,6,6,6,reflection
1008,Describe a time you responded effectively to time pressure.,pressure,"This situation came up during a cross-functional effort where I had to balance speed, clarity, and execution. honestly, in a campus project, a critical dependency slipped and compressed the remaining timeline I created clarity around the problem, documented the decision path, and followed through until the outcome stabilized. I documented the decision path, followed up on ownership, and kept stakeholders aligned The team hit the revised milestone, reduced confusion, and my manager called out the clarity of the execution.",strong,10,10,7,
1009,Describe a disagreement you handled inside a project team.,conflict,"This was during a team project and honestly things were already a bit messy. honestly, In a college capstone project, design and engineering kept blaming each other for delays I did what I could in the moment, though I probably should have organized things better. I tried to help and talk to people, but I was not very structured about it Things improved a little, but the result was not very strong and I learned I needed better structure.",weak,2,2,2,"decision rationale, result"
1010,Describe a time two people on your team were not aligned and you helped.,conflict,"I faced this situation during an internship when priorities shifted halfway through the work. I summarized the actual blocker, clarified decisions that were emotional versus technical, and proposed a simple ownership split I broke the problem into smaller actions, aligned with the team, and followed up on the next steps. In a college capstone project, design and engineering kept blaming each other for delays We got the work back on track, and the team had a clearer way to handle similar situations after that.",average,7,5,4,metrics
1011,Tell me about a time you worked through ambiguity.,ambiguity,"I dealt with this in an internship where my work directly affected delivery for the broader team. if I am being real, i documented the decision path, followed up on ownership, and kept stakeholders aligned I clarified the success criteria, mapped the blockers, assigned clear owners, and set checkpoints to keep things moving. We made steady progress instead of stalling, and the project direction became clearer as we learned more We recovered the timeline, improved alignment across the team, and reused the same approach in later work.",strong,10,9,8,
1012,Tell me about a time you identified an issue early and acted.,initiative,"This was during a team project and honestly things were already a bit messy. kind of, i kept the solution practical because I wanted it to be used, not just admired The fix was simple but high leverage, which taught me that initiative works best when it is practical I did what I could in the moment, though I probably should have organized things better. I tried to help and talk to people, but I was not very structured about it The situation settled down later, but it made me realize I needed to be more specific and organized.",weak,2,4,3,"decision rationale, result"
1013,Tell me about a time you made sure nothing fell through the cracks.,ownership,"This example comes from a team assignment where we had a deadline and a few unresolved blockers. I pushed past the easy handoff point and stayed engaged until the downstream impact looked healthy too I clarified the immediate issue, spoke with the people involved, and suggested a simple plan to move forward. The result was stronger because I stayed engaged after the first fix instead of assuming it was done We got the work back on track, and the team had a clearer way to handle similar situations after that.",average,6,6,4,metrics
1014,Tell me about a time you set direction for a group project.,leadership,"I dealt with this in an internship where my work directly affected delivery for the broader team. to be honest, i documented the decision path, followed up on ownership, and kept stakeholders aligned I gathered missing context, aligned stakeholders on the tradeoffs, and drove a structured recovery plan. I kept communication direct and calm so people trusted the process instead of feeling managed We recovered the timeline, improved alignment across the team, and reused the same approach in later work.",strong,9,9,8,
1015,Describe a time changing information made planning harder.,ambiguity,"This was during a team project and honestly things were already a bit messy. kind of, to be honest, During a class project, the goal was broad and success criteria were still forming I tried to respond quickly, but I did not really define the problem clearly. I tried to help and talk to people, but I was not very structured about it Things improved a little, but the result was not very strong and I learned I needed better structure.",weak,3,3,2,"context, result, specific actions"
1016,Describe a time you improved something proactively.,initiative,"This happened during a project where expectations changed and the team had to adjust quickly. I also kept the team updated so we could move forward without too much confusion I listened to different viewpoints, summarized the tradeoffs, and helped the group agree on a practical action. I kept the solution practical because I wanted it to be used, not just admired We got the work back on track, and the team had a clearer way to handle similar situations after that.",average,6,5,6,strong impact
1017,Tell me about a time you started something useful on your own.,initiative,"I dealt with this in an internship where my work directly affected delivery for the broader team. kind of, i documented the decision path, followed up on ownership, and kept stakeholders aligned I clarified the success criteria, mapped the blockers, assigned clear owners, and set checkpoints to keep things moving. People adopted the improvement quickly and it reduced repeated confusion across the group The team hit the revised milestone, reduced confusion, and my manager called out the clarity of the execution.",strong,7,8,7,deeper reflection
1018,Describe a time you stayed with a problem until it was fully resolved.,ownership,"This was during a team project and honestly things were already a bit messy. basically, i treated the end result as my responsibility, even when I needed help from several people to get there The issue was resolved more completely because someone was finally watching it end to end I did what I could in the moment, though I probably should have organized things better. honestly, During an internship, a workflow had several owners on paper but no one was watching the full outcome The situation settled down later, but it made me realize I needed to be more specific and organized.",weak,3,3,3,"clear structure, reflection"
1019,Describe a project where teamwork was critical to success.,teamwork,"I faced this situation during an internship when priorities shifted halfway through the work. In a group project, different people owned research, coding, and presentation tasks under a tight timeline I listened to different viewpoints, summarized the tradeoffs, and helped the group agree on a practical action. I also kept the team updated so we could move forward without too much confusion One thing I learned from that was that I needed to communicate earlier. The issue was resolved without a major delay, and I learned the value of clearer ownership up front.",average,5,6,5,metrics
1020,Describe a time you managed risk during a very busy stretch.,pressure,"This happened during a high-visibility project where the timeline and coordination really mattered. basically, at a student event, last-minute changes forced the team to reorganize work quickly I gathered missing context, aligned stakeholders on the tradeoffs, and drove a structured recovery plan. We recovered the timeline, improved alignment across the team, and reused the same approach in later work.",strong,8,7,9,
1021,Tell me about a time you created structure in an ambiguous situation.,ambiguity,"I remember this happening in college, and I did not really have a clear plan at first. I focused on reducing risk while still moving forward, not on pretending the uncertainty did not exist It taught me that ambiguity is manageable when you turn it into smaller decisions and feedback loops I tried to respond quickly, but I did not really define the problem clearly. kind of, In a student build, feedback kept changing while implementation had already started We finished eventually, though the outcome was only okay and it showed me I should have communicated earlier.",weak,3,3,1,"metrics, ownership"
1022,Describe a time you had to explain something complex clearly.,communication,"This example comes from a team assignment where we had a deadline and a few unresolved blockers. if I am being real, the message landed well because the audience understood both the risk and the recommended path I listened to different viewpoints, summarized the tradeoffs, and helped the group agree on a practical action. In a student team, people had different understandings of what the project milestone meant The issue was resolved without a major delay, and I learned the value of clearer ownership up front.",average,5,5,5,deeper ownership
1023,Tell me about a time you took initiative.,initiative,"I dealt with this in an internship where my work directly affected delivery for the broader team. honestly, i put together a lightweight fix, tested it quickly, and then shared it in a way that made adoption easy I clarified the success criteria, mapped the blockers, assigned clear owners, and set checkpoints to keep things moving. We recovered the timeline, improved alignment across the team, and reused the same approach in later work.",strong,9,8,8,
1024,Walk me through a time team tension affected delivery.,conflict,"I remember this happening in college, and I did not really have a clear plan at first. honestly, i tried to help and talk to people, but I was not very structured about it I mostly tried to help and talk through it, but I was not very structured. Things improved a little, but the result was not very strong and I learned I needed better structure.",weak,3,2,3,"clear structure, reflection"
1025,Tell me about a time you had to move without a full answer.,ambiguity,"I faced this situation during an internship when priorities shifted halfway through the work. The ambiguity did not disappear immediately, but we created enough structure to execute confidently I broke the problem into smaller actions, aligned with the team, and followed up on the next steps. I also kept the team updated so we could move forward without too much confusion The issue was resolved without a major delay, and I learned the value of clearer ownership up front.",average,5,4,5,metrics
1026,Tell me about a time you performed under pressure.,pressure,"This happened during a high-visibility project where the timeline and coordination really mattered. to be honest, i first clarified the success criteria and the actual risk to the timeline I clarified the success criteria, mapped the blockers, assigned clear owners, and set checkpoints to keep things moving. We got through the deadline without unnecessary panic and delivered the most important work successfully Looking back, I would set expectations much sooner next time. We recovered the timeline, improved alignment across the team, and reused the same approach in later work.",strong,9,10,10,
1027,Describe a time you influenced a group to move in a better direction.,leadership,"I remember this happening in college, and I did not really have a clear plan at first. I tried to help and talk to people, but I was not very structured about it I mostly tried to help and talk through it, but I was not very structured. basically, In a student project, the team had strong ideas but no one was keeping decisions organized Things improved a little, but the result was not very strong and I learned I needed better structure.",weak,2,4,2,"clear structure, reflection"
1028,Tell me about a time you noticed a gap and stepped in.,initiative,"This example comes from a team assignment where we had a deadline and a few unresolved blockers. I started small, collected feedback, and improved the idea before asking the full team to change habits I clarified the immediate issue, spoke with the people involved, and suggested a simple plan to move forward. During a campus event build, I noticed the onboarding material for new contributors was missing Looking back, I would set expectations much sooner next time. The project recovered, and people appreciated having a more structured way to communicate progress.",average,7,6,5,deeper ownership
1029,Describe a time a project lacked clear direction at first.,ambiguity,"This happened during a high-visibility project where the timeline and coordination really mattered. basically, during an internship, a project started before the requirements were fully settled I created clarity around the problem, documented the decision path, and followed through until the outcome stabilized. We made steady progress instead of stalling, and the project direction became clearer as we learned more We recovered the timeline, improved alignment across the team, and reused the same approach in later work.",strong,7,8,10,
1030,Tell me about a time you had to move without a full answer.,ambiguity,"This was during a team project and honestly things were already a bit messy. kind of, i tried to help and talk to people, but I was not very structured about it I did what I could in the moment, though I probably should have organized things better. The tricky part was that the situation changed while we were already executing. We finished eventually, though the outcome was only okay and it showed me I should have communicated earlier.",weak,4,2,3,"metrics, ownership"
1031,Describe a time you had to simplify technical detail for others.,communication,"This example comes from a team assignment where we had a deadline and a few unresolved blockers. kind of, during an internship, I had to explain a technical tradeoff to non-technical stakeholders I clarified the immediate issue, spoke with the people involved, and suggested a simple plan to move forward. The issue was resolved without a major delay, and I learned the value of clearer ownership up front.",average,7,6,5,strong impact
1032,Describe a time your ownership improved the final result.,ownership,"This happened during a high-visibility project where the timeline and coordination really mattered. It reinforced that ownership is really about the outcome, not just the assigned task list I clarified the success criteria, mapped the blockers, assigned clear owners, and set checkpoints to keep things moving. Looking back, I would set expectations much sooner next time. We recovered the timeline, improved alignment across the team, and reused the same approach in later work.",strong,10,8,7,deeper reflection
1033,Tell me about a time you had to repair a working relationship.,conflict,"This was during a team project and honestly things were already a bit messy. honestly, At an internship, code review comments became defensive and slowed the merge process I mostly tried to help and talk through it, but I was not very structured. I kept the discussion focused on facts, timelines, and the goal instead of who was right The team regained momentum, and the lead later reused the same alignment format for future disputes Looking back, I would set expectations much sooner next time. The situation settled down later, but it made me realize I needed to be more specific and organized.",weak,3,4,3,"decision rationale, result"
1034,Describe a time you solved something more complex than expected.,challenge,"This example comes from a team assignment where we had a deadline and a few unresolved blockers. We solved the challenge with a stronger approach, and the later solution was much more reliable than the first idea I broke the problem into smaller actions, aligned with the team, and followed up on the next steps. During my internship, a workflow looked simple at first but had several hidden edge cases What made it harder was that not everyone was aligned at the beginning. The project recovered, and people appreciated having a more structured way to communicate progress.",average,6,4,5,reflection
1035,Describe a time you had to learn your way through a problem.,challenge,"This happened during a high-visibility project where the timeline and coordination really mattered. I documented the decision path, followed up on ownership, and kept stakeholders aligned I created clarity around the problem, documented the decision path, and followed through until the outcome stabilized. I kept the team informed when I needed to change direction so nobody planned around old assumptions The tricky part was that the situation changed while we were already executing. The team hit the revised milestone, reduced confusion, and my manager called out the clarity of the execution.",strong,10,10,7,
1036,Describe a time you improved outcomes by communicating better.,communication,"This was during a team project and honestly things were already a bit messy. to be honest, In a project review, I needed to present a complex issue in a way leadership could act on quickly I tried to respond quickly, but I did not really define the problem clearly. I thought carefully about what was important to say, what was noise, and what action the audience needed next It showed me that good communication is often about clarity and framing, not just detail What made it harder was that not everyone was aligned at the beginning. We finished eventually, though the outcome was only okay and it showed me I should have communicated earlier.",weak,4,4,2,"clear structure, reflection"
1037,Tell me about a time you took ownership of something important.,ownership,"This example comes from a team assignment where we had a deadline and a few unresolved blockers. kind of, i treated the end result as my responsibility, even when I needed help from several people to get there I clarified the immediate issue, spoke with the people involved, and suggested a simple plan to move forward. I also kept the team updated so we could move forward without too much confusion What made it harder was that not everyone was aligned at the beginning. The issue was resolved without a major delay, and I learned the value of clearer ownership up front.",average,7,5,6,deeper ownership
1038,Tell me about a time you set direction for a group project.,leadership,"This happened during a high-visibility project where the timeline and coordination really mattered. The project recovered from drift and my manager mentioned that the coordination improved team confidence I clarified the success criteria, mapped the blockers, assigned clear owners, and set checkpoints to keep things moving. I first clarified the success criteria and the actual risk to the timeline We delivered successfully with better coordination, and the process became a repeatable pattern for future projects.",strong,7,10,10,
1039,Tell me about a time you faced a challenge that took persistence.,challenge,"This was during a team project and honestly things were already a bit messy. I tried to help and talk to people, but I was not very structured about it I mostly tried to help and talk through it, but I was not very structured. Things improved a little, but the result was not very strong and I learned I needed better structure.",weak,2,3,1,"clear structure, reflection"
1040,Tell me about a time you treated the result as your responsibility.,ownership,"I faced this situation during an internship when priorities shifted halfway through the work. In a student project, the final delivery risk was spread out enough that nobody was truly tracking it I clarified the immediate issue, spoke with the people involved, and suggested a simple plan to move forward. One thing I learned from that was that I needed to communicate earlier. The project recovered, and people appreciated having a more structured way to communicate progress.",average,6,5,5,deeper ownership
1041,Tell me about a time you organized others around a goal.,leadership,"I dealt with this in an internship where my work directly affected delivery for the broader team. if I am being real, we hit the target with less last-minute churn than expected I created clarity around the problem, documented the decision path, and followed through until the outcome stabilized. We recovered the timeline, improved alignment across the team, and reused the same approach in later work.",strong,9,7,8,
1042,Describe a time you influenced a group to move in a better direction.,leadership,"This came up during an internship task, and I was kind of figuring things out as I went. basically, i volunteered to run short syncs, summarize blockers, and keep the team focused on the highest-risk work first We reduced confusion, finished the work more smoothly, and I learned that leadership is often about clarity and follow-through I did what I could in the moment, though I probably should have organized things better. I tried to help and talk to people, but I was not very structured about it We finished eventually, though the outcome was only okay and it showed me I should have communicated earlier.",weak,2,3,3,"clear structure, reflection"
1043,Tell me about a time your team depended on strong collaboration.,teamwork,"I faced this situation during an internship when priorities shifted halfway through the work. I shared progress and risks openly, which made it easier for others to adjust their work in time I broke the problem into smaller actions, aligned with the team, and followed up on the next steps. At an internship, one deliverable required tight handoffs between backend, frontend, and product The issue was resolved without a major delay, and I learned the value of clearer ownership up front.",average,5,6,6,strong impact
1044,Describe a time you responded effectively to time pressure.,pressure,"This happened during a high-visibility project where the timeline and coordination really mattered. We avoided a bigger failure by staying disciplined under pressure I clarified the success criteria, mapped the blockers, assigned clear owners, and set checkpoints to keep things moving. In a campus project, a critical dependency slipped and compressed the remaining timeline We recovered the timeline, improved alignment across the team, and reused the same approach in later work.",strong,8,9,8,deeper reflection
1045,Describe a setback that improved your judgment later.,failure,"I remember this happening in college, and I did not really have a clear plan at first. basically, i tried to help and talk to people, but I was not very structured about it I tried to respond quickly, but I did not really define the problem clearly. Things improved a little, but the result was not very strong and I learned I needed better structure.",weak,2,3,2,"context, result, specific actions"
1046,Describe a time you owned a problem end to end.,ownership,"This happened during a project where expectations changed and the team had to adjust quickly. basically, i also kept the team updated so we could move forward without too much confusion I clarified the immediate issue, spoke with the people involved, and suggested a simple plan to move forward. The issue was resolved without a major delay, and I learned the value of clearer ownership up front.",average,6,4,6,deeper ownership
1047,Tell me about a time you stepped up and led an effort.,leadership,"This situation came up during a cross-functional effort where I had to balance speed, clarity, and execution. During a campus tech event, several volunteers were working hard but priorities were scattered I gathered missing context, aligned stakeholders on the tradeoffs, and drove a structured recovery plan. The group became more aligned, and our output quality improved because ownership was visible The team hit the revised milestone, reduced confusion, and my manager called out the clarity of the execution.",strong,9,9,9,deeper reflection
1048,Tell me about a time you led without formal authority.,leadership,"I remember this happening in college, and I did not really have a clear plan at first. if I am being real, i created a visible plan with milestones, owners, and check-in points so everyone could see where we stood The team delivered on time and people kept using the structure I introduced even after the project milestone I did what I could in the moment, though I probably should have organized things better. The situation settled down later, but it made me realize I needed to be more specific and organized.",weak,3,4,3,"clear structure, reflection"
1049,Describe a time you responded effectively to time pressure.,pressure,"This example comes from a team assignment where we had a deadline and a few unresolved blockers. honestly, in a campus project, a critical dependency slipped and compressed the remaining timeline I clarified the immediate issue, spoke with the people involved, and suggested a simple plan to move forward. The issue was resolved without a major delay, and I learned the value of clearer ownership up front.",average,6,5,5,strong impact
1050,Tell me about a time poor communication could have caused a problem.,communication,"I dealt with this in an internship where my work directly affected delivery for the broader team. I thought carefully about what was important to say, what was noise, and what action the audience needed next I created clarity around the problem, documented the decision path, and followed through until the outcome stabilized. I first clarified the success criteria and the actual risk to the timeline The tricky part was that the situation changed while we were already executing. The team hit the revised milestone, reduced confusion, and my manager called out the clarity of the execution.",strong,9,8,9,
1051,Describe a time leadership was needed even though you were not the official owner.,leadership,"This was during a team project and honestly things were already a bit messy. if I am being real, honestly, At an internship, the team needed someone to connect product feedback with engineering tasks I tried to respond quickly, but I did not really define the problem clearly. I kept communication direct and calm so people trusted the process instead of feeling managed The project recovered from drift and my manager mentioned that the coordination improved team confidence The situation settled down later, but it made me realize I needed to be more specific and organized.",weak,3,4,1,"metrics, ownership"
1052,Tell me about a challenge that required iteration.,challenge,"I faced this situation during an internship when priorities shifted halfway through the work. I broke the problem into smaller hypotheses, tested them one by one, and tracked what I learned I listened to different viewpoints, summarized the tradeoffs, and helped the group agree on a practical action. Looking back, I would set expectations much sooner next time. The project recovered, and people appreciated having a more structured way to communicate progress.",average,5,6,6,strong impact
1053,Tell me about a time you organized others around a goal.,leadership,"This happened during a high-visibility project where the timeline and coordination really mattered. to be honest, i first clarified the success criteria and the actual risk to the timeline I created clarity around the problem, documented the decision path, and followed through until the outcome stabilized. I documented the decision path, followed up on ownership, and kept stakeholders aligned The tricky part was that the situation changed while we were already executing. The team hit the revised milestone, reduced confusion, and my manager called out the clarity of the execution.",strong,7,7,8,deeper reflection
1054,Describe a time a hard problem pushed you out of your comfort zone.,challenge,"I remember this happening in college, and I did not really have a clear plan at first. to be honest, kind of, In a class project, our first design failed once we tested it with real users I mostly tried to help and talk through it, but I was not very structured. I broke the problem into smaller hypotheses, tested them one by one, and tracked what I learned The problem took longer than expected, but the final result was better because we validated the real root cause Things improved a little, but the result was not very strong and I learned I needed better structure.",weak,2,2,3,"metrics, ownership"
1055,Describe a time you solved something more complex than expected.,challenge,"I faced this situation during an internship when priorities shifted halfway through the work. During my internship, a workflow looked simple at first but had several hidden edge cases I listened to different viewpoints, summarized the tradeoffs, and helped the group agree on a practical action. I also kept the team updated so we could move forward without too much confusion The issue was resolved without a major delay, and I learned the value of clearer ownership up front.",average,7,6,6,deeper ownership
1056,Describe a time you made progress with incomplete information.,ambiguity,"This happened during a high-visibility project where the timeline and coordination really mattered. I focused on reducing risk while still moving forward, not on pretending the uncertainty did not exist I clarified the success criteria, mapped the blockers, assigned clear owners, and set checkpoints to keep things moving. It taught me that ambiguity is manageable when you turn it into smaller decisions and feedback loops Looking back, I would set expectations much sooner next time. We recovered the timeline, improved alignment across the team, and reused the same approach in later work.",strong,7,10,10,deeper reflection
1057,Describe a time you earned followership instead of using title or role.,leadership,"I remember this happening in college, and I did not really have a clear plan at first. I made sure quieter teammates were heard, then turned the conversation into concrete next actions The group became more aligned, and our output quality improved because ownership was visible I tried to respond quickly, but I did not really define the problem clearly. to be honest, During a campus tech event, several volunteers were working hard but priorities were scattered The situation settled down later, but it made me realize I needed to be more specific and organized.",weak,3,4,2,"decision rationale, result"
1058,Describe a time you solved something more complex than expected.,challenge,"This example comes from a team assignment where we had a deadline and a few unresolved blockers. During my internship, a workflow looked simple at first but had several hidden edge cases I clarified the immediate issue, spoke with the people involved, and suggested a simple plan to move forward. I also kept the team updated so we could move forward without too much confusion The issue was resolved without a major delay, and I learned the value of clearer ownership up front.",average,5,4,6,deeper ownership
1059,Describe a time conflict made execution harder than it should have been.,conflict,"This situation came up during a cross-functional effort where I had to balance speed, clarity, and execution. if I am being real, at an internship, code review comments became defensive and slowed the merge process I gathered missing context, aligned stakeholders on the tradeoffs, and drove a structured recovery plan. I documented the decision path, followed up on ownership, and kept stakeholders aligned We recovered the timeline, improved alignment across the team, and reused the same approach in later work.",strong,10,10,10,
1060,Tell me about a time you had to repair a working relationship.,conflict,"This came up during an internship task, and I was kind of figuring things out as I went. I tried to help and talk to people, but I was not very structured about it I mostly tried to help and talk through it, but I was not very structured. The situation settled down later, but it made me realize I needed to be more specific and organized.",weak,4,2,1,"metrics, ownership"
1061,Describe a time leadership was needed even though you were not the official owner.,leadership,"This happened during a project where expectations changed and the team had to adjust quickly. to be honest, i kept communication direct and calm so people trusted the process instead of feeling managed I broke the problem into smaller actions, aligned with the team, and followed up on the next steps. We got the work back on track, and the team had a clearer way to handle similar situations after that.",average,5,6,5,strong impact
1062,Describe a time you acted without being asked.,initiative,"I dealt with this in an internship where my work directly affected delivery for the broader team. I did not wait for permission to do the discovery work, but I made sure to keep the actual owners informed I clarified the success criteria, mapped the blockers, assigned clear owners, and set checkpoints to keep things moving. I documented the decision path, followed up on ownership, and kept stakeholders aligned What made it harder was that not everyone was aligned at the beginning. We recovered the timeline, improved alignment across the team, and reused the same approach in later work.",strong,7,10,10,
1063,Tell me about a time you had to repair a working relationship.,conflict,"This was during a team project and honestly things were already a bit messy. I tried to help and talk to people, but I was not very structured about it I did what I could in the moment, though I probably should have organized things better. I kept the discussion focused on facts, timelines, and the goal instead of who was right The team regained momentum, and the lead later reused the same alignment format for future disputes We finished eventually, though the outcome was only okay and it showed me I should have communicated earlier.",weak,4,4,1,"metrics, ownership"
1064,Describe a time changing information made planning harder.,ambiguity,"This example comes from a team assignment where we had a deadline and a few unresolved blockers. I checked in often with stakeholders so the direction became sharper as evidence improved I listened to different viewpoints, summarized the tradeoffs, and helped the group agree on a practical action. We got the work back on track, and the team had a clearer way to handle similar situations after that.",average,7,6,6,deeper ownership
1065,Tell me about a time you had to stay calm in a stressful situation.,pressure,"This happened during a high-visibility project where the timeline and coordination really mattered. if I am being real, we avoided a bigger failure by staying disciplined under pressure I gathered missing context, aligned stakeholders on the tradeoffs, and drove a structured recovery plan. I documented the decision path, followed up on ownership, and kept stakeholders aligned The team hit the revised milestone, reduced confusion, and my manager called out the clarity of the execution.",strong,10,7,7,deeper reflection
1066,Describe a time you proactively improved team execution.,initiative,"This came up during an internship task, and I was kind of figuring things out as I went. I focused on removing friction that affected multiple people instead of just optimizing my own workflow It improved the workflow enough that later teammates continued using it I tried to respond quickly, but I did not really define the problem clearly. We finished eventually, though the outcome was only okay and it showed me I should have communicated earlier.",weak,4,3,1,"context, result, specific actions"
1067,Describe a challenge that made you change course.,challenge,"I faced this situation during an internship when priorities shifted halfway through the work. I also kept the team updated so we could move forward without too much confusion I clarified the immediate issue, spoke with the people involved, and suggested a simple plan to move forward. In a student product project, a dependency behaved differently from the documentation We got the work back on track, and the team had a clearer way to handle similar situations after that.",average,7,4,6,strong impact
1068,Tell me about a time your communication made a difference.,communication,"This happened during a high-visibility project where the timeline and coordination really mattered. I first clarified the success criteria and the actual risk to the timeline I created clarity around the problem, documented the decision path, and followed through until the outcome stabilized. We delivered successfully with better coordination, and the process became a repeatable pattern for future projects.",strong,9,7,8,deeper reflection
1069,Tell me about a time you took initiative to lead a delivery effort.,leadership,"This came up during an internship task, and I was kind of figuring things out as I went. basically, i tried to help and talk to people, but I was not very structured about it I did what I could in the moment, though I probably should have organized things better. I volunteered to run short syncs, summarize blockers, and keep the team focused on the highest-risk work first We reduced confusion, finished the work more smoothly, and I learned that leadership is often about clarity and follow-through Things improved a little, but the result was not very strong and I learned I needed better structure.",weak,3,4,1,"context, result, specific actions"
1070,Tell me about a time you had to balance different opinions on a team.,conflict,"This happened during a project where expectations changed and the team had to adjust quickly. I set up a short alignment meeting, wrote down the tradeoffs, and pushed the team toward one decision we could all support I broke the problem into smaller actions, aligned with the team, and followed up on the next steps. The issue was resolved without a major delay, and I learned the value of clearer ownership up front.",average,5,4,6,strong impact
1071,Tell me about a time you organized others around a goal.,leadership,"This happened during a high-visibility project where the timeline and coordination really mattered. if I am being real, on a capstone team, we were close to deadline and needed clearer execution ownership I clarified the success criteria, mapped the blockers, assigned clear owners, and set checkpoints to keep things moving. We hit the target with less last-minute churn than expected We delivered successfully with better coordination, and the process became a repeatable pattern for future projects.",strong,10,7,9,
1072,Tell me about a time you had to step into a difficult team disagreement.,conflict,"This was during a team project and honestly things were already a bit messy. I tried to help and talk to people, but I was not very structured about it I did what I could in the moment, though I probably should have organized things better. I spoke to both sides separately first, then reframed the issue around the shared deadline and user impact We shipped without slipping the release and the team had a better way to escalate disagreements after that What made it harder was that not everyone was aligned at the beginning. We finished eventually, though the outcome was only okay and it showed me I should have communicated earlier.",weak,2,4,1,"metrics, ownership"
1073,Describe a time your communication changed a decision.,communication,"I faced this situation during an internship when priorities shifted halfway through the work. I summarized key points in writing afterward so the alignment did not disappear after the meeting I clarified the immediate issue, spoke with the people involved, and suggested a simple plan to move forward. We avoided wasted work because expectations became clear before implementation continued The issue was resolved without a major delay, and I learned the value of clearer ownership up front.",average,6,5,6,strong impact
1074,Tell me about a time pressure revealed your decision-making style.,pressure,"I dealt with this in an internship where my work directly affected delivery for the broader team. I documented the decision path, followed up on ownership, and kept stakeholders aligned I created clarity around the problem, documented the decision path, and followed through until the outcome stabilized. We recovered the timeline, improved alignment across the team, and reused the same approach in later work.",strong,9,9,9,
1075,Describe a time you earned followership instead of using title or role.,leadership,"I remember this happening in college, and I did not really have a clear plan at first. I tried to help and talk to people, but I was not very structured about it I mostly tried to help and talk through it, but I was not very structured. to be honest, During a campus tech event, several volunteers were working hard but priorities were scattered Looking back, I would set expectations much sooner next time. The situation settled down later, but it made me realize I needed to be more specific and organized.",weak,4,2,2,"decision rationale, result"
1076,Tell me about a time you organized others around a goal.,leadership,"This happened during a project where expectations changed and the team had to adjust quickly. if I am being real, on a capstone team, we were close to deadline and needed clearer execution ownership I broke the problem into smaller actions, aligned with the team, and followed up on the next steps. We hit the target with less last-minute churn than expected The issue was resolved without a major delay, and I learned the value of clearer ownership up front.",average,5,5,4,deeper ownership
1077,Tell me about a time you had to step into a difficult team disagreement.,conflict,"This happened during a high-visibility project where the timeline and coordination really mattered. We shipped without slipping the release and the team had a better way to escalate disagreements after that I gathered missing context, aligned stakeholders on the tradeoffs, and drove a structured recovery plan. The team hit the revised milestone, reduced confusion, and my manager called out the clarity of the execution.",strong,8,8,10,deeper reflection
1078,Tell me about a time you took accountability for a messy situation.,ownership,"This came up during an internship task, and I was kind of figuring things out as I went. to be honest, In a capstone project, one important task kept slipping because responsibility was fragmented I mostly tried to help and talk through it, but I was not very structured. The situation settled down later, but it made me realize I needed to be more specific and organized.",weak,4,2,1,"clear structure, reflection"
1079,Tell me about a time the obvious solution was not enough.,challenge,"This example comes from a team assignment where we had a deadline and a few unresolved blockers. We delivered a stable outcome after reworking the plan, and that prevented repeat issues later I clarified the immediate issue, spoke with the people involved, and suggested a simple plan to move forward. I used the failed attempt as data instead of treating it as wasted effort One thing I learned from that was that I needed to communicate earlier. We got the work back on track, and the team had a clearer way to handle similar situations after that.",average,6,5,6,strong impact
1080,Tell me about a time you made sure nothing fell through the cracks.,ownership,"This situation came up during a cross-functional effort where I had to balance speed, clarity, and execution. The result was stronger because I stayed engaged after the first fix instead of assuming it was done I created clarity around the problem, documented the decision path, and followed through until the outcome stabilized. I documented the decision path, followed up on ownership, and kept stakeholders aligned One thing I learned from that was that I needed to communicate earlier. The team hit the revised milestone, reduced confusion, and my manager called out the clarity of the execution.",strong,9,9,10,
1081,Tell me about a time pressure revealed your decision-making style.,pressure,"I remember this happening in college, and I did not really have a clear plan at first. I kept updates short and frequent so nobody wasted time guessing about the status The pressure was real, but the team stayed coordinated because the priorities were clear I tried to respond quickly, but I did not really define the problem clearly. I tried to help and talk to people, but I was not very structured about it The tricky part was that the situation changed while we were already executing. We finished eventually, though the outcome was only okay and it showed me I should have communicated earlier.",weak,3,2,2,"clear structure, reflection"
1082,Describe a time conflict made execution harder than it should have been.,conflict,"This happened during a project where expectations changed and the team had to adjust quickly. At an internship, code review comments became defensive and slowed the merge process I clarified the immediate issue, spoke with the people involved, and suggested a simple plan to move forward. We got the work back on track, and the team had a clearer way to handle similar situations after that.",average,6,4,5,metrics
1083,Describe a time uncertainty made execution difficult.,ambiguity,"This situation came up during a cross-functional effort where I had to balance speed, clarity, and execution. I first clarified the success criteria and the actual risk to the timeline I gathered missing context, aligned stakeholders on the tradeoffs, and drove a structured recovery plan. I documented the decision path, followed up on ownership, and kept stakeholders aligned The team hit the revised milestone, reduced confusion, and my manager called out the clarity of the execution.",strong,7,8,10,
1084,Describe a time you owned a problem end to end.,ownership,"This came up during an internship task, and I was kind of figuring things out as I went. I kept the full picture visible, not just my individual task, and followed up until the problem was actually closed The delivery quality improved, and the team had more confidence because ownership was visible I tried to respond quickly, but I did not really define the problem clearly. honestly, In a capstone project, one important task kept slipping because responsibility was fragmented One thing I learned from that was that I needed to communicate earlier. The situation settled down later, but it made me realize I needed to be more specific and organized.",weak,2,4,1,"decision rationale, result"
1085,Tell me about a time you had to keep a team moving during disagreement.,conflict,"I faced this situation during an internship when priorities shifted halfway through the work. I also kept the team updated so we could move forward without too much confusion I listened to different viewpoints, summarized the tradeoffs, and helped the group agree on a practical action. The conflict stopped blocking progress, and our later reviews were much smoother The issue was resolved without a major delay, and I learned the value of clearer ownership up front.",average,7,5,5,metrics
1086,Tell me about a time you collaborated effectively with others.,teamwork,"This situation came up during a cross-functional effort where I had to balance speed, clarity, and execution. We delivered a stronger result than any one person could have done alone, and the teamwork felt much more efficient by the end I created clarity around the problem, documented the decision path, and followed through until the outcome stabilized. I made communication simpler by keeping one shared tracker, one update rhythm, and one source of truth The team hit the revised milestone, reduced confusion, and my manager called out the clarity of the execution.",strong,9,7,9,
1087,Tell me about a time you identified an issue early and acted.,initiative,"This came up during an internship task, and I was kind of figuring things out as I went. to be honest, i tried to help and talk to people, but I was not very structured about it I mostly tried to help and talk through it, but I was not very structured. to be honest, At an internship, I saw a recurring communication gap between the feature owner and implementers The situation settled down later, but it made me realize I needed to be more specific and organized.",weak,4,2,3,"decision rationale, result"
1088,Tell me about a time the obvious solution was not enough.,challenge,"I faced this situation during an internship when priorities shifted halfway through the work. if I am being real, we delivered a stable outcome after reworking the plan, and that prevented repeat issues later I broke the problem into smaller actions, aligned with the team, and followed up on the next steps. One thing I learned from that was that I needed to communicate earlier. We got the work back on track, and the team had a clearer way to handle similar situations after that.",average,7,4,6,deeper ownership
1089,Tell me about a time you took initiative.,initiative,"I dealt with this in an internship where my work directly affected delivery for the broader team. The team saved time, the process felt smoother, and the change stuck because it solved a real pain point I created clarity around the problem, documented the decision path, and followed through until the outcome stabilized. I first clarified the success criteria and the actual risk to the timeline We recovered the timeline, improved alignment across the team, and reused the same approach in later work.",strong,7,8,10,
1090,Tell me about a time you took initiative to lead a delivery effort.,leadership,"I remember this happening in college, and I did not really have a clear plan at first. to be honest, i tried to help and talk to people, but I was not very structured about it I mostly tried to help and talk through it, but I was not very structured. honestly, In a student project, the team had strong ideas but no one was keeping decisions organized Things improved a little, but the result was not very strong and I learned I needed better structure.",weak,4,2,2,"decision rationale, result"
1091,Tell me about a time you worked through ambiguity.,ambiguity,"I faced this situation during an internship when priorities shifted halfway through the work. I turned ambiguity into smaller questions, gathered missing signals, and kept a visible list of assumptions I listened to different viewpoints, summarized the tradeoffs, and helped the group agree on a practical action. We got the work back on track, and the team had a clearer way to handle similar situations after that.",average,5,4,5,metrics
1092,Describe a time intense deadlines changed how you worked.,pressure,"I dealt with this in an internship where my work directly affected delivery for the broader team. During an internship release week, we discovered a blocking issue shortly before a demo I clarified the success criteria, mapped the blockers, assigned clear owners, and set checkpoints to keep things moving. One thing I learned from that was that I needed to communicate earlier. We delivered successfully with better coordination, and the process became a repeatable pattern for future projects.",strong,7,8,7,
1093,Tell me about a time you had to deliver difficult information clearly.,communication,"I remember this happening in college, and I did not really have a clear plan at first. I made the tradeoffs explicit instead of assuming everyone interpreted the situation the same way The communication helped stakeholders make a timely decision and trust the rationale behind it I tried to respond quickly, but I did not really define the problem clearly. Looking back, I would set expectations much sooner next time. The situation settled down later, but it made me realize I needed to be more specific and organized.",weak,2,4,1,"metrics, ownership"
1094,Describe a time you carried responsibility beyond your immediate task.,ownership,"This example comes from a team assignment where we had a deadline and a few unresolved blockers. I pushed past the easy handoff point and stayed engaged until the downstream impact looked healthy too I broke the problem into smaller actions, aligned with the team, and followed up on the next steps. I also kept the team updated so we could move forward without too much confusion One thing I learned from that was that I needed to communicate earlier. We got the work back on track, and the team had a clearer way to handle similar situations after that.",average,5,6,6,strong impact
1095,Tell me about a time you learned from an avoidable miss.,failure,"I dealt with this in an internship where my work directly affected delivery for the broader team. At school, I took on too much work personally instead of distributing it earlier I clarified the success criteria, mapped the blockers, assigned clear owners, and set checkpoints to keep things moving. I made a habit of validating assumptions earlier and communicating uncertainty with more precision We delivered successfully with better coordination, and the process became a repeatable pattern for future projects.",strong,10,9,7,
1096,Describe a time intense deadlines changed how you worked.,pressure,"I remember this happening in college, and I did not really have a clear plan at first. to be honest, basically, During an internship release week, we discovered a blocking issue shortly before a demo I did what I could in the moment, though I probably should have organized things better. I tried to help and talk to people, but I was not very structured about it Things improved a little, but the result was not very strong and I learned I needed better structure.",weak,4,3,3,"clear structure, reflection"
1097,Describe a time your plan did not work.,failure,"This example comes from a team assignment where we had a deadline and a few unresolved blockers. I made a habit of validating assumptions earlier and communicating uncertainty with more precision I clarified the immediate issue, spoke with the people involved, and suggested a simple plan to move forward. I did not hide the mistake, and the learning from it prevented a similar issue later The project recovered, and people appreciated having a more structured way to communicate progress.",average,7,4,4,strong impact
1098,Tell me about a time you resolved a conflict with a teammate.,conflict,"This situation came up during a cross-functional effort where I had to balance speed, clarity, and execution. honestly, during my internship, two teammates disagreed on how to split a feature for a release I gathered missing context, aligned stakeholders on the tradeoffs, and drove a structured recovery plan. We recovered the timeline, improved alignment across the team, and reused the same approach in later work.",strong,10,7,9,deeper reflection
1099,Describe a time intense deadlines changed how you worked.,pressure,"I remember this happening in college, and I did not really have a clear plan at first. I reduced the noise by identifying what truly had to happen first and what could wait We got through the deadline without unnecessary panic and delivered the most important work successfully I tried to respond quickly, but I did not really define the problem clearly. We finished eventually, though the outcome was only okay and it showed me I should have communicated earlier.",weak,3,3,1,"metrics, ownership"
1100,Tell me about a time you had to rethink your approach to a challenge.,challenge,"I faced this situation during an internship when priorities shifted halfway through the work. if I am being real, the final solution held up well because we iterated instead of forcing the first design I broke the problem into smaller actions, aligned with the team, and followed up on the next steps. I balanced persistence with realism, which meant changing the design once the facts clearly supported it The project recovered, and people appreciated having a more structured way to communicate progress.",average,6,5,5,metrics
1101,Describe a time requirements were unclear and you still made progress.,ambiguity,"I dealt with this in an internship where my work directly affected delivery for the broader team. kind of, i first clarified the success criteria and the actual risk to the timeline I created clarity around the problem, documented the decision path, and followed through until the outcome stabilized. I proposed a narrow first step so we could learn quickly instead of waiting for perfect clarity The tricky part was that the situation changed while we were already executing. We delivered successfully with better coordination, and the process became a repeatable pattern for future projects.",strong,7,8,8,
1102,Describe a time you stayed with a problem until it was fully resolved.,ownership,"This came up during an internship task, and I was kind of figuring things out as I went. honestly, i treated the end result as my responsibility, even when I needed help from several people to get there The issue was resolved more completely because someone was finally watching it end to end I tried to respond quickly, but I did not really define the problem clearly. I tried to help and talk to people, but I was not very structured about it The situation settled down later, but it made me realize I needed to be more specific and organized.",weak,2,2,2,"metrics, ownership"
1103,Describe a time requirements were unclear and you still made progress.,ambiguity,"This example comes from a team assignment where we had a deadline and a few unresolved blockers. I also kept the team updated so we could move forward without too much confusion I listened to different viewpoints, summarized the tradeoffs, and helped the group agree on a practical action. In a product team, stakeholders agreed on the problem but not on the exact solution path The issue was resolved without a major delay, and I learned the value of clearer ownership up front.",average,6,5,6,reflection
1104,Tell me about a time you stepped up and led an effort.,leadership,"This happened during a high-visibility project where the timeline and coordination really mattered. basically, i made sure quieter teammates were heard, then turned the conversation into concrete next actions I created clarity around the problem, documented the decision path, and followed through until the outcome stabilized. During a campus tech event, several volunteers were working hard but priorities were scattered We delivered successfully with better coordination, and the process became a repeatable pattern for future projects.",strong,8,7,9,
1105,Describe a time your ownership improved the final result.,ownership,"I remember this happening in college, and I did not really have a clear plan at first. kind of, i accepted accountability for the outcome, which meant checking details that otherwise would have been missed It reinforced that ownership is really about the outcome, not just the assigned task list I did what I could in the moment, though I probably should have organized things better. basically, In a student project, the final delivery risk was spread out enough that nobody was truly tracking it We finished eventually, though the outcome was only okay and it showed me I should have communicated earlier.",weak,3,3,3,"clear structure, reflection"
1106,Tell me about a time you handled pressure without losing focus.,pressure,"I faced this situation during an internship when priorities shifted halfway through the work. I also kept the team updated so we could move forward without too much confusion I broke the problem into smaller actions, aligned with the team, and followed up on the next steps. Looking back, I would set expectations much sooner next time. The issue was resolved without a major delay, and I learned the value of clearer ownership up front.",average,6,5,5,strong impact
1107,Describe a time a message had to be adjusted for the audience.,communication,"I dealt with this in an internship where my work directly affected delivery for the broader team. basically, i first clarified the success criteria and the actual risk to the timeline I gathered missing context, aligned stakeholders on the tradeoffs, and drove a structured recovery plan. We delivered successfully with better coordination, and the process became a repeatable pattern for future projects.",strong,8,8,7,
1108,Tell me about a challenge that required iteration.,challenge,"This came up during an internship task, and I was kind of figuring things out as I went. kind of, i tried to help and talk to people, but I was not very structured about it I did what I could in the moment, though I probably should have organized things better. I broke the problem into smaller hypotheses, tested them one by one, and tracked what I learned The problem took longer than expected, but the final result was better because we validated the real root cause What made it harder was that not everyone was aligned at the beginning. Things improved a little, but the result was not very strong and I learned I needed better structure.",weak,2,3,3,"context, result, specific actions"
1109,Walk me through a time team tension affected delivery.,conflict,"I faced this situation during an internship when priorities shifted halfway through the work. kind of, i also kept the team updated so we could move forward without too much confusion I listened to different viewpoints, summarized the tradeoffs, and helped the group agree on a practical action. One thing I learned from that was that I needed to communicate earlier. The project recovered, and people appreciated having a more structured way to communicate progress.",average,7,4,6,metrics
1110,Tell me about a time you identified an issue early and acted.,initiative,"This happened during a high-visibility project where the timeline and coordination really mattered. I kept the solution practical because I wanted it to be used, not just admired I created clarity around the problem, documented the decision path, and followed through until the outcome stabilized. Looking back, I would set expectations much sooner next time. We recovered the timeline, improved alignment across the team, and reused the same approach in later work.",strong,10,8,9,
1111,Describe a setback that improved your judgment later.,failure,"I remember this happening in college, and I did not really have a clear plan at first. I tried to help and talk to people, but I was not very structured about it I mostly tried to help and talk through it, but I was not very structured. honestly, In an internship sprint, I gave an optimistic estimate without enough technical discovery first We finished eventually, though the outcome was only okay and it showed me I should have communicated earlier.",weak,3,3,3,"decision rationale, result"
1112,Describe a time you underestimated something important.,failure,"I faced this situation during an internship when priorities shifted halfway through the work. During a hackathon follow-up, I focused too much on implementation and not enough on user testing I listened to different viewpoints, summarized the tradeoffs, and helped the group agree on a practical action. I started breaking work into smaller checkpoints so I could spot risk earlier instead of near the deadline The issue was resolved without a major delay, and I learned the value of clearer ownership up front.",average,6,4,4,deeper ownership
1113,Describe a time you did more than the assigned work because it mattered.,initiative,"I dealt with this in an internship where my work directly affected delivery for the broader team. I started small, collected feedback, and improved the idea before asking the full team to change habits I clarified the success criteria, mapped the blockers, assigned clear owners, and set checkpoints to keep things moving. The tricky part was that the situation changed while we were already executing. We recovered the timeline, improved alignment across the team, and reused the same approach in later work.",strong,7,10,8,
1114,Describe a project where teamwork was critical to success.,teamwork,"I remember this happening in college, and I did not really have a clear plan at first. I tried to help and talk to people, but I was not very structured about it I did what I could in the moment, though I probably should have organized things better. I checked assumptions early so we did not discover mismatched expectations at the end The project landed successfully, and our handoffs became much smoother after we aligned the workflow Things improved a little, but the result was not very strong and I learned I needed better structure.",weak,2,3,3,"context, result, specific actions"
1115,Tell me about a time you made sure nothing fell through the cracks.,ownership,"This happened during a project where expectations changed and the team had to adjust quickly. if I am being real, at an internship, a recurring blocker sat between teams and was easy for everyone to partially ignore I listened to different viewpoints, summarized the tradeoffs, and helped the group agree on a practical action. I pushed past the easy handoff point and stayed engaged until the downstream impact looked healthy too What made it harder was that not everyone was aligned at the beginning. The project recovered, and people appreciated having a more structured way to communicate progress.",average,6,5,5,deeper ownership
1116,Describe a challenge that made you change course.,challenge,"This happened during a high-visibility project where the timeline and coordination really mattered. In a student product project, a dependency behaved differently from the documentation I clarified the success criteria, mapped the blockers, assigned clear owners, and set checkpoints to keep things moving. I first clarified the success criteria and the actual risk to the timeline We recovered the timeline, improved alignment across the team, and reused the same approach in later work.",strong,10,9,8,
1117,Describe a time you stayed with a problem until it was fully resolved.,ownership,"I remember this happening in college, and I did not really have a clear plan at first. I treated the end result as my responsibility, even when I needed help from several people to get there The issue was resolved more completely because someone was finally watching it end to end I tried to respond quickly, but I did not really define the problem clearly. The situation settled down later, but it made me realize I needed to be more specific and organized.",weak,2,2,1,"decision rationale, result"
1118,Describe a time a deadline or high-stakes situation tested you.,pressure,"This example comes from a team assignment where we had a deadline and a few unresolved blockers. In a project presentation cycle, several problems surfaced right before the final deadline I listened to different viewpoints, summarized the tradeoffs, and helped the group agree on a practical action. What made it harder was that not everyone was aligned at the beginning. The project recovered, and people appreciated having a more structured way to communicate progress.",average,5,5,4,reflection
1119,Tell me about a challenge that required iteration.,challenge,"This situation came up during a cross-functional effort where I had to balance speed, clarity, and execution. The problem took longer than expected, but the final result was better because we validated the real root cause I gathered missing context, aligned stakeholders on the tradeoffs, and drove a structured recovery plan. In a class project, our first design failed once we tested it with real users We recovered the timeline, improved alignment across the team, and reused the same approach in later work.",strong,9,10,10,deeper reflection
1120,Describe a time conflict made execution harder than it should have been.,conflict,"This came up during an internship task, and I was kind of figuring things out as I went. I tried to help and talk to people, but I was not very structured about it I mostly tried to help and talk through it, but I was not very structured. I kept the discussion focused on facts, timelines, and the goal instead of who was right The team regained momentum, and the lead later reused the same alignment format for future disputes Things improved a little, but the result was not very strong and I learned I needed better structure.",weak,2,3,3,"context, result, specific actions"
1121,Tell me about a time you created value without formal ownership.,initiative,"I faced this situation during an internship when priorities shifted halfway through the work. honestly, i focused on removing friction that affected multiple people instead of just optimizing my own workflow I listened to different viewpoints, summarized the tradeoffs, and helped the group agree on a practical action. The issue was resolved without a major delay, and I learned the value of clearer ownership up front.",average,7,6,4,reflection
1122,Describe a time you had to explain something complex clearly.,communication,"This situation came up during a cross-functional effort where I had to balance speed, clarity, and execution. if I am being real, i replaced jargon with plain language, used a simple example, and confirmed understanding before moving on I created clarity around the problem, documented the decision path, and followed through until the outcome stabilized. We delivered successfully with better coordination, and the process became a repeatable pattern for future projects.",strong,8,7,8,
1123,Describe a time your communication changed a decision.,communication,"This was during a team project and honestly things were already a bit messy. kind of, basically, During a release discussion, several teams were using slightly different definitions of success I mostly tried to help and talk through it, but I was not very structured. I tried to help and talk to people, but I was not very structured about it Things improved a little, but the result was not very strong and I learned I needed better structure.",weak,3,4,3,"metrics, ownership"
1124,Describe a project where teamwork was critical to success.,teamwork,"I faced this situation during an internship when priorities shifted halfway through the work. I checked assumptions early so we did not discover mismatched expectations at the end I broke the problem into smaller actions, aligned with the team, and followed up on the next steps. I also kept the team updated so we could move forward without too much confusion We got the work back on track, and the team had a clearer way to handle similar situations after that.",average,6,4,5,deeper ownership
1125,Tell me about a time you identified an issue early and acted.,initiative,"This happened during a high-visibility project where the timeline and coordination really mattered. I first clarified the success criteria and the actual risk to the timeline I gathered missing context, aligned stakeholders on the tradeoffs, and drove a structured recovery plan. We delivered successfully with better coordination, and the process became a repeatable pattern for future projects.",strong,10,10,9,deeper reflection
1126,Tell me about a time you faced a challenge that took persistence.,challenge,"This was during a team project and honestly things were already a bit messy. basically, i kept the team informed when I needed to change direction so nobody planned around old assumptions The challenge improved my problem-solving habits because I became more evidence-driven I did what I could in the moment, though I probably should have organized things better. Looking back, I would set expectations much sooner next time. Things improved a little, but the result was not very strong and I learned I needed better structure.",weak,4,3,3,"metrics, ownership"
1127,Tell me about a time you identified an issue early and acted.,initiative,"This example comes from a team assignment where we had a deadline and a few unresolved blockers. if I am being real, i also kept the team updated so we could move forward without too much confusion I broke the problem into smaller actions, aligned with the team, and followed up on the next steps. I kept the solution practical because I wanted it to be used, not just admired The issue was resolved without a major delay, and I learned the value of clearer ownership up front.",average,6,4,6,metrics
1128,Describe a time your communication changed a decision.,communication,"This situation came up during a cross-functional effort where I had to balance speed, clarity, and execution. if I am being real, i summarized key points in writing afterward so the alignment did not disappear after the meeting I clarified the success criteria, mapped the blockers, assigned clear owners, and set checkpoints to keep things moving. We delivered successfully with better coordination, and the process became a repeatable pattern for future projects.",strong,9,7,9,
1129,Tell me about a time you had to deliver while things felt chaotic.,pressure,"I remember this happening in college, and I did not really have a clear plan at first. kind of, i tried to help and talk to people, but I was not very structured about it I tried to respond quickly, but I did not really define the problem clearly. Things improved a little, but the result was not very strong and I learned I needed better structure.",weak,3,2,2,"context, result, specific actions"
1130,Describe a time urgent work forced you to prioritize carefully.,pressure,"This happened during a project where expectations changed and the team had to adjust quickly. I also kept the team updated so we could move forward without too much confusion I listened to different viewpoints, summarized the tradeoffs, and helped the group agree on a practical action. The situation stabilized quickly because we stopped multitasking and focused on the right fixes The issue was resolved without a major delay, and I learned the value of clearer ownership up front.",average,5,4,5,strong impact
1131,Describe a time you had to simplify technical detail for others.,communication,"This situation came up during a cross-functional effort where I had to balance speed, clarity, and execution. kind of, i first clarified the success criteria and the actual risk to the timeline I gathered missing context, aligned stakeholders on the tradeoffs, and drove a structured recovery plan. I adjusted the level of detail for the audience and focused on the decision they actually needed to make We delivered successfully with better coordination, and the process became a repeatable pattern for future projects.",strong,9,7,10,
1132,Tell me about a time you handled pressure without losing focus.,pressure,"This came up during an internship task, and I was kind of figuring things out as I went. I avoided trying to fix everything at once and instead focused on the highest-risk path We recovered enough to meet the key milestone, and I learned how much clarity matters when time is tight I did what I could in the moment, though I probably should have organized things better. I tried to help and talk to people, but I was not very structured about it Things improved a little, but the result was not very strong and I learned I needed better structure.",weak,2,4,3,"decision rationale, result"
1133,Describe a time you influenced a group to move in a better direction.,leadership,"This happened during a project where expectations changed and the team had to adjust quickly. I also kept the team updated so we could move forward without too much confusion I clarified the immediate issue, spoke with the people involved, and suggested a simple plan to move forward. The project recovered, and people appreciated having a more structured way to communicate progress.",average,5,4,4,strong impact
1134,Describe a setback that improved your judgment later.,failure,"I dealt with this in an internship where my work directly affected delivery for the broader team. basically, it was uncomfortable, but it permanently improved how I scope and communicate work I gathered missing context, aligned stakeholders on the tradeoffs, and drove a structured recovery plan. I first clarified the success criteria and the actual risk to the timeline What made it harder was that not everyone was aligned at the beginning. We recovered the timeline, improved alignment across the team, and reused the same approach in later work.",strong,8,8,9,deeper reflection
1135,Describe a time your plan did not work.,failure,"This came up during an internship task, and I was kind of figuring things out as I went. I made a habit of validating assumptions earlier and communicating uncertainty with more precision I did not hide the mistake, and the learning from it prevented a similar issue later I tried to respond quickly, but I did not really define the problem clearly. I tried to help and talk to people, but I was not very structured about it The situation settled down later, but it made me realize I needed to be more specific and organized.",weak,4,3,2,"metrics, ownership"
1136,Describe a conflict that could have slowed the project down.,conflict,"This example comes from a team assignment where we had a deadline and a few unresolved blockers. During a hackathon follow-up project, communication friction started affecting handoffs I broke the problem into smaller actions, aligned with the team, and followed up on the next steps. The conflict stopped blocking progress, and our later reviews were much smoother The project recovered, and people appreciated having a more structured way to communicate progress.",average,7,5,4,reflection
1137,Describe a time you influenced a group to move in a better direction.,leadership,"I dealt with this in an internship where my work directly affected delivery for the broader team. if I am being real, i first clarified the success criteria and the actual risk to the timeline I gathered missing context, aligned stakeholders on the tradeoffs, and drove a structured recovery plan. We reduced confusion, finished the work more smoothly, and I learned that leadership is often about clarity and follow-through We delivered successfully with better coordination, and the process became a repeatable pattern for future projects.",strong,8,9,8,
1138,Describe a time you acted without being asked.,initiative,"I remember this happening in college, and I did not really have a clear plan at first. I did not wait for permission to do the discovery work, but I made sure to keep the actual owners informed People adopted the improvement quickly and it reduced repeated confusion across the group I did what I could in the moment, though I probably should have organized things better. One thing I learned from that was that I needed to communicate earlier. We finished eventually, though the outcome was only okay and it showed me I should have communicated earlier.",weak,4,2,3,"metrics, ownership"
1139,Describe a time you responded effectively to time pressure.,pressure,"This example comes from a team assignment where we had a deadline and a few unresolved blockers. In a campus project, a critical dependency slipped and compressed the remaining timeline I clarified the immediate issue, spoke with the people involved, and suggested a simple plan to move forward. I made quick tradeoff decisions but explained them clearly so the team stayed aligned The issue was resolved without a major delay, and I learned the value of clearer ownership up front.",average,7,4,4,deeper ownership
1140,Tell me about a time you had to define the path yourself.,ambiguity,"This situation came up during a cross-functional effort where I had to balance speed, clarity, and execution. I documented the decision path, followed up on ownership, and kept stakeholders aligned I clarified the success criteria, mapped the blockers, assigned clear owners, and set checkpoints to keep things moving. I proposed a narrow first step so we could learn quickly instead of waiting for perfect clarity One thing I learned from that was that I needed to communicate earlier. We delivered successfully with better coordination, and the process became a repeatable pattern for future projects.",strong,10,9,7,
1141,Describe a time you had to learn your way through a problem.,challenge,"This was during a team project and honestly things were already a bit messy. kind of, i kept the team informed when I needed to change direction so nobody planned around old assumptions The challenge improved my problem-solving habits because I became more evidence-driven I did what I could in the moment, though I probably should have organized things better. I tried to help and talk to people, but I was not very structured about it The tricky part was that the situation changed while we were already executing. The situation settled down later, but it made me realize I needed to be more specific and organized.",weak,2,4,1,"metrics, ownership"
1142,Describe a time you built trust quickly within a team.,teamwork,"I faced this situation during an internship when priorities shifted halfway through the work. kind of, i made communication simpler by keeping one shared tracker, one update rhythm, and one source of truth I clarified the immediate issue, spoke with the people involved, and suggested a simple plan to move forward. The issue was resolved without a major delay, and I learned the value of clearer ownership up front.",average,5,5,5,metrics
1143,Describe a time a hard problem pushed you out of your comfort zone.,challenge,"This situation came up during a cross-functional effort where I had to balance speed, clarity, and execution. I first clarified the success criteria and the actual risk to the timeline I gathered missing context, aligned stakeholders on the tradeoffs, and drove a structured recovery plan. We recovered the timeline, improved alignment across the team, and reused the same approach in later work.",strong,8,9,7,deeper reflection
1144,Tell me about a time you took initiative to lead a delivery effort.,leadership,"This came up during an internship task, and I was kind of figuring things out as I went. honestly, In a student project, the team had strong ideas but no one was keeping decisions organized I mostly tried to help and talk through it, but I was not very structured. I volunteered to run short syncs, summarize blockers, and keep the team focused on the highest-risk work first We reduced confusion, finished the work more smoothly, and I learned that leadership is often about clarity and follow-through The situation settled down later, but it made me realize I needed to be more specific and organized.",weak,3,2,2,"context, result, specific actions"
1145,Tell me about a time you improved the way a team worked together.,teamwork,"This example comes from a team assignment where we had a deadline and a few unresolved blockers. During a campus organization project, multiple people were contributing asynchronously I broke the problem into smaller actions, aligned with the team, and followed up on the next steps. We got the work back on track, and the team had a clearer way to handle similar situations after that.",average,7,4,4,deeper ownership
1146,Tell me about a time your team depended on strong collaboration.,teamwork,"I dealt with this in an internship where my work directly affected delivery for the broader team. basically, we finished with less confusion and much better visibility than at the start I gathered missing context, aligned stakeholders on the tradeoffs, and drove a structured recovery plan. The team hit the revised milestone, reduced confusion, and my manager called out the clarity of the execution.",strong,7,8,9,deeper reflection
1147,Tell me about a time cross-functional collaboration made the difference.,teamwork,"This was during a team project and honestly things were already a bit messy. to be honest, i tried to help and talk to people, but I was not very structured about it I tried to respond quickly, but I did not really define the problem clearly. Things improved a little, but the result was not very strong and I learned I needed better structure.",weak,2,3,3,"metrics, ownership"
1148,Tell me about a time you took initiative.,initiative,"I faced this situation during an internship when priorities shifted halfway through the work. During my internship, I noticed repeated friction in the review process even though nobody had formally owned it I listened to different viewpoints, summarized the tradeoffs, and helped the group agree on a practical action. I put together a lightweight fix, tested it quickly, and then shared it in a way that made adoption easy The issue was resolved without a major delay, and I learned the value of clearer ownership up front.",average,5,6,6,deeper ownership
1149,Describe a time your plan did not work.,failure,"This happened during a high-visibility project where the timeline and coordination really mattered. At school, I took on too much work personally instead of distributing it earlier I created clarity around the problem, documented the decision path, and followed through until the outcome stabilized. We recovered the timeline, improved alignment across the team, and reused the same approach in later work.",strong,7,10,9,
1150,Tell me about a time you resolved a conflict with a teammate.,conflict,"I remember this happening in college, and I did not really have a clear plan at first. basically, i spoke to both sides separately first, then reframed the issue around the shared deadline and user impact We shipped without slipping the release and the team had a better way to escalate disagreements after that I mostly tried to help and talk through it, but I was not very structured. honestly, During my internship, two teammates disagreed on how to split a feature for a release We finished eventually, though the outcome was only okay and it showed me I should have communicated earlier.",weak,3,4,3,"context, result, specific actions"
1151,Tell me about a time you used communication to remove confusion.,communication,"This example comes from a team assignment where we had a deadline and a few unresolved blockers. basically, in a student team, people had different understandings of what the project milestone meant I broke the problem into smaller actions, aligned with the team, and followed up on the next steps. I also kept the team updated so we could move forward without too much confusion The issue was resolved without a major delay, and I learned the value of clearer ownership up front.",average,7,5,5,metrics
1152,Tell me about a time you used communication to remove confusion.,communication,"This situation came up during a cross-functional effort where I had to balance speed, clarity, and execution. kind of, i first clarified the success criteria and the actual risk to the timeline I created clarity around the problem, documented the decision path, and followed through until the outcome stabilized. I replaced jargon with plain language, used a simple example, and confirmed understanding before moving on The team hit the revised milestone, reduced confusion, and my manager called out the clarity of the execution.",strong,7,9,7,deeper reflection
1153,Tell me about a time you had to reduce ambiguity for others.,ambiguity,"This was during a team project and honestly things were already a bit messy. to be honest, to be honest, At an internship, the team knew something needed improvement but not yet which direction would work best I mostly tried to help and talk through it, but I was not very structured. Things improved a little, but the result was not very strong and I learned I needed better structure.",weak,4,2,3,"decision rationale, result"
1154,Describe a time you solved something more complex than expected.,challenge,"This happened during a project where expectations changed and the team had to adjust quickly. During my internship, a workflow looked simple at first but had several hidden edge cases I broke the problem into smaller actions, aligned with the team, and followed up on the next steps. We got the work back on track, and the team had a clearer way to handle similar situations after that.",average,7,4,5,deeper ownership
1155,Tell me about a time you organized others around a goal.,leadership,"This situation came up during a cross-functional effort where I had to balance speed, clarity, and execution. I documented the decision path, followed up on ownership, and kept stakeholders aligned I gathered missing context, aligned stakeholders on the tradeoffs, and drove a structured recovery plan. On a capstone team, we were close to deadline and needed clearer execution ownership We recovered the timeline, improved alignment across the team, and reused the same approach in later work.",strong,8,9,9,deeper reflection
1156,Tell me about a time you had to rethink your approach to a challenge.,challenge,"I remember this happening in college, and I did not really have a clear plan at first. kind of, i balanced persistence with realism, which meant changing the design once the facts clearly supported it The final solution held up well because we iterated instead of forcing the first design I mostly tried to help and talk through it, but I was not very structured. We finished eventually, though the outcome was only okay and it showed me I should have communicated earlier.",weak,4,2,3,"clear structure, reflection"
1157,Describe a time you responded effectively to time pressure.,pressure,"This example comes from a team assignment where we had a deadline and a few unresolved blockers. to be honest, i made quick tradeoff decisions but explained them clearly so the team stayed aligned I listened to different viewpoints, summarized the tradeoffs, and helped the group agree on a practical action. I also kept the team updated so we could move forward without too much confusion The issue was resolved without a major delay, and I learned the value of clearer ownership up front.",average,7,6,5,deeper ownership
1158,Describe a time requirements were unclear and you still made progress.,ambiguity,"I dealt with this in an internship where my work directly affected delivery for the broader team. I documented the decision path, followed up on ownership, and kept stakeholders aligned I clarified the success criteria, mapped the blockers, assigned clear owners, and set checkpoints to keep things moving. I proposed a narrow first step so we could learn quickly instead of waiting for perfect clarity We recovered the timeline, improved alignment across the team, and reused the same approach in later work.",strong,9,10,10,
1159,Describe a time you made progress with incomplete information.,ambiguity,"This came up during an internship task, and I was kind of figuring things out as I went. basically, In a student build, feedback kept changing while implementation had already started I mostly tried to help and talk through it, but I was not very structured. We finished eventually, though the outcome was only okay and it showed me I should have communicated earlier.",weak,2,4,2,"context, result, specific actions"
1160,Tell me about a time teamwork helped solve a difficult problem.,teamwork,"This example comes from a team assignment where we had a deadline and a few unresolved blockers. In a group project, different people owned research, coding, and presentation tasks under a tight timeline I clarified the immediate issue, spoke with the people involved, and suggested a simple plan to move forward. One thing I learned from that was that I needed to communicate earlier. The project recovered, and people appreciated having a more structured way to communicate progress.",average,7,6,5,deeper ownership
1161,Describe a time urgent work forced you to prioritize carefully.,pressure,"This situation came up during a cross-functional effort where I had to balance speed, clarity, and execution. The situation stabilized quickly because we stopped multitasking and focused on the right fixes I clarified the success criteria, mapped the blockers, assigned clear owners, and set checkpoints to keep things moving. During a sprint, a production-like bug appeared while other commitments were already heavy The tricky part was that the situation changed while we were already executing. We delivered successfully with better coordination, and the process became a repeatable pattern for future projects.",strong,7,9,10,deeper reflection
1162,Tell me about a time cross-functional collaboration made the difference.,teamwork,"This was during a team project and honestly things were already a bit messy. to be honest, On a hackathon team, we had mixed experience levels and limited time to get aligned I tried to respond quickly, but I did not really define the problem clearly. I tried to help and talk to people, but I was not very structured about it The situation settled down later, but it made me realize I needed to be more specific and organized.",weak,2,4,2,"context, result, specific actions"
1163,Describe a time a project lacked clear direction at first.,ambiguity,"I faced this situation during an internship when priorities shifted halfway through the work. During an internship, a project started before the requirements were fully settled I broke the problem into smaller actions, aligned with the team, and followed up on the next steps. I turned ambiguity into smaller questions, gathered missing signals, and kept a visible list of assumptions We got the work back on track, and the team had a clearer way to handle similar situations after that.",average,7,6,6,strong impact
1164,Describe a time a deadline or high-stakes situation tested you.,pressure,"This situation came up during a cross-functional effort where I had to balance speed, clarity, and execution. The pressure was real, but the team stayed coordinated because the priorities were clear I gathered missing context, aligned stakeholders on the tradeoffs, and drove a structured recovery plan. In a project presentation cycle, several problems surfaced right before the final deadline We delivered successfully with better coordination, and the process became a repeatable pattern for future projects.",strong,9,7,9,
1165,Describe a time you earned followership instead of using title or role.,leadership,"I remember this happening in college, and I did not really have a clear plan at first. I made sure quieter teammates were heard, then turned the conversation into concrete next actions The group became more aligned, and our output quality improved because ownership was visible I mostly tried to help and talk through it, but I was not very structured. I tried to help and talk to people, but I was not very structured about it Things improved a little, but the result was not very strong and I learned I needed better structure.",weak,4,4,3,"clear structure, reflection"
1166,Walk me through a time team tension affected delivery.,conflict,"I faced this situation during an internship when priorities shifted halfway through the work. I set up a short alignment meeting, wrote down the tradeoffs, and pushed the team toward one decision we could all support I clarified the immediate issue, spoke with the people involved, and suggested a simple plan to move forward. On a student product team, two contributors wanted different priorities for the same sprint We got the work back on track, and the team had a clearer way to handle similar situations after that.",average,7,6,6,reflection
1167,Tell me about a time you took initiative to lead a delivery effort.,leadership,"This happened during a high-visibility project where the timeline and coordination really mattered. I volunteered to run short syncs, summarize blockers, and keep the team focused on the highest-risk work first I gathered missing context, aligned stakeholders on the tradeoffs, and drove a structured recovery plan. In a student project, the team had strong ideas but no one was keeping decisions organized One thing I learned from that was that I needed to communicate earlier. We recovered the timeline, improved alignment across the team, and reused the same approach in later work.",strong,9,7,7,
1168,Describe a time you responded effectively to time pressure.,pressure,"This came up during an internship task, and I was kind of figuring things out as I went. I tried to help and talk to people, but I was not very structured about it I did what I could in the moment, though I probably should have organized things better. to be honest, In a campus project, a critical dependency slipped and compressed the remaining timeline We finished eventually, though the outcome was only okay and it showed me I should have communicated earlier.",weak,4,2,1,"context, result, specific actions"
1169,Describe a time you owned a problem end to end.,ownership,"I faced this situation during an internship when priorities shifted halfway through the work. The delivery quality improved, and the team had more confidence because ownership was visible I listened to different viewpoints, summarized the tradeoffs, and helped the group agree on a practical action. The project recovered, and people appreciated having a more structured way to communicate progress.",average,7,6,6,deeper ownership
1170,Tell me about a time you had to stay calm in a stressful situation.,pressure,"I dealt with this in an internship where my work directly affected delivery for the broader team. I first clarified the success criteria and the actual risk to the timeline I clarified the success criteria, mapped the blockers, assigned clear owners, and set checkpoints to keep things moving. We recovered the timeline, improved alignment across the team, and reused the same approach in later work.",strong,7,7,8,deeper reflection
1171,Tell me about a time you stepped up and led an effort.,leadership,"This was during a team project and honestly things were already a bit messy. I made sure quieter teammates were heard, then turned the conversation into concrete next actions The group became more aligned, and our output quality improved because ownership was visible I did what I could in the moment, though I probably should have organized things better. I tried to help and talk to people, but I was not very structured about it We finished eventually, though the outcome was only okay and it showed me I should have communicated earlier.",weak,3,4,3,"clear structure, reflection"
1172,Tell me about a time you aligned people through communication.,communication,"This happened during a project where expectations changed and the team had to adjust quickly. I also kept the team updated so we could move forward without too much confusion I listened to different viewpoints, summarized the tradeoffs, and helped the group agree on a practical action. We avoided wasted work because expectations became clear before implementation continued What made it harder was that not everyone was aligned at the beginning. The project recovered, and people appreciated having a more structured way to communicate progress.",average,6,6,4,reflection
1173,Tell me about a difficult challenge you worked through.,challenge,"I dealt with this in an internship where my work directly affected delivery for the broader team. During my internship, a workflow looked simple at first but had several hidden edge cases I clarified the success criteria, mapped the blockers, assigned clear owners, and set checkpoints to keep things moving. We recovered the timeline, improved alignment across the team, and reused the same approach in later work.",strong,10,9,8,
1174,Describe a disagreement you handled inside a project team.,conflict,"This came up during an internship task, and I was kind of figuring things out as I went. honestly, In a college capstone project, design and engineering kept blaming each other for delays I did what I could in the moment, though I probably should have organized things better. The situation settled down later, but it made me realize I needed to be more specific and organized.",weak,3,3,3,"clear structure, reflection"
1175,Tell me about a challenge that required iteration.,challenge,"I faced this situation during an internship when priorities shifted halfway through the work. In a class project, our first design failed once we tested it with real users I clarified the immediate issue, spoke with the people involved, and suggested a simple plan to move forward. What made it harder was that not everyone was aligned at the beginning. The issue was resolved without a major delay, and I learned the value of clearer ownership up front.",average,6,5,5,strong impact
1176,Tell me about a time you improved the way a team worked together.,teamwork,"This situation came up during a cross-functional effort where I had to balance speed, clarity, and execution. During a campus organization project, multiple people were contributing asynchronously I created clarity around the problem, documented the decision path, and followed through until the outcome stabilized. The team hit the revised milestone, reduced confusion, and my manager called out the clarity of the execution.",strong,8,9,7,
1177,Describe a conflict that could have slowed the project down.,conflict,"This came up during an internship task, and I was kind of figuring things out as I went. I followed up after the meeting to make sure the tension did not quietly return during execution The conflict stopped blocking progress, and our later reviews were much smoother I tried to respond quickly, but I did not really define the problem clearly. kind of, During a hackathon follow-up project, communication friction started affecting handoffs The tricky part was that the situation changed while we were already executing. We finished eventually, though the outcome was only okay and it showed me I should have communicated earlier.",weak,3,4,1,"metrics, ownership"
1178,Describe a mistake you would handle differently now.,failure,"This happened during a project where expectations changed and the team had to adjust quickly. I also kept the team updated so we could move forward without too much confusion I broke the problem into smaller actions, aligned with the team, and followed up on the next steps. I earned trust back by being accountable and applying the lesson in the next project What made it harder was that not everyone was aligned at the beginning. The project recovered, and people appreciated having a more structured way to communicate progress.",average,6,6,4,metrics
1179,Tell me about a time you took initiative to lead a delivery effort.,leadership,"This happened during a high-visibility project where the timeline and coordination really mattered. In a student project, the team had strong ideas but no one was keeping decisions organized I clarified the success criteria, mapped the blockers, assigned clear owners, and set checkpoints to keep things moving. I documented the decision path, followed up on ownership, and kept stakeholders aligned We recovered the timeline, improved alignment across the team, and reused the same approach in later work.",strong,9,7,8,deeper reflection
1180,Tell me about a time you organized others around a goal.,leadership,"This came up during an internship task, and I was kind of figuring things out as I went. I tried to help and talk to people, but I was not very structured about it I tried to respond quickly, but I did not really define the problem clearly. I documented decisions and followed through on the details so the momentum did not fade after meetings We hit the target with less last-minute churn than expected Things improved a little, but the result was not very strong and I learned I needed better structure.",weak,3,2,2,"decision rationale, result"
1181,Describe a time your ownership improved the final result.,ownership,"This example comes from a team assignment where we had a deadline and a few unresolved blockers. kind of, i also kept the team updated so we could move forward without too much confusion I broke the problem into smaller actions, aligned with the team, and followed up on the next steps. I accepted accountability for the outcome, which meant checking details that otherwise would have been missed The project recovered, and people appreciated having a more structured way to communicate progress.",average,7,4,6,reflection
1182,Describe a time your plan did not work.,failure,"This happened during a high-visibility project where the timeline and coordination really mattered. At school, I took on too much work personally instead of distributing it earlier I gathered missing context, aligned stakeholders on the tradeoffs, and drove a structured recovery plan. The team hit the revised milestone, reduced confusion, and my manager called out the clarity of the execution.",strong,8,9,9,
1183,Tell me about a time cross-functional collaboration made the difference.,teamwork,"I remember this happening in college, and I did not really have a clear plan at first. I translated between technical and non-technical teammates when needed so decisions stayed clear We avoided duplicate work, hit the milestone, and built more trust across the group I tried to respond quickly, but I did not really define the problem clearly. The tricky part was that the situation changed while we were already executing. Things improved a little, but the result was not very strong and I learned I needed better structure.",weak,2,3,3,"metrics, ownership"
1184,Describe a setback that improved your judgment later.,failure,"This example comes from a team assignment where we had a deadline and a few unresolved blockers. I also kept the team updated so we could move forward without too much confusion I broke the problem into smaller actions, aligned with the team, and followed up on the next steps. I turned the mistake into a concrete process change rather than treating it as a one-off problem We got the work back on track, and the team had a clearer way to handle similar situations after that.",average,7,5,5,strong impact
1185,Tell me about a time you had to deliver difficult information clearly.,communication,"I dealt with this in an internship where my work directly affected delivery for the broader team. At an internship, a vague update caused confusion about whether a blocker was resolved I gathered missing context, aligned stakeholders on the tradeoffs, and drove a structured recovery plan. I first clarified the success criteria and the actual risk to the timeline One thing I learned from that was that I needed to communicate earlier. We delivered successfully with better coordination, and the process became a repeatable pattern for future projects.",strong,8,9,10,deeper reflection
1186,Describe a time you managed risk during a very busy stretch.,pressure,"I remember this happening in college, and I did not really have a clear plan at first. honestly, kind of, At a student event, last-minute changes forced the team to reorganize work quickly I did what I could in the moment, though I probably should have organized things better. Looking back, I would set expectations much sooner next time. We finished eventually, though the outcome was only okay and it showed me I should have communicated earlier.",weak,3,3,3,"context, result, specific actions"
1187,Tell me about a time you took ownership of something important.,ownership,"I faced this situation during an internship when priorities shifted halfway through the work. During an internship, a workflow had several owners on paper but no one was watching the full outcome I broke the problem into smaller actions, aligned with the team, and followed up on the next steps. The issue was resolved more completely because someone was finally watching it end to end We got the work back on track, and the team had a clearer way to handle similar situations after that.",average,5,4,6,strong impact
1188,Describe a time you improved outcomes by communicating better.,communication,"This situation came up during a cross-functional effort where I had to balance speed, clarity, and execution. I thought carefully about what was important to say, what was noise, and what action the audience needed next I clarified the success criteria, mapped the blockers, assigned clear owners, and set checkpoints to keep things moving. We delivered successfully with better coordination, and the process became a repeatable pattern for future projects.",strong,10,9,7,deeper reflection
1189,Describe a mistake you would handle differently now.,failure,"This was during a team project and honestly things were already a bit messy. I documented what I got wrong, asked for feedback, and changed how I planned similar work later I earned trust back by being accountable and applying the lesson in the next project I did what I could in the moment, though I probably should have organized things better. to be honest, In a student project, I assumed a task would be quick and did not surface risk early enough We finished eventually, though the outcome was only okay and it showed me I should have communicated earlier.",weak,3,4,3,"context, result, specific actions"
1190,Tell me about a difficult challenge you worked through.,challenge,"This happened during a project where expectations changed and the team had to adjust quickly. During my internship, a workflow looked simple at first but had several hidden edge cases I listened to different viewpoints, summarized the tradeoffs, and helped the group agree on a practical action. I stopped assuming the first path was correct and gathered evidence about what was actually failing What made it harder was that not everyone was aligned at the beginning. The issue was resolved without a major delay, and I learned the value of clearer ownership up front.",average,5,6,4,reflection
1191,Describe a time you had to explain something complex clearly.,communication,"This happened during a high-visibility project where the timeline and coordination really mattered. kind of, the message landed well because the audience understood both the risk and the recommended path I gathered missing context, aligned stakeholders on the tradeoffs, and drove a structured recovery plan. I documented the decision path, followed up on ownership, and kept stakeholders aligned One thing I learned from that was that I needed to communicate earlier. The team hit the revised milestone, reduced confusion, and my manager called out the clarity of the execution.",strong,9,7,8,
1192,Describe a time you stayed with a problem until it was fully resolved.,ownership,"I remember this happening in college, and I did not really have a clear plan at first. honestly, During an internship, a workflow had several owners on paper but no one was watching the full outcome I mostly tried to help and talk through it, but I was not very structured. One thing I learned from that was that I needed to communicate earlier. Things improved a little, but the result was not very strong and I learned I needed better structure.",weak,2,2,1,"decision rationale, result"
1193,Describe a conflict that could have slowed the project down.,conflict,"This example comes from a team assignment where we had a deadline and a few unresolved blockers. to be honest, during a hackathon follow-up project, communication friction started affecting handoffs I listened to different viewpoints, summarized the tradeoffs, and helped the group agree on a practical action. The project recovered, and people appreciated having a more structured way to communicate progress.",average,7,5,6,metrics
1194,Describe a time a message had to be adjusted for the audience.,communication,"This situation came up during a cross-functional effort where I had to balance speed, clarity, and execution. kind of, at an internship, a vague update caused confusion about whether a blocker was resolved I created clarity around the problem, documented the decision path, and followed through until the outcome stabilized. The communication helped stakeholders make a timely decision and trust the rationale behind it We delivered successfully with better coordination, and the process became a repeatable pattern for future projects.",strong,10,8,7,
1195,Describe a time intense deadlines changed how you worked.,pressure,"This was during a team project and honestly things were already a bit messy. basically, i reduced the noise by identifying what truly had to happen first and what could wait We got through the deadline without unnecessary panic and delivered the most important work successfully I did what I could in the moment, though I probably should have organized things better. basically, During an internship release week, we discovered a blocking issue shortly before a demo The situation settled down later, but it made me realize I needed to be more specific and organized.",weak,2,3,3,"clear structure, reflection"
1196,Tell me about a time the obvious solution was not enough.,challenge,"This happened during a project where expectations changed and the team had to adjust quickly. At an internship, a performance issue appeared only under realistic load I clarified the immediate issue, spoke with the people involved, and suggested a simple plan to move forward. We delivered a stable outcome after reworking the plan, and that prevented repeat issues later The tricky part was that the situation changed while we were already executing. We got the work back on track, and the team had a clearer way to handle similar situations after that.",average,6,6,6,reflection
1197,Describe a time conflict made execution harder than it should have been.,conflict,"I dealt with this in an internship where my work directly affected delivery for the broader team. kind of, i kept the discussion focused on facts, timelines, and the goal instead of who was right I gathered missing context, aligned stakeholders on the tradeoffs, and drove a structured recovery plan. At an internship, code review comments became defensive and slowed the merge process The team hit the revised milestone, reduced confusion, and my manager called out the clarity of the execution.",strong,9,9,8,
1198,Tell me about a time you identified an issue early and acted.,initiative,"This was during a team project and honestly things were already a bit messy. I tried to help and talk to people, but I was not very structured about it I did what I could in the moment, though I probably should have organized things better. to be honest, At an internship, I saw a recurring communication gap between the feature owner and implementers The situation settled down later, but it made me realize I needed to be more specific and organized.",weak,2,3,3,"context, result, specific actions"
1199,Describe a time you influenced a group to move in a better direction.,leadership,"I faced this situation during an internship when priorities shifted halfway through the work. I volunteered to run short syncs, summarize blockers, and keep the team focused on the highest-risk work first I broke the problem into smaller actions, aligned with the team, and followed up on the next steps. What made it harder was that not everyone was aligned at the beginning. We got the work back on track, and the team had a clearer way to handle similar situations after that.",average,5,6,6,metrics
1200,Tell me about a time you had to rethink your approach to a challenge.,challenge,"I dealt with this in an internship where my work directly affected delivery for the broader team. I balanced persistence with realism, which meant changing the design once the facts clearly supported it I gathered missing context, aligned stakeholders on the tradeoffs, and drove a structured recovery plan. One thing I learned from that was that I needed to communicate earlier. The team hit the revised milestone, reduced confusion, and my manager called out the clarity of the execution.",strong,9,10,9,
1201,Describe a time intense deadlines changed how you worked.,pressure,"I remember this happening in college, and I did not really have a clear plan at first. basically, i tried to help and talk to people, but I was not very structured about it I tried to respond quickly, but I did not really define the problem clearly. What made it harder was that not everyone was aligned at the beginning. Things improved a little, but the result was not very strong and I learned I needed better structure.",weak,4,3,1,"metrics, ownership"
1202,Tell me about a time you aligned people through communication.,communication,"This happened during a project where expectations changed and the team had to adjust quickly. I also kept the team updated so we could move forward without too much confusion I clarified the immediate issue, spoke with the people involved, and suggested a simple plan to move forward. The issue was resolved without a major delay, and I learned the value of clearer ownership up front.",average,5,4,6,deeper ownership
1203,Tell me about a time you collaborated effectively with others.,teamwork,"This happened during a high-visibility project where the timeline and coordination really mattered. I documented the decision path, followed up on ownership, and kept stakeholders aligned I clarified the success criteria, mapped the blockers, assigned clear owners, and set checkpoints to keep things moving. During my internship, engineering, design, and QA all depended on each other to ship one workflow One thing I learned from that was that I needed to communicate earlier. The team hit the revised milestone, reduced confusion, and my manager called out the clarity of the execution.",strong,10,8,8,
1204,Describe a time you acted without being asked.,initiative,"This came up during an internship task, and I was kind of figuring things out as I went. I did not wait for permission to do the discovery work, but I made sure to keep the actual owners informed People adopted the improvement quickly and it reduced repeated confusion across the group I did what I could in the moment, though I probably should have organized things better. I tried to help and talk to people, but I was not very structured about it The situation settled down later, but it made me realize I needed to be more specific and organized.",weak,2,2,2,"metrics, ownership"
1205,Tell me about a time you collaborated effectively with others.,teamwork,"This happened during a project where expectations changed and the team had to adjust quickly. I also kept the team updated so we could move forward without too much confusion I broke the problem into smaller actions, aligned with the team, and followed up on the next steps. The project recovered, and people appreciated having a more structured way to communicate progress.",average,5,4,5,deeper ownership
1206,Describe a time you earned followership instead of using title or role.,leadership,"This situation came up during a cross-functional effort where I had to balance speed, clarity, and execution. The group became more aligned, and our output quality improved because ownership was visible I clarified the success criteria, mapped the blockers, assigned clear owners, and set checkpoints to keep things moving. I first clarified the success criteria and the actual risk to the timeline We delivered successfully with better coordination, and the process became a repeatable pattern for future projects.",strong,7,9,10,
1207,Tell me about a time you took initiative to lead a delivery effort.,leadership,"This came up during an internship task, and I was kind of figuring things out as I went. honestly, i tried to help and talk to people, but I was not very structured about it I did what I could in the moment, though I probably should have organized things better. What made it harder was that not everyone was aligned at the beginning. We finished eventually, though the outcome was only okay and it showed me I should have communicated earlier.",weak,2,4,1,"metrics, ownership"
1208,Describe a time you carried responsibility beyond your immediate task.,ownership,"I faced this situation during an internship when priorities shifted halfway through the work. At an internship, a recurring blocker sat between teams and was easy for everyone to partially ignore I listened to different viewpoints, summarized the tradeoffs, and helped the group agree on a practical action. I pushed past the easy handoff point and stayed engaged until the downstream impact looked healthy too We got the work back on track, and the team had a clearer way to handle similar situations after that.",average,7,5,5,deeper ownership
1209,Tell me about a time you worked through ambiguity.,ambiguity,"This happened during a high-visibility project where the timeline and coordination really mattered. I documented the decision path, followed up on ownership, and kept stakeholders aligned I clarified the success criteria, mapped the blockers, assigned clear owners, and set checkpoints to keep things moving. We made steady progress instead of stalling, and the project direction became clearer as we learned more The team hit the revised milestone, reduced confusion, and my manager called out the clarity of the execution.",strong,7,8,8,
1210,Tell me about a time you worked through ambiguity.,ambiguity,"This came up during an internship task, and I was kind of figuring things out as I went. I turned ambiguity into smaller questions, gathered missing signals, and kept a visible list of assumptions We made steady progress instead of stalling, and the project direction became clearer as we learned more I tried to respond quickly, but I did not really define the problem clearly. I tried to help and talk to people, but I was not very structured about it We finished eventually, though the outcome was only okay and it showed me I should have communicated earlier.",weak,4,3,2,"clear structure, reflection"
1211,Describe a time you had to coordinate with people who worked differently from you.,teamwork,"This example comes from a team assignment where we had a deadline and a few unresolved blockers. basically, i focused on helping the team unblock quickly instead of only finishing my own part I broke the problem into smaller actions, aligned with the team, and followed up on the next steps. We got the work back on track, and the team had a clearer way to handle similar situations after that.",average,6,5,5,metrics
1212,Describe a team effort where communication mattered as much as execution.,teamwork,"I dealt with this in an internship where my work directly affected delivery for the broader team. I documented the decision path, followed up on ownership, and kept stakeholders aligned I clarified the success criteria, mapped the blockers, assigned clear owners, and set checkpoints to keep things moving. We recovered the timeline, improved alignment across the team, and reused the same approach in later work.",strong,10,7,7,deeper reflection
1213,Describe a time you solved something more complex than expected.,challenge,"This came up during an internship task, and I was kind of figuring things out as I went. I tried to help and talk to people, but I was not very structured about it I tried to respond quickly, but I did not really define the problem clearly. The tricky part was that the situation changed while we were already executing. The situation settled down later, but it made me realize I needed to be more specific and organized.",weak,2,2,3,"clear structure, reflection"
1214,Describe a challenge that made you change course.,challenge,"This example comes from a team assignment where we had a deadline and a few unresolved blockers. if I am being real, i also kept the team updated so we could move forward without too much confusion I clarified the immediate issue, spoke with the people involved, and suggested a simple plan to move forward. We got the work back on track, and the team had a clearer way to handle similar situations after that.",average,5,6,6,deeper ownership
1215,Describe a time you built trust quickly within a team.,teamwork,"I dealt with this in an internship where my work directly affected delivery for the broader team. basically, during my internship, engineering, design, and QA all depended on each other to ship one workflow I clarified the success criteria, mapped the blockers, assigned clear owners, and set checkpoints to keep things moving. I first clarified the success criteria and the actual risk to the timeline We delivered successfully with better coordination, and the process became a repeatable pattern for future projects.",strong,9,7,10,deeper reflection
1216,Tell me about a time teamwork helped solve a difficult problem.,teamwork,"This was during a team project and honestly things were already a bit messy. kind of, i tried to help and talk to people, but I was not very structured about it I mostly tried to help and talk through it, but I was not very structured. I checked assumptions early so we did not discover mismatched expectations at the end The project landed successfully, and our handoffs became much smoother after we aligned the workflow Looking back, I would set expectations much sooner next time. We finished eventually, though the outcome was only okay and it showed me I should have communicated earlier.",weak,4,4,3,"metrics, ownership"
1217,Describe a mistake you would handle differently now.,failure,"This example comes from a team assignment where we had a deadline and a few unresolved blockers. I earned trust back by being accountable and applying the lesson in the next project I listened to different viewpoints, summarized the tradeoffs, and helped the group agree on a practical action. I documented what I got wrong, asked for feedback, and changed how I planned similar work later The project recovered, and people appreciated having a more structured way to communicate progress.",average,6,4,4,reflection
1218,Describe a time you went beyond execution and owned the outcome.,ownership,"This happened during a high-visibility project where the timeline and coordination really mattered. I first clarified the success criteria and the actual risk to the timeline I gathered missing context, aligned stakeholders on the tradeoffs, and drove a structured recovery plan. We delivered successfully with better coordination, and the process became a repeatable pattern for future projects.",strong,9,7,7,deeper reflection
1219,Describe a time you led execution when the team needed clarity.,leadership,"I remember this happening in college, and I did not really have a clear plan at first. honestly, i documented decisions and followed through on the details so the momentum did not fade after meetings We hit the target with less last-minute churn than expected I did what I could in the moment, though I probably should have organized things better. to be honest, On a capstone team, we were close to deadline and needed clearer execution ownership The situation settled down later, but it made me realize I needed to be more specific and organized.",weak,2,4,2,"decision rationale, result"
1220,Describe a time you went beyond execution and owned the outcome.,ownership,"This example comes from a team assignment where we had a deadline and a few unresolved blockers. I also kept the team updated so we could move forward without too much confusion I listened to different viewpoints, summarized the tradeoffs, and helped the group agree on a practical action. The project recovered, and people appreciated having a more structured way to communicate progress.",average,6,4,6,metrics
1221,Tell me about a time you made sure nothing fell through the cracks.,ownership,"This happened during a high-visibility project where the timeline and coordination really mattered. honestly, at an internship, a recurring blocker sat between teams and was easy for everyone to partially ignore I clarified the success criteria, mapped the blockers, assigned clear owners, and set checkpoints to keep things moving. I documented the decision path, followed up on ownership, and kept stakeholders aligned Looking back, I would set expectations much sooner next time. We delivered successfully with better coordination, and the process became a repeatable pattern for future projects.",strong,9,9,9,deeper reflection
1222,Describe a time leadership was needed even though you were not the official owner.,leadership,"This was during a team project and honestly things were already a bit messy. honestly, At an internship, the team needed someone to connect product feedback with engineering tasks I tried to respond quickly, but I did not really define the problem clearly. Things improved a little, but the result was not very strong and I learned I needed better structure.",weak,4,3,3,"context, result, specific actions"
1223,Describe a time you created alignment across multiple people.,leadership,"This example comes from a team assignment where we had a deadline and a few unresolved blockers. I also kept the team updated so we could move forward without too much confusion I broke the problem into smaller actions, aligned with the team, and followed up on the next steps. During an internship, a feature had many moving parts but no clear day-to-day coordinator The issue was resolved without a major delay, and I learned the value of clearer ownership up front.",average,5,5,6,deeper ownership
1224,Describe a time a project lacked clear direction at first.,ambiguity,"This happened during a high-visibility project where the timeline and coordination really mattered. I documented the decision path, followed up on ownership, and kept stakeholders aligned I gathered missing context, aligned stakeholders on the tradeoffs, and drove a structured recovery plan. I first clarified the success criteria and the actual risk to the timeline The team hit the revised milestone, reduced confusion, and my manager called out the clarity of the execution.",strong,7,8,8,
1225,Describe a failure that taught you something important.,failure,"This was during a team project and honestly things were already a bit messy. kind of, During an internship, I underestimated how much validation a feature needed before rollout I tried to respond quickly, but I did not really define the problem clearly. We finished eventually, though the outcome was only okay and it showed me I should have communicated earlier.",weak,3,2,2,"metrics, ownership"
1226,Describe a time the first solution did not work.,challenge,"This example comes from a team assignment where we had a deadline and a few unresolved blockers. honestly, at an internship, a performance issue appeared only under realistic load I broke the problem into smaller actions, aligned with the team, and followed up on the next steps. The issue was resolved without a major delay, and I learned the value of clearer ownership up front.",average,5,5,5,strong impact
1227,Describe a time your plan did not work.,failure,"This happened during a high-visibility project where the timeline and coordination really mattered. if I am being real, i first clarified the success criteria and the actual risk to the timeline I gathered missing context, aligned stakeholders on the tradeoffs, and drove a structured recovery plan. We delivered successfully with better coordination, and the process became a repeatable pattern for future projects.",strong,10,9,9,deeper reflection
1228,Tell me about a time you took accountability for a messy situation.,ownership,"This was during a team project and honestly things were already a bit messy. if I am being real, i kept the full picture visible, not just my individual task, and followed up until the problem was actually closed The delivery quality improved, and the team had more confidence because ownership was visible I tried to respond quickly, but I did not really define the problem clearly. to be honest, In a capstone project, one important task kept slipping because responsibility was fragmented One thing I learned from that was that I needed to communicate earlier. The situation settled down later, but it made me realize I needed to be more specific and organized.",weak,4,4,1,"clear structure, reflection"
1229,Tell me about a time you performed under pressure.,pressure,"This happened during a project where expectations changed and the team had to adjust quickly. I reduced the noise by identifying what truly had to happen first and what could wait I clarified the immediate issue, spoke with the people involved, and suggested a simple plan to move forward. During an internship release week, we discovered a blocking issue shortly before a demo One thing I learned from that was that I needed to communicate earlier. We got the work back on track, and the team had a clearer way to handle similar situations after that.",average,5,5,4,deeper ownership
1230,Tell me about a time you improved the way a team worked together.,teamwork,"This happened during a high-visibility project where the timeline and coordination really mattered. The collaboration improved both speed and quality, especially because people knew where to go for updates I created clarity around the problem, documented the decision path, and followed through until the outcome stabilized. I focused on helping the team unblock quickly instead of only finishing my own part We delivered successfully with better coordination, and the process became a repeatable pattern for future projects.",strong,8,8,8,
1231,Tell me about a time you aligned people through communication.,communication,"This came up during an internship task, and I was kind of figuring things out as I went. basically, kind of, During a release discussion, several teams were using slightly different definitions of success I did what I could in the moment, though I probably should have organized things better. I tried to help and talk to people, but I was not very structured about it Things improved a little, but the result was not very strong and I learned I needed better structure.",weak,2,3,1,"clear structure, reflection"
1233,Tell me about a time you stepped in because something needed a real owner.,ownership,"This situation came up during a cross-functional effort where I had to balance speed, clarity, and execution. I documented the decision path, followed up on ownership, and kept stakeholders aligned I clarified the success criteria, mapped the blockers, assigned clear owners, and set checkpoints to keep things moving. The problem stopped bouncing between people and the resolution happened faster We delivered successfully with better coordination, and the process became a repeatable pattern for future projects.",strong,9,8,10,
1234,Tell me about a time you created value without formal ownership.,initiative,"This came up during an internship task, and I was kind of figuring things out as I went. basically, i focused on removing friction that affected multiple people instead of just optimizing my own workflow It improved the workflow enough that later teammates continued using it I tried to respond quickly, but I did not really define the problem clearly. I tried to help and talk to people, but I was not very structured about it We finished eventually, though the outcome was only okay and it showed me I should have communicated earlier.",weak,3,4,1,"metrics, ownership"
1235,Tell me about a time you performed under pressure.,pressure,"This happened during a project where expectations changed and the team had to adjust quickly. During an internship release week, we discovered a blocking issue shortly before a demo I listened to different viewpoints, summarized the tradeoffs, and helped the group agree on a practical action. One thing I learned from that was that I needed to communicate earlier. We got the work back on track, and the team had a clearer way to handle similar situations after that.",average,5,6,5,metrics
1236,Describe a time you owned a problem end to end.,ownership,"This situation came up during a cross-functional effort where I had to balance speed, clarity, and execution. if I am being real, i documented the decision path, followed up on ownership, and kept stakeholders aligned I clarified the success criteria, mapped the blockers, assigned clear owners, and set checkpoints to keep things moving. Looking back, I would set expectations much sooner next time. We delivered successfully with better coordination, and the process became a repeatable pattern for future projects.",strong,9,7,7,
1237,Tell me about a time you noticed a gap and stepped in.,initiative,"I remember this happening in college, and I did not really have a clear plan at first. to be honest, During a campus event build, I noticed the onboarding material for new contributors was missing I mostly tried to help and talk through it, but I was not very structured. One thing I learned from that was that I needed to communicate earlier. We finished eventually, though the outcome was only okay and it showed me I should have communicated earlier.",weak,2,2,2,"metrics, ownership"
1238,Tell me about a time you took ownership of something important.,ownership,"This happened during a project where expectations changed and the team had to adjust quickly. to be honest, i also kept the team updated so we could move forward without too much confusion I broke the problem into smaller actions, aligned with the team, and followed up on the next steps. I treated the end result as my responsibility, even when I needed help from several people to get there One thing I learned from that was that I needed to communicate earlier. We got the work back on track, and the team had a clearer way to handle similar situations after that.",average,6,5,5,metrics
1239,Describe a time you had to explain something complex clearly.,communication,"I dealt with this in an internship where my work directly affected delivery for the broader team. The message landed well because the audience understood both the risk and the recommended path I clarified the success criteria, mapped the blockers, assigned clear owners, and set checkpoints to keep things moving. The team hit the revised milestone, reduced confusion, and my manager called out the clarity of the execution.",strong,7,9,7,
1240,Tell me about a time cross-functional collaboration made the difference.,teamwork,"I remember this happening in college, and I did not really have a clear plan at first. kind of, i translated between technical and non-technical teammates when needed so decisions stayed clear We avoided duplicate work, hit the milestone, and built more trust across the group I tried to respond quickly, but I did not really define the problem clearly. to be honest, On a hackathon team, we had mixed experience levels and limited time to get aligned Looking back, I would set expectations much sooner next time. The situation settled down later, but it made me realize I needed to be more specific and organized.",weak,2,4,3,"metrics, ownership"
1241,Tell me about a time you had to rethink your approach to a challenge.,challenge,"I faced this situation during an internship when priorities shifted halfway through the work. kind of, i balanced persistence with realism, which meant changing the design once the facts clearly supported it I listened to different viewpoints, summarized the tradeoffs, and helped the group agree on a practical action. The final solution held up well because we iterated instead of forcing the first design The issue was resolved without a major delay, and I learned the value of clearer ownership up front.",average,5,5,4,strong impact
1242,Describe a time your communication changed a decision.,communication,"I dealt with this in an internship where my work directly affected delivery for the broader team. kind of, i summarized key points in writing afterward so the alignment did not disappear after the meeting I clarified the success criteria, mapped the blockers, assigned clear owners, and set checkpoints to keep things moving. The team hit the revised milestone, reduced confusion, and my manager called out the clarity of the execution.",strong,8,9,10,
1243,Describe a time you solved a problem before it became bigger.,initiative,"This came up during an internship task, and I was kind of figuring things out as I went. I tried to help and talk to people, but I was not very structured about it I tried to respond quickly, but I did not really define the problem clearly. basically, During my internship, I noticed repeated friction in the review process even though nobody had formally owned it The situation settled down later, but it made me realize I needed to be more specific and organized.",weak,2,3,3,"decision rationale, result"
1244,Tell me about a time you took accountability for a messy situation.,ownership,"This happened during a project where expectations changed and the team had to adjust quickly. honestly, the delivery quality improved, and the team had more confidence because ownership was visible I broke the problem into smaller actions, aligned with the team, and followed up on the next steps. In a capstone project, one important task kept slipping because responsibility was fragmented The tricky part was that the situation changed while we were already executing. The issue was resolved without a major delay, and I learned the value of clearer ownership up front.",average,7,6,4,metrics
1246,Tell me about a time cross-functional collaboration made the difference.,teamwork,"I remember this happening in college, and I did not really have a clear plan at first. I tried to help and talk to people, but I was not very structured about it I did what I could in the moment, though I probably should have organized things better. Looking back, I would set expectations much sooner next time. The situation settled down later, but it made me realize I needed to be more specific and organized.",weak,4,3,3,"metrics, ownership"
1247,Describe a time you solved something more complex than expected.,challenge,"This happened during a project where expectations changed and the team had to adjust quickly. I stopped assuming the first path was correct and gathered evidence about what was actually failing I listened to different viewpoints, summarized the tradeoffs, and helped the group agree on a practical action. I also kept the team updated so we could move forward without too much confusion The issue was resolved without a major delay, and I learned the value of clearer ownership up front.",average,6,6,6,strong impact
1248,Describe a time a message had to be adjusted for the audience.,communication,"This situation came up during a cross-functional effort where I had to balance speed, clarity, and execution. I made the tradeoffs explicit instead of assuming everyone interpreted the situation the same way I gathered missing context, aligned stakeholders on the tradeoffs, and drove a structured recovery plan. We recovered the timeline, improved alignment across the team, and reused the same approach in later work.",strong,7,7,10,deeper reflection
1249,Describe a time a deadline or high-stakes situation tested you.,pressure,"I remember this happening in college, and I did not really have a clear plan at first. I tried to help and talk to people, but I was not very structured about it I tried to respond quickly, but I did not really define the problem clearly. Things improved a little, but the result was not very strong and I learned I needed better structure.",weak,2,2,1,"clear structure, reflection"
1250,Tell me about a time you handled pressure without losing focus.,pressure,"I faced this situation during an internship when priorities shifted halfway through the work. to be honest, at a student event, last-minute changes forced the team to reorganize work quickly I listened to different viewpoints, summarized the tradeoffs, and helped the group agree on a practical action. Looking back, I would set expectations much sooner next time. We got the work back on track, and the team had a clearer way to handle similar situations after that.",average,7,4,5,strong impact
1251,Tell me about a time you had to keep a team moving during disagreement.,conflict,"This situation came up during a cross-functional effort where I had to balance speed, clarity, and execution. honestly, i followed up after the meeting to make sure the tension did not quietly return during execution I gathered missing context, aligned stakeholders on the tradeoffs, and drove a structured recovery plan. I first clarified the success criteria and the actual risk to the timeline One thing I learned from that was that I needed to communicate earlier. We recovered the timeline, improved alignment across the team, and reused the same approach in later work.",strong,7,7,8,
1252,Tell me about a time you performed under pressure.,pressure,"This came up during an internship task, and I was kind of figuring things out as I went. I reduced the noise by identifying what truly had to happen first and what could wait We got through the deadline without unnecessary panic and delivered the most important work successfully I did what I could in the moment, though I probably should have organized things better. kind of, During an internship release week, we discovered a blocking issue shortly before a demo The tricky part was that the situation changed while we were already executing. We finished eventually, though the outcome was only okay and it showed me I should have communicated earlier.",weak,2,2,3,"metrics, ownership"
1253,Tell me about a time you led without formal authority.,leadership,"This example comes from a team assignment where we had a deadline and a few unresolved blockers. if I am being real, during an internship, a feature had many moving parts but no clear day-to-day coordinator I clarified the immediate issue, spoke with the people involved, and suggested a simple plan to move forward. We got the work back on track, and the team had a clearer way to handle similar situations after that.",average,7,4,4,strong impact
1254,Tell me about a time you stepped in because something needed a real owner.,ownership,"I dealt with this in an internship where my work directly affected delivery for the broader team. to be honest, i documented the decision path, followed up on ownership, and kept stakeholders aligned I gathered missing context, aligned stakeholders on the tradeoffs, and drove a structured recovery plan. During a release cycle, a handoff issue was hurting quality but was not clearly assigned to one person We delivered successfully with better coordination, and the process became a repeatable pattern for future projects.",strong,9,7,7,
1255,Tell me about a time you improved the way a team worked together.,teamwork,"I remember this happening in college, and I did not really have a clear plan at first. kind of, kind of, During a campus organization project, multiple people were contributing asynchronously I tried to respond quickly, but I did not really define the problem clearly. I focused on helping the team unblock quickly instead of only finishing my own part The collaboration improved both speed and quality, especially because people knew where to go for updates Things improved a little, but the result was not very strong and I learned I needed better structure.",weak,2,4,1,"clear structure, reflection"
1256,Tell me about a time you had to balance different opinions on a team.,conflict,"This example comes from a team assignment where we had a deadline and a few unresolved blockers. I set up a short alignment meeting, wrote down the tradeoffs, and pushed the team toward one decision we could all support I broke the problem into smaller actions, aligned with the team, and followed up on the next steps. On a student product team, two contributors wanted different priorities for the same sprint The project recovered, and people appreciated having a more structured way to communicate progress.",average,5,6,4,strong impact
1257,Tell me about a time you resolved a conflict with a teammate.,conflict,"This happened during a high-visibility project where the timeline and coordination really mattered. I first clarified the success criteria and the actual risk to the timeline I gathered missing context, aligned stakeholders on the tradeoffs, and drove a structured recovery plan. The team hit the revised milestone, reduced confusion, and my manager called out the clarity of the execution.",strong,10,7,7,
1258,Tell me about a time you had to deliver difficult information clearly.,communication,"I remember this happening in college, and I did not really have a clear plan at first. I made the tradeoffs explicit instead of assuming everyone interpreted the situation the same way The communication helped stakeholders make a timely decision and trust the rationale behind it I tried to respond quickly, but I did not really define the problem clearly. I tried to help and talk to people, but I was not very structured about it Things improved a little, but the result was not very strong and I learned I needed better structure.",weak,3,3,3,"decision rationale, result"
1259,Tell me about a time the obvious solution was not enough.,challenge,"I faced this situation during an internship when priorities shifted halfway through the work. I used the failed attempt as data instead of treating it as wasted effort I broke the problem into smaller actions, aligned with the team, and followed up on the next steps. The issue was resolved without a major delay, and I learned the value of clearer ownership up front.",average,6,4,4,strong impact
1260,Tell me about a time you had to step into a difficult team disagreement.,conflict,"I dealt with this in an internship where my work directly affected delivery for the broader team. During my internship, two teammates disagreed on how to split a feature for a release I gathered missing context, aligned stakeholders on the tradeoffs, and drove a structured recovery plan. We shipped without slipping the release and the team had a better way to escalate disagreements after that The team hit the revised milestone, reduced confusion, and my manager called out the clarity of the execution.",strong,10,10,8,deeper reflection
1261,Tell me about a time you started something useful on your own.,initiative,"This was during a team project and honestly things were already a bit messy. kind of, i did not wait for permission to do the discovery work, but I made sure to keep the actual owners informed People adopted the improvement quickly and it reduced repeated confusion across the group I tried to respond quickly, but I did not really define the problem clearly. basically, In a student project, I saw that the team kept losing time because the work tracker was outdated The situation settled down later, but it made me realize I needed to be more specific and organized.",weak,3,3,3,"clear structure, reflection"
1262,Describe a time you responded effectively to time pressure.,pressure,"I faced this situation during an internship when priorities shifted halfway through the work. honestly, we avoided a bigger failure by staying disciplined under pressure I broke the problem into smaller actions, aligned with the team, and followed up on the next steps. The project recovered, and people appreciated having a more structured way to communicate progress.",average,7,5,5,deeper ownership
1263,Describe a time two people on your team were not aligned and you helped.,conflict,"This happened during a high-visibility project where the timeline and coordination really mattered. In a college capstone project, design and engineering kept blaming each other for delays I clarified the success criteria, mapped the blockers, assigned clear owners, and set checkpoints to keep things moving. We delivered successfully with better coordination, and the process became a repeatable pattern for future projects.",strong,8,8,9,
1264,Tell me about a time you missed the mark.,failure,"This was during a team project and honestly things were already a bit messy. I turned the mistake into a concrete process change rather than treating it as a one-off problem It was uncomfortable, but it permanently improved how I scope and communicate work I did what I could in the moment, though I probably should have organized things better. I tried to help and talk to people, but I was not very structured about it We finished eventually, though the outcome was only okay and it showed me I should have communicated earlier.",weak,4,4,3,"clear structure, reflection"
1265,Tell me about a time you had to deliver difficult information clearly.,communication,"This happened during a project where expectations changed and the team had to adjust quickly. to be honest, i made the tradeoffs explicit instead of assuming everyone interpreted the situation the same way I broke the problem into smaller actions, aligned with the team, and followed up on the next steps. One thing I learned from that was that I needed to communicate earlier. We got the work back on track, and the team had a clearer way to handle similar situations after that.",average,7,6,6,strong impact
1266,Describe a time you had to collaborate across roles or backgrounds.,teamwork,"I dealt with this in an internship where my work directly affected delivery for the broader team. On a hackathon team, we had mixed experience levels and limited time to get aligned I gathered missing context, aligned stakeholders on the tradeoffs, and drove a structured recovery plan. I first clarified the success criteria and the actual risk to the timeline We recovered the timeline, improved alignment across the team, and reused the same approach in later work.",strong,9,7,9,
1267,Tell me about a time you collaborated effectively with others.,teamwork,"This came up during an internship task, and I was kind of figuring things out as I went. honestly, During my internship, engineering, design, and QA all depended on each other to ship one workflow I did what I could in the moment, though I probably should have organized things better. What made it harder was that not everyone was aligned at the beginning. Things improved a little, but the result was not very strong and I learned I needed better structure.",weak,3,2,3,"metrics, ownership"
1268,Tell me about a time pressure revealed your decision-making style.,pressure,"This happened during a project where expectations changed and the team had to adjust quickly. In a project presentation cycle, several problems surfaced right before the final deadline I listened to different viewpoints, summarized the tradeoffs, and helped the group agree on a practical action. The issue was resolved without a major delay, and I learned the value of clearer ownership up front.",average,5,4,4,strong impact
1269,Describe a time you managed risk during a very busy stretch.,pressure,"This happened during a high-visibility project where the timeline and coordination really mattered. We recovered enough to meet the key milestone, and I learned how much clarity matters when time is tight I created clarity around the problem, documented the decision path, and followed through until the outcome stabilized. I documented the decision path, followed up on ownership, and kept stakeholders aligned What made it harder was that not everyone was aligned at the beginning. We delivered successfully with better coordination, and the process became a repeatable pattern for future projects.",strong,7,10,9,deeper reflection
1270,Describe a time you underestimated something important.,failure,"This came up during an internship task, and I was kind of figuring things out as I went. kind of, During a hackathon follow-up, I focused too much on implementation and not enough on user testing I did what I could in the moment, though I probably should have organized things better. We finished eventually, though the outcome was only okay and it showed me I should have communicated earlier.",weak,4,2,2,"metrics, ownership"
1271,Describe a time you solved something more complex than expected.,challenge,"This example comes from a team assignment where we had a deadline and a few unresolved blockers. basically, i also kept the team updated so we could move forward without too much confusion I broke the problem into smaller actions, aligned with the team, and followed up on the next steps. During my internship, a workflow looked simple at first but had several hidden edge cases We got the work back on track, and the team had a clearer way to handle similar situations after that.",average,6,6,4,reflection
1272,Describe a time you stayed with a problem until it was fully resolved.,ownership,"I dealt with this in an internship where my work directly affected delivery for the broader team. I first clarified the success criteria and the actual risk to the timeline I gathered missing context, aligned stakeholders on the tradeoffs, and drove a structured recovery plan. I treated the end result as my responsibility, even when I needed help from several people to get there One thing I learned from that was that I needed to communicate earlier. We delivered successfully with better coordination, and the process became a repeatable pattern for future projects.",strong,10,7,9,deeper reflection
1273,Tell me about a time you noticed a gap and stepped in.,initiative,"I remember this happening in college, and I did not really have a clear plan at first. to be honest, During a campus event build, I noticed the onboarding material for new contributors was missing I tried to respond quickly, but I did not really define the problem clearly. I started small, collected feedback, and improved the idea before asking the full team to change habits The initiative improved delivery speed and made my work more trusted because it helped the whole team The tricky part was that the situation changed while we were already executing. We finished eventually, though the outcome was only okay and it showed me I should have communicated earlier.",weak,3,4,2,"context, result, specific actions"
1274,Describe a time a project lacked clear direction at first.,ambiguity,"This happened during a project where expectations changed and the team had to adjust quickly. to be honest, i turned ambiguity into smaller questions, gathered missing signals, and kept a visible list of assumptions I clarified the immediate issue, spoke with the people involved, and suggested a simple plan to move forward. I also kept the team updated so we could move forward without too much confusion The tricky part was that the situation changed while we were already executing. We got the work back on track, and the team had a clearer way to handle similar situations after that.",average,6,6,4,metrics
1275,Tell me about a time you stepped in because something needed a real owner.,ownership,"This situation came up during a cross-functional effort where I had to balance speed, clarity, and execution. kind of, during a release cycle, a handoff issue was hurting quality but was not clearly assigned to one person I clarified the success criteria, mapped the blockers, assigned clear owners, and set checkpoints to keep things moving. We recovered the timeline, improved alignment across the team, and reused the same approach in later work.",strong,7,9,7,
1276,Describe a time you owned a problem end to end.,ownership,"This was during a team project and honestly things were already a bit messy. I tried to help and talk to people, but I was not very structured about it I did what I could in the moment, though I probably should have organized things better. honestly, In a capstone project, one important task kept slipping because responsibility was fragmented We finished eventually, though the outcome was only okay and it showed me I should have communicated earlier.",weak,2,2,2,"metrics, ownership"
1277,Tell me about a time you took ownership of something important.,ownership,"I faced this situation during an internship when priorities shifted halfway through the work. to be honest, during an internship, a workflow had several owners on paper but no one was watching the full outcome I clarified the immediate issue, spoke with the people involved, and suggested a simple plan to move forward. I also kept the team updated so we could move forward without too much confusion What made it harder was that not everyone was aligned at the beginning. The project recovered, and people appreciated having a more structured way to communicate progress.",average,6,6,6,strong impact
1278,Describe a time you made progress with incomplete information.,ambiguity,"This situation came up during a cross-functional effort where I had to balance speed, clarity, and execution. It taught me that ambiguity is manageable when you turn it into smaller decisions and feedback loops I gathered missing context, aligned stakeholders on the tradeoffs, and drove a structured recovery plan. The team hit the revised milestone, reduced confusion, and my manager called out the clarity of the execution.",strong,7,7,8,
1279,Tell me about a time you had to stay calm in a stressful situation.,pressure,"I remember this happening in college, and I did not really have a clear plan at first. I tried to help and talk to people, but I was not very structured about it I mostly tried to help and talk through it, but I was not very structured. I made quick tradeoff decisions but explained them clearly so the team stayed aligned We avoided a bigger failure by staying disciplined under pressure The situation settled down later, but it made me realize I needed to be more specific and organized.",weak,3,3,3,"context, result, specific actions"
1280,Describe a time you improved outcomes by communicating better.,communication,"This example comes from a team assignment where we had a deadline and a few unresolved blockers. I thought carefully about what was important to say, what was noise, and what action the audience needed next I broke the problem into smaller actions, aligned with the team, and followed up on the next steps. We got the work back on track, and the team had a clearer way to handle similar situations after that.",average,6,4,6,reflection
1281,Describe a time you carried responsibility beyond your immediate task.,ownership,"I dealt with this in an internship where my work directly affected delivery for the broader team. At an internship, a recurring blocker sat between teams and was easy for everyone to partially ignore I created clarity around the problem, documented the decision path, and followed through until the outcome stabilized. The result was stronger because I stayed engaged after the first fix instead of assuming it was done We recovered the timeline, improved alignment across the team, and reused the same approach in later work.",strong,9,10,9,
1282,Describe a time you solved a problem before it became bigger.,initiative,"I remember this happening in college, and I did not really have a clear plan at first. basically, During my internship, I noticed repeated friction in the review process even though nobody had formally owned it I mostly tried to help and talk through it, but I was not very structured. Things improved a little, but the result was not very strong and I learned I needed better structure.",weak,3,3,2,"metrics, ownership"
1283,Tell me about a time you took initiative.,initiative,"This example comes from a team assignment where we had a deadline and a few unresolved blockers. I also kept the team updated so we could move forward without too much confusion I clarified the immediate issue, spoke with the people involved, and suggested a simple plan to move forward. During my internship, I noticed repeated friction in the review process even though nobody had formally owned it The tricky part was that the situation changed while we were already executing. We got the work back on track, and the team had a clearer way to handle similar situations after that.",average,6,6,4,deeper ownership
1284,Tell me about a difficult challenge you worked through.,challenge,"I dealt with this in an internship where my work directly affected delivery for the broader team. I documented the decision path, followed up on ownership, and kept stakeholders aligned I created clarity around the problem, documented the decision path, and followed through until the outcome stabilized. I stopped assuming the first path was correct and gathered evidence about what was actually failing Looking back, I would set expectations much sooner next time. The team hit the revised milestone, reduced confusion, and my manager called out the clarity of the execution.",strong,8,9,9,deeper reflection
1285,Tell me about a time you collaborated effectively with others.,teamwork,"I remember this happening in college, and I did not really have a clear plan at first. I made communication simpler by keeping one shared tracker, one update rhythm, and one source of truth We delivered a stronger result than any one person could have done alone, and the teamwork felt much more efficient by the end I tried to respond quickly, but I did not really define the problem clearly. honestly, During my internship, engineering, design, and QA all depended on each other to ship one workflow Looking back, I would set expectations much sooner next time. Things improved a little, but the result was not very strong and I learned I needed better structure.",weak,3,4,1,"decision rationale, result"
1286,Tell me about a time you faced a challenge that took persistence.,challenge,"This example comes from a team assignment where we had a deadline and a few unresolved blockers. kind of, during a team build, the integration problem was harder than what the initial plan assumed I listened to different viewpoints, summarized the tradeoffs, and helped the group agree on a practical action. I also kept the team updated so we could move forward without too much confusion The project recovered, and people appreciated having a more structured way to communicate progress.",average,5,5,6,strong impact
1287,Describe a time you did more than the assigned work because it mattered.,initiative,"I dealt with this in an internship where my work directly affected delivery for the broader team. The initiative improved delivery speed and made my work more trusted because it helped the whole team I gathered missing context, aligned stakeholders on the tradeoffs, and drove a structured recovery plan. The team hit the revised milestone, reduced confusion, and my manager called out the clarity of the execution.",strong,10,7,7,deeper reflection
1288,Describe a time you had to explain something complex clearly.,communication,"I remember this happening in college, and I did not really have a clear plan at first. I tried to help and talk to people, but I was not very structured about it I tried to respond quickly, but I did not really define the problem clearly. What made it harder was that not everyone was aligned at the beginning. Things improved a little, but the result was not very strong and I learned I needed better structure.",weak,3,4,2,"decision rationale, result"
1289,Tell me about a time you aligned people through communication.,communication,"This happened during a project where expectations changed and the team had to adjust quickly. I also kept the team updated so we could move forward without too much confusion I broke the problem into smaller actions, aligned with the team, and followed up on the next steps. The project recovered, and people appreciated having a more structured way to communicate progress.",average,6,4,5,reflection
1290,Describe a time conflict made execution harder than it should have been.,conflict,"This happened during a high-visibility project where the timeline and coordination really mattered. to be honest, the team regained momentum, and the lead later reused the same alignment format for future disputes I gathered missing context, aligned stakeholders on the tradeoffs, and drove a structured recovery plan. At an internship, code review comments became defensive and slowed the merge process We delivered successfully with better coordination, and the process became a repeatable pattern for future projects.",strong,10,10,8,
1291,Tell me about a time you missed the mark.,failure,"This came up during an internship task, and I was kind of figuring things out as I went. I tried to help and talk to people, but I was not very structured about it I did what I could in the moment, though I probably should have organized things better. Things improved a little, but the result was not very strong and I learned I needed better structure.",weak,3,3,2,"clear structure, reflection"
1292,Describe a mistake you would handle differently now.,failure,"This happened during a project where expectations changed and the team had to adjust quickly. to be honest, i earned trust back by being accountable and applying the lesson in the next project I listened to different viewpoints, summarized the tradeoffs, and helped the group agree on a practical action. The issue was resolved without a major delay, and I learned the value of clearer ownership up front.",average,6,5,6,deeper ownership
1293,Describe a time your ownership improved the final result.,ownership,"This happened during a high-visibility project where the timeline and coordination really mattered. In a student project, the final delivery risk was spread out enough that nobody was truly tracking it I gathered missing context, aligned stakeholders on the tradeoffs, and drove a structured recovery plan. I documented the decision path, followed up on ownership, and kept stakeholders aligned The team hit the revised milestone, reduced confusion, and my manager called out the clarity of the execution.",strong,8,10,10,deeper reflection
1294,Tell me about a time you collaborated effectively with others.,teamwork,"I remember this happening in college, and I did not really have a clear plan at first. I tried to help and talk to people, but I was not very structured about it I did what I could in the moment, though I probably should have organized things better. I made communication simpler by keeping one shared tracker, one update rhythm, and one source of truth We delivered a stronger result than any one person could have done alone, and the teamwork felt much more efficient by the end We finished eventually, though the outcome was only okay and it showed me I should have communicated earlier.",weak,4,2,2,"context, result, specific actions"
1295,Tell me about a time you worked through ambiguity.,ambiguity,"This example comes from a team assignment where we had a deadline and a few unresolved blockers. if I am being real, i also kept the team updated so we could move forward without too much confusion I listened to different viewpoints, summarized the tradeoffs, and helped the group agree on a practical action. I turned ambiguity into smaller questions, gathered missing signals, and kept a visible list of assumptions The project recovered, and people appreciated having a more structured way to communicate progress.",average,6,6,5,strong impact
1296,Describe a time the first solution did not work.,challenge,"This happened during a high-visibility project where the timeline and coordination really mattered. We delivered a stable outcome after reworking the plan, and that prevented repeat issues later I gathered missing context, aligned stakeholders on the tradeoffs, and drove a structured recovery plan. I documented the decision path, followed up on ownership, and kept stakeholders aligned We recovered the timeline, improved alignment across the team, and reused the same approach in later work.",strong,7,7,8,deeper reflection
1297,Describe a time a deadline or high-stakes situation tested you.,pressure,"This came up during an internship task, and I was kind of figuring things out as I went. honestly, In a project presentation cycle, several problems surfaced right before the final deadline I mostly tried to help and talk through it, but I was not very structured. I kept updates short and frequent so nobody wasted time guessing about the status The pressure was real, but the team stayed coordinated because the priorities were clear One thing I learned from that was that I needed to communicate earlier. Things improved a little, but the result was not very strong and I learned I needed better structure.",weak,4,2,3,"metrics, ownership"
1298,Tell me about a time you had to balance different opinions on a team.,conflict,"This happened during a project where expectations changed and the team had to adjust quickly. kind of, i set up a short alignment meeting, wrote down the tradeoffs, and pushed the team toward one decision we could all support I clarified the immediate issue, spoke with the people involved, and suggested a simple plan to move forward. One thing I learned from that was that I needed to communicate earlier. The issue was resolved without a major delay, and I learned the value of clearer ownership up front.",average,7,6,6,deeper ownership
1299,Tell me about a time you took accountability for a messy situation.,ownership,"This happened during a high-visibility project where the timeline and coordination really mattered. to be honest, the delivery quality improved, and the team had more confidence because ownership was visible I clarified the success criteria, mapped the blockers, assigned clear owners, and set checkpoints to keep things moving. I first clarified the success criteria and the actual risk to the timeline The team hit the revised milestone, reduced confusion, and my manager called out the clarity of the execution.",strong,10,7,9,
1300,Tell me about a time you led without formal authority.,leadership,"This was during a team project and honestly things were already a bit messy. I created a visible plan with milestones, owners, and check-in points so everyone could see where we stood The team delivered on time and people kept using the structure I introduced even after the project milestone I tried to respond quickly, but I did not really define the problem clearly. One thing I learned from that was that I needed to communicate earlier. The situation settled down later, but it made me realize I needed to be more specific and organized.",weak,4,3,3,"decision rationale, result"
1301,Tell me about a time you collaborated effectively with others.,teamwork,"I faced this situation during an internship when priorities shifted halfway through the work. basically, we delivered a stronger result than any one person could have done alone, and the teamwork felt much more efficient by the end I broke the problem into smaller actions, aligned with the team, and followed up on the next steps. I made communication simpler by keeping one shared tracker, one update rhythm, and one source of truth The project recovered, and people appreciated having a more structured way to communicate progress.",average,5,6,5,deeper ownership
1302,Tell me about a time teamwork helped solve a difficult problem.,teamwork,"This situation came up during a cross-functional effort where I had to balance speed, clarity, and execution. I first clarified the success criteria and the actual risk to the timeline I gathered missing context, aligned stakeholders on the tradeoffs, and drove a structured recovery plan. We delivered successfully with better coordination, and the process became a repeatable pattern for future projects.",strong,8,7,7,deeper reflection
1303,Tell me about a time you started something useful on your own.,initiative,"This was during a team project and honestly things were already a bit messy. I tried to help and talk to people, but I was not very structured about it I did what I could in the moment, though I probably should have organized things better. basically, In a student project, I saw that the team kept losing time because the work tracker was outdated We finished eventually, though the outcome was only okay and it showed me I should have communicated earlier.",weak,3,2,3,"metrics, ownership"
1304,Describe a time the first solution did not work.,challenge,"I faced this situation during an internship when priorities shifted halfway through the work. At an internship, a performance issue appeared only under realistic load I listened to different viewpoints, summarized the tradeoffs, and helped the group agree on a practical action. We delivered a stable outcome after reworking the plan, and that prevented repeat issues later We got the work back on track, and the team had a clearer way to handle similar situations after that.",average,7,5,6,metrics
1305,Tell me about a time you had to deliver difficult information clearly.,communication,"I dealt with this in an internship where my work directly affected delivery for the broader team. I made the tradeoffs explicit instead of assuming everyone interpreted the situation the same way I created clarity around the problem, documented the decision path, and followed through until the outcome stabilized. I first clarified the success criteria and the actual risk to the timeline The tricky part was that the situation changed while we were already executing. The team hit the revised milestone, reduced confusion, and my manager called out the clarity of the execution.",strong,7,7,7,
1306,Tell me about a time you had to move without a full answer.,ambiguity,"I remember this happening in college, and I did not really have a clear plan at first. I checked in often with stakeholders so the direction became sharper as evidence improved The ambiguity did not disappear immediately, but we created enough structure to execute confidently I did what I could in the moment, though I probably should have organized things better. We finished eventually, though the outcome was only okay and it showed me I should have communicated earlier.",weak,2,3,3,"metrics, ownership"
1307,Describe a time your plan did not work.,failure,"This happened during a project where expectations changed and the team had to adjust quickly. kind of, i also kept the team updated so we could move forward without too much confusion I broke the problem into smaller actions, aligned with the team, and followed up on the next steps. The project recovered, and people appreciated having a more structured way to communicate progress.",average,6,4,4,reflection
1308,Tell me about a time you missed the mark.,failure,"This happened during a high-visibility project where the timeline and coordination really mattered. honestly, i turned the mistake into a concrete process change rather than treating it as a one-off problem I gathered missing context, aligned stakeholders on the tradeoffs, and drove a structured recovery plan. I documented the decision path, followed up on ownership, and kept stakeholders aligned We delivered successfully with better coordination, and the process became a repeatable pattern for future projects.",strong,7,10,7,
1309,Tell me about a time you created structure in an ambiguous situation.,ambiguity,"I remember this happening in college, and I did not really have a clear plan at first. basically, kind of, In a student build, feedback kept changing while implementation had already started I mostly tried to help and talk through it, but I was not very structured. I focused on reducing risk while still moving forward, not on pretending the uncertainty did not exist It taught me that ambiguity is manageable when you turn it into smaller decisions and feedback loops Things improved a little, but the result was not very strong and I learned I needed better structure.",weak,2,3,3,"context, result, specific actions"
1310,Tell me about a time you aligned people through communication.,communication,"I faced this situation during an internship when priorities shifted halfway through the work. basically, i summarized key points in writing afterward so the alignment did not disappear after the meeting I broke the problem into smaller actions, aligned with the team, and followed up on the next steps. The issue was resolved without a major delay, and I learned the value of clearer ownership up front.",average,6,6,6,reflection
1311,Tell me about a time you stepped in because something needed a real owner.,ownership,"I dealt with this in an internship where my work directly affected delivery for the broader team. During a release cycle, a handoff issue was hurting quality but was not clearly assigned to one person I gathered missing context, aligned stakeholders on the tradeoffs, and drove a structured recovery plan. The problem stopped bouncing between people and the resolution happened faster The team hit the revised milestone, reduced confusion, and my manager called out the clarity of the execution.",strong,8,9,9,
1312,Describe a challenge that made you change course.,challenge,"I remember this happening in college, and I did not really have a clear plan at first. I balanced persistence with realism, which meant changing the design once the facts clearly supported it The final solution held up well because we iterated instead of forcing the first design I tried to respond quickly, but I did not really define the problem clearly. I tried to help and talk to people, but I was not very structured about it The situation settled down later, but it made me realize I needed to be more specific and organized.",weak,3,3,2,"metrics, ownership"
1313,Tell me about a time you had to step into a difficult team disagreement.,conflict,"This example comes from a team assignment where we had a deadline and a few unresolved blockers. kind of, during my internship, two teammates disagreed on how to split a feature for a release I listened to different viewpoints, summarized the tradeoffs, and helped the group agree on a practical action. We shipped without slipping the release and the team had a better way to escalate disagreements after that We got the work back on track, and the team had a clearer way to handle similar situations after that.",average,6,6,6,metrics
1314,Tell me about a challenge that required iteration.,challenge,"I dealt with this in an internship where my work directly affected delivery for the broader team. basically, i documented the decision path, followed up on ownership, and kept stakeholders aligned I created clarity around the problem, documented the decision path, and followed through until the outcome stabilized. The team hit the revised milestone, reduced confusion, and my manager called out the clarity of the execution.",strong,7,7,9,
1315,Describe a time a message had to be adjusted for the audience.,communication,"This came up during an internship task, and I was kind of figuring things out as I went. I tried to help and talk to people, but I was not very structured about it I mostly tried to help and talk through it, but I was not very structured. Things improved a little, but the result was not very strong and I learned I needed better structure.",weak,3,4,2,"context, result, specific actions"
1316,Tell me about a time you had to rethink your approach to a challenge.,challenge,"I faced this situation during an internship when priorities shifted halfway through the work. kind of, the final solution held up well because we iterated instead of forcing the first design I listened to different viewpoints, summarized the tradeoffs, and helped the group agree on a practical action. We got the work back on track, and the team had a clearer way to handle similar situations after that.",average,5,5,4,metrics
1317,Walk me through a time team tension affected delivery.,conflict,"I dealt with this in an internship where my work directly affected delivery for the broader team. I documented the decision path, followed up on ownership, and kept stakeholders aligned I clarified the success criteria, mapped the blockers, assigned clear owners, and set checkpoints to keep things moving. On a student product team, two contributors wanted different priorities for the same sprint The team hit the revised milestone, reduced confusion, and my manager called out the clarity of the execution.",strong,7,9,7,
1318,Describe a time you made progress with incomplete information.,ambiguity,"I remember this happening in college, and I did not really have a clear plan at first. basically, In a student build, feedback kept changing while implementation had already started I tried to respond quickly, but I did not really define the problem clearly. The situation settled down later, but it made me realize I needed to be more specific and organized.",weak,4,3,2,"context, result, specific actions"
1319,Tell me about a time you had to define the path yourself.,ambiguity,"This example comes from a team assignment where we had a deadline and a few unresolved blockers. The team avoided paralysis, validated the right path early, and saved time later I broke the problem into smaller actions, aligned with the team, and followed up on the next steps. The issue was resolved without a major delay, and I learned the value of clearer ownership up front.",average,6,4,5,reflection
1320,Describe a time changing information made planning harder.,ambiguity,"This situation came up during a cross-functional effort where I had to balance speed, clarity, and execution. kind of, i checked in often with stakeholders so the direction became sharper as evidence improved I created clarity around the problem, documented the decision path, and followed through until the outcome stabilized. We recovered the timeline, improved alignment across the team, and reused the same approach in later work.",strong,10,7,10,deeper reflection
1321,Tell me about a time you identified an issue early and acted.,initiative,"I remember this happening in college, and I did not really have a clear plan at first. honestly, to be honest, At an internship, I saw a recurring communication gap between the feature owner and implementers I mostly tried to help and talk through it, but I was not very structured. What made it harder was that not everyone was aligned at the beginning. The situation settled down later, but it made me realize I needed to be more specific and organized.",weak,4,3,1,"context, result, specific actions"
1322,Tell me about a time you had to rethink your approach to a challenge.,challenge,"This example comes from a team assignment where we had a deadline and a few unresolved blockers. In a student product project, a dependency behaved differently from the documentation I clarified the immediate issue, spoke with the people involved, and suggested a simple plan to move forward. I also kept the team updated so we could move forward without too much confusion Looking back, I would set expectations much sooner next time. We got the work back on track, and the team had a clearer way to handle similar situations after that.",average,6,4,6,deeper ownership
1323,Describe a time you underestimated something important.,failure,"This happened during a high-visibility project where the timeline and coordination really mattered. honestly, i documented the decision path, followed up on ownership, and kept stakeholders aligned I clarified the success criteria, mapped the blockers, assigned clear owners, and set checkpoints to keep things moving. During a hackathon follow-up, I focused too much on implementation and not enough on user testing We delivered successfully with better coordination, and the process became a repeatable pattern for future projects.",strong,8,7,9,
1324,Tell me about a time you made sure nothing fell through the cracks.,ownership,"This came up during an internship task, and I was kind of figuring things out as I went. I tried to help and talk to people, but I was not very structured about it I did what I could in the moment, though I probably should have organized things better. I pushed past the easy handoff point and stayed engaged until the downstream impact looked healthy too The result was stronger because I stayed engaged after the first fix instead of assuming it was done The situation settled down later, but it made me realize I needed to be more specific and organized.",weak,3,2,2,"context, result, specific actions"
1325,Tell me about a time you stepped up and led an effort.,leadership,"This example comes from a team assignment where we had a deadline and a few unresolved blockers. The group became more aligned, and our output quality improved because ownership was visible I listened to different viewpoints, summarized the tradeoffs, and helped the group agree on a practical action. I also kept the team updated so we could move forward without too much confusion The project recovered, and people appreciated having a more structured way to communicate progress.",average,5,4,4,metrics
1326,Describe a time urgent work forced you to prioritize carefully.,pressure,"I dealt with this in an internship where my work directly affected delivery for the broader team. I first clarified the success criteria and the actual risk to the timeline I created clarity around the problem, documented the decision path, and followed through until the outcome stabilized. I stayed calm, documented the options, and asked for help where it would change the outcome fastest We recovered the timeline, improved alignment across the team, and reused the same approach in later work.",strong,10,7,9,
1327,Describe a time you created alignment across multiple people.,leadership,"I remember this happening in college, and I did not really have a clear plan at first. I tried to help and talk to people, but I was not very structured about it I tried to respond quickly, but I did not really define the problem clearly. kind of, During an internship, a feature had many moving parts but no clear day-to-day coordinator The tricky part was that the situation changed while we were already executing. The situation settled down later, but it made me realize I needed to be more specific and organized.",weak,2,2,1,"metrics, ownership"
1328,Tell me about a time poor communication could have caused a problem.,communication,"I faced this situation during an internship when priorities shifted halfway through the work. honestly, i thought carefully about what was important to say, what was noise, and what action the audience needed next I clarified the immediate issue, spoke with the people involved, and suggested a simple plan to move forward. I also kept the team updated so we could move forward without too much confusion We got the work back on track, and the team had a clearer way to handle similar situations after that.",average,6,4,6,metrics
1329,Describe a time you had to learn your way through a problem.,challenge,"This happened during a high-visibility project where the timeline and coordination really mattered. I documented the decision path, followed up on ownership, and kept stakeholders aligned I gathered missing context, aligned stakeholders on the tradeoffs, and drove a structured recovery plan. The challenge improved my problem-solving habits because I became more evidence-driven Looking back, I would set expectations much sooner next time. We delivered successfully with better coordination, and the process became a repeatable pattern for future projects.",strong,9,7,9,
1330,Tell me about a time you worked through ambiguity.,ambiguity,"This was during a team project and honestly things were already a bit messy. I tried to help and talk to people, but I was not very structured about it I mostly tried to help and talk through it, but I was not very structured. kind of, During an internship, a project started before the requirements were fully settled Looking back, I would set expectations much sooner next time. The situation settled down later, but it made me realize I needed to be more specific and organized.",weak,4,2,1,"clear structure, reflection"
1331,Tell me about a time you improved the way a team worked together.,teamwork,"This happened during a project where expectations changed and the team had to adjust quickly. basically, i also kept the team updated so we could move forward without too much confusion I broke the problem into smaller actions, aligned with the team, and followed up on the next steps. I focused on helping the team unblock quickly instead of only finishing my own part We got the work back on track, and the team had a clearer way to handle similar situations after that.",average,6,5,4,strong impact
1332,Describe a time a hard problem pushed you out of your comfort zone.,challenge,"This situation came up during a cross-functional effort where I had to balance speed, clarity, and execution. to be honest, i documented the decision path, followed up on ownership, and kept stakeholders aligned I created clarity around the problem, documented the decision path, and followed through until the outcome stabilized. In a class project, our first design failed once we tested it with real users We recovered the timeline, improved alignment across the team, and reused the same approach in later work.",strong,10,8,8,
1333,Tell me about a time you had to step into a difficult team disagreement.,conflict,"I remember this happening in college, and I did not really have a clear plan at first. honestly, During my internship, two teammates disagreed on how to split a feature for a release I tried to respond quickly, but I did not really define the problem clearly. I spoke to both sides separately first, then reframed the issue around the shared deadline and user impact We shipped without slipping the release and the team had a better way to escalate disagreements after that Looking back, I would set expectations much sooner next time. The situation settled down later, but it made me realize I needed to be more specific and organized.",weak,3,3,2,"decision rationale, result"
1334,Describe a time you proactively improved team execution.,initiative,"This example comes from a team assignment where we had a deadline and a few unresolved blockers. In a class project, repeated setup issues were wasting time for new teammates I broke the problem into smaller actions, aligned with the team, and followed up on the next steps. I also kept the team updated so we could move forward without too much confusion We got the work back on track, and the team had a clearer way to handle similar situations after that.",average,7,6,6,reflection
1335,Tell me about a time you worked through ambiguity.,ambiguity,"This situation came up during a cross-functional effort where I had to balance speed, clarity, and execution. basically, during an internship, a project started before the requirements were fully settled I clarified the success criteria, mapped the blockers, assigned clear owners, and set checkpoints to keep things moving. The team hit the revised milestone, reduced confusion, and my manager called out the clarity of the execution.",strong,9,9,9,deeper reflection
1336,Describe a time your plan did not work.,failure,"This came up during an internship task, and I was kind of figuring things out as I went. basically, i tried to help and talk to people, but I was not very structured about it I tried to respond quickly, but I did not really define the problem clearly. basically, At school, I took on too much work personally instead of distributing it earlier Looking back, I would set expectations much sooner next time. The situation settled down later, but it made me realize I needed to be more specific and organized.",weak,4,3,3,"metrics, ownership"
1337,Describe a time you created alignment across multiple people.,leadership,"This example comes from a team assignment where we had a deadline and a few unresolved blockers. I also kept the team updated so we could move forward without too much confusion I broke the problem into smaller actions, aligned with the team, and followed up on the next steps. The team delivered on time and people kept using the structure I introduced even after the project milestone The issue was resolved without a major delay, and I learned the value of clearer ownership up front.",average,7,6,5,deeper ownership
1338,Tell me about a time the obvious solution was not enough.,challenge,"This situation came up during a cross-functional effort where I had to balance speed, clarity, and execution. I used the failed attempt as data instead of treating it as wasted effort I clarified the success criteria, mapped the blockers, assigned clear owners, and set checkpoints to keep things moving. I documented the decision path, followed up on ownership, and kept stakeholders aligned The team hit the revised milestone, reduced confusion, and my manager called out the clarity of the execution.",strong,9,8,9,deeper reflection
1339,Tell me about a time you had to deliver while things felt chaotic.,pressure,"I remember this happening in college, and I did not really have a clear plan at first. honestly, kind of, During a sprint, a production-like bug appeared while other commitments were already heavy I tried to respond quickly, but I did not really define the problem clearly. We finished eventually, though the outcome was only okay and it showed me I should have communicated earlier.",weak,4,4,2,"decision rationale, result"
1340,Describe a time you proactively improved team execution.,initiative,"This happened during a project where expectations changed and the team had to adjust quickly. I also kept the team updated so we could move forward without too much confusion I broke the problem into smaller actions, aligned with the team, and followed up on the next steps. It improved the workflow enough that later teammates continued using it We got the work back on track, and the team had a clearer way to handle similar situations after that.",average,6,4,4,metrics
1341,Describe a time you stayed with a problem until it was fully resolved.,ownership,"This situation came up during a cross-functional effort where I had to balance speed, clarity, and execution. I first clarified the success criteria and the actual risk to the timeline I gathered missing context, aligned stakeholders on the tradeoffs, and drove a structured recovery plan. I treated the end result as my responsibility, even when I needed help from several people to get there One thing I learned from that was that I needed to communicate earlier. We delivered successfully with better coordination, and the process became a repeatable pattern for future projects.",strong,10,8,7,deeper reflection
1342,Tell me about a time you failed and what you learned.,failure,"This was during a team project and honestly things were already a bit messy. honestly, During an internship, I underestimated how much validation a feature needed before rollout I did what I could in the moment, though I probably should have organized things better. I tried to help and talk to people, but I was not very structured about it Things improved a little, but the result was not very strong and I learned I needed better structure.",weak,2,2,3,"context, result, specific actions"
1343,Describe a time a message had to be adjusted for the audience.,communication,"I faced this situation during an internship when priorities shifted halfway through the work. honestly, i made the tradeoffs explicit instead of assuming everyone interpreted the situation the same way I listened to different viewpoints, summarized the tradeoffs, and helped the group agree on a practical action. I also kept the team updated so we could move forward without too much confusion What made it harder was that not everyone was aligned at the beginning. The issue was resolved without a major delay, and I learned the value of clearer ownership up front.",average,7,6,5,metrics
1344,Tell me about a time you resolved a conflict with a teammate.,conflict,"This happened during a high-visibility project where the timeline and coordination really mattered. I spoke to both sides separately first, then reframed the issue around the shared deadline and user impact I gathered missing context, aligned stakeholders on the tradeoffs, and drove a structured recovery plan. We delivered successfully with better coordination, and the process became a repeatable pattern for future projects.",strong,8,9,10,deeper reflection
1345,Tell me about a time you had to deliver difficult information clearly.,communication,"I remember this happening in college, and I did not really have a clear plan at first. I made the tradeoffs explicit instead of assuming everyone interpreted the situation the same way The communication helped stakeholders make a timely decision and trust the rationale behind it I tried to respond quickly, but I did not really define the problem clearly. honestly, At an internship, a vague update caused confusion about whether a blocker was resolved Looking back, I would set expectations much sooner next time. We finished eventually, though the outcome was only okay and it showed me I should have communicated earlier.",weak,3,2,3,"metrics, ownership"
1346,Describe a time you did more than the assigned work because it mattered.,initiative,"This happened during a project where expectations changed and the team had to adjust quickly. honestly, i also kept the team updated so we could move forward without too much confusion I broke the problem into smaller actions, aligned with the team, and followed up on the next steps. I started small, collected feedback, and improved the idea before asking the full team to change habits What made it harder was that not everyone was aligned at the beginning. The issue was resolved without a major delay, and I learned the value of clearer ownership up front.",average,5,6,4,deeper ownership
1347,Tell me about a time you had to repair a working relationship.,conflict,"I dealt with this in an internship where my work directly affected delivery for the broader team. honestly, the team regained momentum, and the lead later reused the same alignment format for future disputes I created clarity around the problem, documented the decision path, and followed through until the outcome stabilized. I first clarified the success criteria and the actual risk to the timeline The team hit the revised milestone, reduced confusion, and my manager called out the clarity of the execution.",strong,8,7,10,deeper reflection
1348,Tell me about a time you created value without formal ownership.,initiative,"This was during a team project and honestly things were already a bit messy. if I am being real, basically, In a class project, repeated setup issues were wasting time for new teammates I tried to respond quickly, but I did not really define the problem clearly. I focused on removing friction that affected multiple people instead of just optimizing my own workflow It improved the workflow enough that later teammates continued using it Things improved a little, but the result was not very strong and I learned I needed better structure.",weak,2,3,2,"context, result, specific actions"
1349,Tell me about a time you identified an issue early and acted.,initiative,"This example comes from a team assignment where we had a deadline and a few unresolved blockers. I kept the solution practical because I wanted it to be used, not just admired I clarified the immediate issue, spoke with the people involved, and suggested a simple plan to move forward. The fix was simple but high leverage, which taught me that initiative works best when it is practical The issue was resolved without a major delay, and I learned the value of clearer ownership up front.",average,6,4,4,deeper ownership
1350,Describe a time you led execution when the team needed clarity.,leadership,"This happened during a high-visibility project where the timeline and coordination really mattered. We hit the target with less last-minute churn than expected I clarified the success criteria, mapped the blockers, assigned clear owners, and set checkpoints to keep things moving. We delivered successfully with better coordination, and the process became a repeatable pattern for future projects.",strong,9,8,10,
1351,Tell me about a time you treated the result as your responsibility.,ownership,"This was during a team project and honestly things were already a bit messy. kind of, kind of, In a student project, the final delivery risk was spread out enough that nobody was truly tracking it I tried to respond quickly, but I did not really define the problem clearly. The tricky part was that the situation changed while we were already executing. We finished eventually, though the outcome was only okay and it showed me I should have communicated earlier.",weak,2,3,3,"metrics, ownership"
1352,Tell me about a time the obvious solution was not enough.,challenge,"This example comes from a team assignment where we had a deadline and a few unresolved blockers. I used the failed attempt as data instead of treating it as wasted effort I clarified the immediate issue, spoke with the people involved, and suggested a simple plan to move forward. What made it harder was that not everyone was aligned at the beginning. The issue was resolved without a major delay, and I learned the value of clearer ownership up front.",average,5,5,6,metrics
1353,Tell me about a time you had to rethink your approach to a challenge.,challenge,"This happened during a high-visibility project where the timeline and coordination really mattered. I balanced persistence with realism, which meant changing the design once the facts clearly supported it I gathered missing context, aligned stakeholders on the tradeoffs, and drove a structured recovery plan. I documented the decision path, followed up on ownership, and kept stakeholders aligned What made it harder was that not everyone was aligned at the beginning. The team hit the revised milestone, reduced confusion, and my manager called out the clarity of the execution.",strong,7,10,8,
1354,Tell me about a time you took ownership of something important.,ownership,"I remember this happening in college, and I did not really have a clear plan at first. basically, i tried to help and talk to people, but I was not very structured about it I did what I could in the moment, though I probably should have organized things better. I treated the end result as my responsibility, even when I needed help from several people to get there The issue was resolved more completely because someone was finally watching it end to end We finished eventually, though the outcome was only okay and it showed me I should have communicated earlier.",weak,2,4,1,"decision rationale, result"
1355,Describe a time you had to learn your way through a problem.,challenge,"This example comes from a team assignment where we had a deadline and a few unresolved blockers. During a team build, the integration problem was harder than what the initial plan assumed I clarified the immediate issue, spoke with the people involved, and suggested a simple plan to move forward. I kept the team informed when I needed to change direction so nobody planned around old assumptions We got the work back on track, and the team had a clearer way to handle similar situations after that.",average,6,6,6,strong impact
1356,Tell me about a time you had to keep a team moving during disagreement.,conflict,"I dealt with this in an internship where my work directly affected delivery for the broader team. honestly, during a hackathon follow-up project, communication friction started affecting handoffs I clarified the success criteria, mapped the blockers, assigned clear owners, and set checkpoints to keep things moving. What made it harder was that not everyone was aligned at the beginning. The team hit the revised milestone, reduced confusion, and my manager called out the clarity of the execution.",strong,9,9,7,
1357,Describe a time you went beyond execution and owned the outcome.,ownership,"This was during a team project and honestly things were already a bit messy. kind of, basically, During a release cycle, a handoff issue was hurting quality but was not clearly assigned to one person I did what I could in the moment, though I probably should have organized things better. I made ownership explicit, closed loops with others, and did not assume silence meant things were handled The problem stopped bouncing between people and the resolution happened faster The situation settled down later, but it made me realize I needed to be more specific and organized.",weak,4,2,3,"decision rationale, result"
1358,Describe a time you did more than the assigned work because it mattered.,initiative,"This example comes from a team assignment where we had a deadline and a few unresolved blockers. I started small, collected feedback, and improved the idea before asking the full team to change habits I broke the problem into smaller actions, aligned with the team, and followed up on the next steps. I also kept the team updated so we could move forward without too much confusion The issue was resolved without a major delay, and I learned the value of clearer ownership up front.",average,5,5,4,deeper ownership
1359,Tell me about a time you had to keep a team moving during disagreement.,conflict,"This happened during a high-visibility project where the timeline and coordination really mattered. if I am being real, i followed up after the meeting to make sure the tension did not quietly return during execution I clarified the success criteria, mapped the blockers, assigned clear owners, and set checkpoints to keep things moving. I first clarified the success criteria and the actual risk to the timeline One thing I learned from that was that I needed to communicate earlier. We recovered the timeline, improved alignment across the team, and reused the same approach in later work.",strong,9,9,10,
1360,Describe a time you solved something more complex than expected.,challenge,"I remember this happening in college, and I did not really have a clear plan at first. if I am being real, i stopped assuming the first path was correct and gathered evidence about what was actually failing We solved the challenge with a stronger approach, and the later solution was much more reliable than the first idea I did what I could in the moment, though I probably should have organized things better. kind of, During my internship, a workflow looked simple at first but had several hidden edge cases One thing I learned from that was that I needed to communicate earlier. Things improved a little, but the result was not very strong and I learned I needed better structure.",weak,2,4,3,"context, result, specific actions"
1361,Tell me about a time pressure revealed your decision-making style.,pressure,"I faced this situation during an internship when priorities shifted halfway through the work. honestly, i kept updates short and frequent so nobody wasted time guessing about the status I listened to different viewpoints, summarized the tradeoffs, and helped the group agree on a practical action. What made it harder was that not everyone was aligned at the beginning. We got the work back on track, and the team had a clearer way to handle similar situations after that.",average,6,5,6,metrics
1362,Tell me about a time you had to deliver difficult information clearly.,communication,"This happened during a high-visibility project where the timeline and coordination really mattered. if I am being real, i made the tradeoffs explicit instead of assuming everyone interpreted the situation the same way I clarified the success criteria, mapped the blockers, assigned clear owners, and set checkpoints to keep things moving. The communication helped stakeholders make a timely decision and trust the rationale behind it We recovered the timeline, improved alignment across the team, and reused the same approach in later work.",strong,10,9,10,deeper reflection
1363,Tell me about a time your communication made a difference.,communication,"This was during a team project and honestly things were already a bit messy. honestly, i tried to help and talk to people, but I was not very structured about it I mostly tried to help and talk through it, but I was not very structured. I adjusted the level of detail for the audience and focused on the decision they actually needed to make People aligned faster, the decision moved forward, and confusion dropped after the conversation Things improved a little, but the result was not very strong and I learned I needed better structure.",weak,4,3,1,"decision rationale, result"
1364,Tell me about a time you organized others around a goal.,leadership,"I faced this situation during an internship when priorities shifted halfway through the work. On a capstone team, we were close to deadline and needed clearer execution ownership I listened to different viewpoints, summarized the tradeoffs, and helped the group agree on a practical action. The issue was resolved without a major delay, and I learned the value of clearer ownership up front.",average,5,6,5,reflection
1365,Describe a time you had to learn your way through a problem.,challenge,"I dealt with this in an internship where my work directly affected delivery for the broader team. I documented the decision path, followed up on ownership, and kept stakeholders aligned I gathered missing context, aligned stakeholders on the tradeoffs, and drove a structured recovery plan. I kept the team informed when I needed to change direction so nobody planned around old assumptions The team hit the revised milestone, reduced confusion, and my manager called out the clarity of the execution.",strong,8,9,8,
1366,Describe a time you had to simplify technical detail for others.,communication,"This was during a team project and honestly things were already a bit messy. I tried to help and talk to people, but I was not very structured about it I mostly tried to help and talk through it, but I was not very structured. The situation settled down later, but it made me realize I needed to be more specific and organized.",weak,3,3,1,"clear structure, reflection"
1367,Tell me about a time you handled pressure without losing focus.,pressure,"This happened during a project where expectations changed and the team had to adjust quickly. We recovered enough to meet the key milestone, and I learned how much clarity matters when time is tight I listened to different viewpoints, summarized the tradeoffs, and helped the group agree on a practical action. At a student event, last-minute changes forced the team to reorganize work quickly The tricky part was that the situation changed while we were already executing. The issue was resolved without a major delay, and I learned the value of clearer ownership up front.",average,7,5,5,deeper ownership
1368,Describe a time intense deadlines changed how you worked.,pressure,"This happened during a high-visibility project where the timeline and coordination really mattered. I documented the decision path, followed up on ownership, and kept stakeholders aligned I gathered missing context, aligned stakeholders on the tradeoffs, and drove a structured recovery plan. We recovered the timeline, improved alignment across the team, and reused the same approach in later work.",strong,8,10,10,deeper reflection
1369,Describe a time intense deadlines changed how you worked.,pressure,"This was during a team project and honestly things were already a bit messy. I tried to help and talk to people, but I was not very structured about it I tried to respond quickly, but I did not really define the problem clearly. basically, During an internship release week, we discovered a blocking issue shortly before a demo The tricky part was that the situation changed while we were already executing. Things improved a little, but the result was not very strong and I learned I needed better structure.",weak,2,3,1,"context, result, specific actions"
1370,Describe a time you led execution when the team needed clarity.,leadership,"This happened during a project where expectations changed and the team had to adjust quickly. I documented decisions and followed through on the details so the momentum did not fade after meetings I clarified the immediate issue, spoke with the people involved, and suggested a simple plan to move forward. We hit the target with less last-minute churn than expected The issue was resolved without a major delay, and I learned the value of clearer ownership up front.",average,7,5,5,reflection
1371,Describe a time a project lacked clear direction at first.,ambiguity,"This happened during a high-visibility project where the timeline and coordination really mattered. I first clarified the success criteria and the actual risk to the timeline I clarified the success criteria, mapped the blockers, assigned clear owners, and set checkpoints to keep things moving. The team hit the revised milestone, reduced confusion, and my manager called out the clarity of the execution.",strong,7,7,8,
1372,Tell me about a time you missed the mark.,failure,"This was during a team project and honestly things were already a bit messy. if I am being real, i tried to help and talk to people, but I was not very structured about it I did what I could in the moment, though I probably should have organized things better. honestly, In an internship sprint, I gave an optimistic estimate without enough technical discovery first The situation settled down later, but it made me realize I needed to be more specific and organized.",weak,4,3,3,"context, result, specific actions"
1373,Describe a time the first solution did not work.,challenge,"This example comes from a team assignment where we had a deadline and a few unresolved blockers. honestly, we delivered a stable outcome after reworking the plan, and that prevented repeat issues later I broke the problem into smaller actions, aligned with the team, and followed up on the next steps. I used the failed attempt as data instead of treating it as wasted effort The issue was resolved without a major delay, and I learned the value of clearer ownership up front.",average,7,4,6,deeper ownership
1374,Describe a time urgent work forced you to prioritize carefully.,pressure,"This happened during a high-visibility project where the timeline and coordination really mattered. if I am being real, i stayed calm, documented the options, and asked for help where it would change the outcome fastest I clarified the success criteria, mapped the blockers, assigned clear owners, and set checkpoints to keep things moving. During a sprint, a production-like bug appeared while other commitments were already heavy We recovered the timeline, improved alignment across the team, and reused the same approach in later work.",strong,8,9,9,
1375,Tell me about a time you stepped in because something needed a real owner.,ownership,"This came up during an internship task, and I was kind of figuring things out as I went. honestly, During a release cycle, a handoff issue was hurting quality but was not clearly assigned to one person I did what I could in the moment, though I probably should have organized things better. I tried to help and talk to people, but I was not very structured about it The situation settled down later, but it made me realize I needed to be more specific and organized.",weak,2,3,2,"clear structure, reflection"
1376,Tell me about a time you took ownership of something important.,ownership,"This happened during a project where expectations changed and the team had to adjust quickly. to be honest, i also kept the team updated so we could move forward without too much confusion I clarified the immediate issue, spoke with the people involved, and suggested a simple plan to move forward. The issue was resolved without a major delay, and I learned the value of clearer ownership up front.",average,5,5,6,strong impact
1377,Describe a time the first solution did not work.,challenge,"This situation came up during a cross-functional effort where I had to balance speed, clarity, and execution. At an internship, a performance issue appeared only under realistic load I clarified the success criteria, mapped the blockers, assigned clear owners, and set checkpoints to keep things moving. I used the failed attempt as data instead of treating it as wasted effort The team hit the revised milestone, reduced confusion, and my manager called out the clarity of the execution.",strong,10,10,9,deeper reflection
1378,Describe a time you influenced a group to move in a better direction.,leadership,"This came up during an internship task, and I was kind of figuring things out as I went. I tried to help and talk to people, but I was not very structured about it I did what I could in the moment, though I probably should have organized things better. We finished eventually, though the outcome was only okay and it showed me I should have communicated earlier.",weak,3,3,1,"context, result, specific actions"
1379,Tell me about a time you made sure nothing fell through the cracks.,ownership,"This happened during a project where expectations changed and the team had to adjust quickly. if I am being real, at an internship, a recurring blocker sat between teams and was easy for everyone to partially ignore I clarified the immediate issue, spoke with the people involved, and suggested a simple plan to move forward. I pushed past the easy handoff point and stayed engaged until the downstream impact looked healthy too One thing I learned from that was that I needed to communicate earlier. The project recovered, and people appreciated having a more structured way to communicate progress.",average,5,6,5,deeper ownership
1380,Describe a time you had to learn your way through a problem.,challenge,"I dealt with this in an internship where my work directly affected delivery for the broader team. honestly, during a team build, the integration problem was harder than what the initial plan assumed I created clarity around the problem, documented the decision path, and followed through until the outcome stabilized. The team hit the revised milestone, reduced confusion, and my manager called out the clarity of the execution.",strong,8,10,7,deeper reflection
1381,Describe a time you responded effectively to time pressure.,pressure,"I remember this happening in college, and I did not really have a clear plan at first. to be honest, i made quick tradeoff decisions but explained them clearly so the team stayed aligned We avoided a bigger failure by staying disciplined under pressure I mostly tried to help and talk through it, but I was not very structured. We finished eventually, though the outcome was only okay and it showed me I should have communicated earlier.",weak,4,4,1,"clear structure, reflection"
1382,Tell me about a time you resolved a conflict with a teammate.,conflict,"This happened during a project where expectations changed and the team had to adjust quickly. I also kept the team updated so we could move forward without too much confusion I clarified the immediate issue, spoke with the people involved, and suggested a simple plan to move forward. Looking back, I would set expectations much sooner next time. We got the work back on track, and the team had a clearer way to handle similar situations after that.",average,7,4,4,reflection
1383,Tell me about a time you made sure nothing fell through the cracks.,ownership,"This situation came up during a cross-functional effort where I had to balance speed, clarity, and execution. I first clarified the success criteria and the actual risk to the timeline I clarified the success criteria, mapped the blockers, assigned clear owners, and set checkpoints to keep things moving. I documented the decision path, followed up on ownership, and kept stakeholders aligned Looking back, I would set expectations much sooner next time. We recovered the timeline, improved alignment across the team, and reused the same approach in later work.",strong,7,10,8,deeper reflection
1384,Tell me about a time you had to move without a full answer.,ambiguity,"This was during a team project and honestly things were already a bit messy. I tried to help and talk to people, but I was not very structured about it I tried to respond quickly, but I did not really define the problem clearly. I checked in often with stakeholders so the direction became sharper as evidence improved The ambiguity did not disappear immediately, but we created enough structure to execute confidently Looking back, I would set expectations much sooner next time. Things improved a little, but the result was not very strong and I learned I needed better structure.",weak,2,3,1,"metrics, ownership"
1385,Tell me about a time you started something useful on your own.,initiative,"This happened during a project where expectations changed and the team had to adjust quickly. I did not wait for permission to do the discovery work, but I made sure to keep the actual owners informed I clarified the immediate issue, spoke with the people involved, and suggested a simple plan to move forward. The issue was resolved without a major delay, and I learned the value of clearer ownership up front.",average,5,5,5,strong impact
1386,Tell me about a time you organized others around a goal.,leadership,"This situation came up during a cross-functional effort where I had to balance speed, clarity, and execution. I first clarified the success criteria and the actual risk to the timeline I clarified the success criteria, mapped the blockers, assigned clear owners, and set checkpoints to keep things moving. On a capstone team, we were close to deadline and needed clearer execution ownership What made it harder was that not everyone was aligned at the beginning. The team hit the revised milestone, reduced confusion, and my manager called out the clarity of the execution.",strong,10,9,7,
1387,Describe a challenge that made you change course.,challenge,"This was during a team project and honestly things were already a bit messy. kind of, i tried to help and talk to people, but I was not very structured about it I tried to respond quickly, but I did not really define the problem clearly. We finished eventually, though the outcome was only okay and it showed me I should have communicated earlier.",weak,3,4,1,"clear structure, reflection"
1388,Tell me about a time you had to repair a working relationship.,conflict,"This happened during a project where expectations changed and the team had to adjust quickly. honestly, the team regained momentum, and the lead later reused the same alignment format for future disputes I listened to different viewpoints, summarized the tradeoffs, and helped the group agree on a practical action. What made it harder was that not everyone was aligned at the beginning. The project recovered, and people appreciated having a more structured way to communicate progress.",average,6,5,5,deeper ownership
1389,Describe a time you had to explain something complex clearly.,communication,"This happened during a high-visibility project where the timeline and coordination really mattered. basically, i documented the decision path, followed up on ownership, and kept stakeholders aligned I clarified the success criteria, mapped the blockers, assigned clear owners, and set checkpoints to keep things moving. We delivered successfully with better coordination, and the process became a repeatable pattern for future projects.",strong,10,10,9,deeper reflection
1390,Describe a time urgent work forced you to prioritize carefully.,pressure,"This was during a team project and honestly things were already a bit messy. I stayed calm, documented the options, and asked for help where it would change the outcome fastest The situation stabilized quickly because we stopped multitasking and focused on the right fixes I tried to respond quickly, but I did not really define the problem clearly. We finished eventually, though the outcome was only okay and it showed me I should have communicated earlier.",weak,4,2,2,"decision rationale, result"
1391,Tell me about a time your communication made a difference.,communication,"This happened during a project where expectations changed and the team had to adjust quickly. honestly, i adjusted the level of detail for the audience and focused on the decision they actually needed to make I broke the problem into smaller actions, aligned with the team, and followed up on the next steps. People aligned faster, the decision moved forward, and confusion dropped after the conversation One thing I learned from that was that I needed to communicate earlier. The project recovered, and people appreciated having a more structured way to communicate progress.",average,7,6,5,strong impact
1392,Describe a time you made progress with incomplete information.,ambiguity,"This happened during a high-visibility project where the timeline and coordination really mattered. I documented the decision path, followed up on ownership, and kept stakeholders aligned I created clarity around the problem, documented the decision path, and followed through until the outcome stabilized. In a student build, feedback kept changing while implementation had already started One thing I learned from that was that I needed to communicate earlier. The team hit the revised milestone, reduced confusion, and my manager called out the clarity of the execution.",strong,9,10,8,
1393,Describe a time you owned a problem end to end.,ownership,"This was during a team project and honestly things were already a bit messy. basically, i tried to help and talk to people, but I was not very structured about it I did what I could in the moment, though I probably should have organized things better. honestly, In a capstone project, one important task kept slipping because responsibility was fragmented What made it harder was that not everyone was aligned at the beginning. The situation settled down later, but it made me realize I needed to be more specific and organized.",weak,2,2,3,"context, result, specific actions"
1394,Describe a team effort where communication mattered as much as execution.,teamwork,"This happened during a project where expectations changed and the team had to adjust quickly. We finished with less confusion and much better visibility than at the start I clarified the immediate issue, spoke with the people involved, and suggested a simple plan to move forward. I shared progress and risks openly, which made it easier for others to adjust their work in time We got the work back on track, and the team had a clearer way to handle similar situations after that.",average,5,5,5,reflection
1395,Tell me about a time you missed the mark.,failure,"I dealt with this in an internship where my work directly affected delivery for the broader team. I turned the mistake into a concrete process change rather than treating it as a one-off problem I gathered missing context, aligned stakeholders on the tradeoffs, and drove a structured recovery plan. I first clarified the success criteria and the actual risk to the timeline What made it harder was that not everyone was aligned at the beginning. We recovered the timeline, improved alignment across the team, and reused the same approach in later work.",strong,7,8,7,deeper reflection
1396,Describe a project where teamwork was critical to success.,teamwork,"I remember this happening in college, and I did not really have a clear plan at first. kind of, i tried to help and talk to people, but I was not very structured about it I mostly tried to help and talk through it, but I was not very structured. The situation settled down later, but it made me realize I needed to be more specific and organized.",weak,2,4,3,"metrics, ownership"
1397,Tell me about a time you handled pressure without losing focus.,pressure,"This example comes from a team assignment where we had a deadline and a few unresolved blockers. honestly, i avoided trying to fix everything at once and instead focused on the highest-risk path I clarified the immediate issue, spoke with the people involved, and suggested a simple plan to move forward. The project recovered, and people appreciated having a more structured way to communicate progress.",average,5,6,6,reflection
1398,Tell me about a time you created value without formal ownership.,initiative,"This situation came up during a cross-functional effort where I had to balance speed, clarity, and execution. I documented the decision path, followed up on ownership, and kept stakeholders aligned I created clarity around the problem, documented the decision path, and followed through until the outcome stabilized. The tricky part was that the situation changed while we were already executing. The team hit the revised milestone, reduced confusion, and my manager called out the clarity of the execution.",strong,8,10,10,
1399,Tell me about a time your team depended on strong collaboration.,teamwork,"This came up during an internship task, and I was kind of figuring things out as I went. to be honest, i tried to help and talk to people, but I was not very structured about it I mostly tried to help and talk through it, but I was not very structured. The situation settled down later, but it made me realize I needed to be more specific and organized.",weak,4,3,3,"context, result, specific actions"
1400,Describe a time changing information made planning harder.,ambiguity,"This example comes from a team assignment where we had a deadline and a few unresolved blockers. to be honest, i checked in often with stakeholders so the direction became sharper as evidence improved I broke the problem into smaller actions, aligned with the team, and followed up on the next steps. The ambiguity did not disappear immediately, but we created enough structure to execute confidently What made it harder was that not everyone was aligned at the beginning. We got the work back on track, and the team had a clearer way to handle similar situations after that.",average,6,4,4,metrics
1401,Describe a time you did more than the assigned work because it mattered.,initiative,"This happened during a high-visibility project where the timeline and coordination really mattered. I documented the decision path, followed up on ownership, and kept stakeholders aligned I clarified the success criteria, mapped the blockers, assigned clear owners, and set checkpoints to keep things moving. We delivered successfully with better coordination, and the process became a repeatable pattern for future projects.",strong,9,10,10,
1402,Tell me about a time you faced a challenge that took persistence.,challenge,"I remember this happening in college, and I did not really have a clear plan at first. I kept the team informed when I needed to change direction so nobody planned around old assumptions The challenge improved my problem-solving habits because I became more evidence-driven I mostly tried to help and talk through it, but I was not very structured. The situation settled down later, but it made me realize I needed to be more specific and organized.",weak,3,3,2,"decision rationale, result"
1403,Describe a time you had to learn your way through a problem.,challenge,"I faced this situation during an internship when priorities shifted halfway through the work. to be honest, i also kept the team updated so we could move forward without too much confusion I broke the problem into smaller actions, aligned with the team, and followed up on the next steps. The project recovered, and people appreciated having a more structured way to communicate progress.",average,6,4,5,deeper ownership
1404,Tell me about a time you created value without formal ownership.,initiative,"This happened during a high-visibility project where the timeline and coordination really mattered. In a class project, repeated setup issues were wasting time for new teammates I gathered missing context, aligned stakeholders on the tradeoffs, and drove a structured recovery plan. What made it harder was that not everyone was aligned at the beginning. We delivered successfully with better coordination, and the process became a repeatable pattern for future projects.",strong,9,8,10,deeper reflection
1405,Describe a time you proactively improved team execution.,initiative,"I remember this happening in college, and I did not really have a clear plan at first. I tried to help and talk to people, but I was not very structured about it I tried to respond quickly, but I did not really define the problem clearly. honestly, In a class project, repeated setup issues were wasting time for new teammates One thing I learned from that was that I needed to communicate earlier. The situation settled down later, but it made me realize I needed to be more specific and organized.",weak,2,4,3,"decision rationale, result"
1406,Walk me through a time team tension affected delivery.,conflict,"This example comes from a team assignment where we had a deadline and a few unresolved blockers. On a student product team, two contributors wanted different priorities for the same sprint I listened to different viewpoints, summarized the tradeoffs, and helped the group agree on a practical action. I also kept the team updated so we could move forward without too much confusion We got the work back on track, and the team had a clearer way to handle similar situations after that.",average,5,6,4,deeper ownership
1407,Describe a time you had to learn your way through a problem.,challenge,"I dealt with this in an internship where my work directly affected delivery for the broader team. to be honest, during a team build, the integration problem was harder than what the initial plan assumed I created clarity around the problem, documented the decision path, and followed through until the outcome stabilized. I first clarified the success criteria and the actual risk to the timeline The team hit the revised milestone, reduced confusion, and my manager called out the clarity of the execution.",strong,7,8,7,
1408,Tell me about a time you missed the mark.,failure,"I remember this happening in college, and I did not really have a clear plan at first. honestly, In an internship sprint, I gave an optimistic estimate without enough technical discovery first I mostly tried to help and talk through it, but I was not very structured. One thing I learned from that was that I needed to communicate earlier. We finished eventually, though the outcome was only okay and it showed me I should have communicated earlier.",weak,4,2,3,"decision rationale, result"
1409,Describe a time you went beyond execution and owned the outcome.,ownership,"This example comes from a team assignment where we had a deadline and a few unresolved blockers. if I am being real, i also kept the team updated so we could move forward without too much confusion I clarified the immediate issue, spoke with the people involved, and suggested a simple plan to move forward. I made ownership explicit, closed loops with others, and did not assume silence meant things were handled We got the work back on track, and the team had a clearer way to handle similar situations after that.",average,5,6,5,deeper ownership
1410,Tell me about a time you handled pressure without losing focus.,pressure,"I dealt with this in an internship where my work directly affected delivery for the broader team. basically, i documented the decision path, followed up on ownership, and kept stakeholders aligned I clarified the success criteria, mapped the blockers, assigned clear owners, and set checkpoints to keep things moving. The team hit the revised milestone, reduced confusion, and my manager called out the clarity of the execution.",strong,7,7,10,
1411,Describe a time you had to simplify technical detail for others.,communication,"This was during a team project and honestly things were already a bit messy. I adjusted the level of detail for the audience and focused on the decision they actually needed to make People aligned faster, the decision moved forward, and confusion dropped after the conversation I tried to respond quickly, but I did not really define the problem clearly. kind of, During an internship, I had to explain a technical tradeoff to non-technical stakeholders Things improved a little, but the result was not very strong and I learned I needed better structure.",weak,3,2,1,"context, result, specific actions"
1412,Tell me about a difficult challenge you worked through.,challenge,"This happened during a project where expectations changed and the team had to adjust quickly. We solved the challenge with a stronger approach, and the later solution was much more reliable than the first idea I broke the problem into smaller actions, aligned with the team, and followed up on the next steps. During my internship, a workflow looked simple at first but had several hidden edge cases We got the work back on track, and the team had a clearer way to handle similar situations after that.",average,7,5,6,reflection
1413,Tell me about a time you resolved a conflict with a teammate.,conflict,"This situation came up during a cross-functional effort where I had to balance speed, clarity, and execution. kind of, we shipped without slipping the release and the team had a better way to escalate disagreements after that I clarified the success criteria, mapped the blockers, assigned clear owners, and set checkpoints to keep things moving. I spoke to both sides separately first, then reframed the issue around the shared deadline and user impact What made it harder was that not everyone was aligned at the beginning. We recovered the timeline, improved alignment across the team, and reused the same approach in later work.",strong,10,9,9,
1414,Describe a time you built trust quickly within a team.,teamwork,"This came up during an internship task, and I was kind of figuring things out as I went. to be honest, i made communication simpler by keeping one shared tracker, one update rhythm, and one source of truth We delivered a stronger result than any one person could have done alone, and the teamwork felt much more efficient by the end I tried to respond quickly, but I did not really define the problem clearly. One thing I learned from that was that I needed to communicate earlier. The situation settled down later, but it made me realize I needed to be more specific and organized.",weak,2,3,2,"decision rationale, result"
1415,Describe a time you led execution when the team needed clarity.,leadership,"I faced this situation during an internship when priorities shifted halfway through the work. kind of, i also kept the team updated so we could move forward without too much confusion I listened to different viewpoints, summarized the tradeoffs, and helped the group agree on a practical action. We got the work back on track, and the team had a clearer way to handle similar situations after that.",average,7,4,4,strong impact
1416,Describe a time you had to collaborate across roles or backgrounds.,teamwork,"This situation came up during a cross-functional effort where I had to balance speed, clarity, and execution. I first clarified the success criteria and the actual risk to the timeline I created clarity around the problem, documented the decision path, and followed through until the outcome stabilized. We delivered successfully with better coordination, and the process became a repeatable pattern for future projects.",strong,7,8,10,
1417,Tell me about a time you noticed a gap and stepped in.,initiative,"I remember this happening in college, and I did not really have a clear plan at first. honestly, i tried to help and talk to people, but I was not very structured about it I did what I could in the moment, though I probably should have organized things better. to be honest, During a campus event build, I noticed the onboarding material for new contributors was missing The situation settled down later, but it made me realize I needed to be more specific and organized.",weak,3,2,3,"context, result, specific actions"
1418,Describe a time you built trust quickly within a team.,teamwork,"This happened during a project where expectations changed and the team had to adjust quickly. if I am being real, i made communication simpler by keeping one shared tracker, one update rhythm, and one source of truth I clarified the immediate issue, spoke with the people involved, and suggested a simple plan to move forward. I also kept the team updated so we could move forward without too much confusion The project recovered, and people appreciated having a more structured way to communicate progress.",average,6,5,5,strong impact
1419,Describe a time two people on your team were not aligned and you helped.,conflict,"This situation came up during a cross-functional effort where I had to balance speed, clarity, and execution. The merge moved forward the next day and the relationship between the teammates improved noticeably I gathered missing context, aligned stakeholders on the tradeoffs, and drove a structured recovery plan. I documented the decision path, followed up on ownership, and kept stakeholders aligned One thing I learned from that was that I needed to communicate earlier. The team hit the revised milestone, reduced confusion, and my manager called out the clarity of the execution.",strong,8,8,8,
1420,Describe a time you earned followership instead of using title or role.,leadership,"This was during a team project and honestly things were already a bit messy. I made sure quieter teammates were heard, then turned the conversation into concrete next actions The group became more aligned, and our output quality improved because ownership was visible I mostly tried to help and talk through it, but I was not very structured. to be honest, During a campus tech event, several volunteers were working hard but priorities were scattered Things improved a little, but the result was not very strong and I learned I needed better structure.",weak,2,2,2,"decision rationale, result"
1421,Tell me about a time you stepped in because something needed a real owner.,ownership,"I faced this situation during an internship when priorities shifted halfway through the work. to be honest, the problem stopped bouncing between people and the resolution happened faster I clarified the immediate issue, spoke with the people involved, and suggested a simple plan to move forward. The project recovered, and people appreciated having a more structured way to communicate progress.",average,7,6,4,metrics
1422,Tell me about a time you led without formal authority.,leadership,"This situation came up during a cross-functional effort where I had to balance speed, clarity, and execution. I created a visible plan with milestones, owners, and check-in points so everyone could see where we stood I clarified the success criteria, mapped the blockers, assigned clear owners, and set checkpoints to keep things moving. We delivered successfully with better coordination, and the process became a repeatable pattern for future projects.",strong,9,8,7,
1423,Tell me about a time you stepped in because something needed a real owner.,ownership,"I remember this happening in college, and I did not really have a clear plan at first. to be honest, i made ownership explicit, closed loops with others, and did not assume silence meant things were handled The problem stopped bouncing between people and the resolution happened faster I tried to respond quickly, but I did not really define the problem clearly. The situation settled down later, but it made me realize I needed to be more specific and organized.",weak,2,3,2,"decision rationale, result"
1424,Tell me about a time your decision created a problem.,failure,"I faced this situation during an internship when priorities shifted halfway through the work. I also kept the team updated so we could move forward without too much confusion I clarified the immediate issue, spoke with the people involved, and suggested a simple plan to move forward. I earned trust back by being accountable and applying the lesson in the next project We got the work back on track, and the team had a clearer way to handle similar situations after that.",average,6,6,4,metrics
1425,Tell me about a time you resolved a conflict with a teammate.,conflict,"This situation came up during a cross-functional effort where I had to balance speed, clarity, and execution. honestly, i documented the decision path, followed up on ownership, and kept stakeholders aligned I created clarity around the problem, documented the decision path, and followed through until the outcome stabilized. I first clarified the success criteria and the actual risk to the timeline The team hit the revised milestone, reduced confusion, and my manager called out the clarity of the execution.",strong,9,8,10,
1426,Describe a team effort where communication mattered as much as execution.,teamwork,"This was during a team project and honestly things were already a bit messy. I shared progress and risks openly, which made it easier for others to adjust their work in time We finished with less confusion and much better visibility than at the start I did what I could in the moment, though I probably should have organized things better. Things improved a little, but the result was not very strong and I learned I needed better structure.",weak,3,3,3,"decision rationale, result"
1427,Describe a time two people on your team were not aligned and you helped.,conflict,"This happened during a project where expectations changed and the team had to adjust quickly. In a college capstone project, design and engineering kept blaming each other for delays I listened to different viewpoints, summarized the tradeoffs, and helped the group agree on a practical action. The project recovered, and people appreciated having a more structured way to communicate progress.",average,6,4,4,strong impact
1428,Tell me about a time you took initiative to lead a delivery effort.,leadership,"This situation came up during a cross-functional effort where I had to balance speed, clarity, and execution. I documented the decision path, followed up on ownership, and kept stakeholders aligned I created clarity around the problem, documented the decision path, and followed through until the outcome stabilized. I volunteered to run short syncs, summarize blockers, and keep the team focused on the highest-risk work first The team hit the revised milestone, reduced confusion, and my manager called out the clarity of the execution.",strong,7,7,9,
1429,Tell me about a time cross-functional collaboration made the difference.,teamwork,"This came up during an internship task, and I was kind of figuring things out as I went. I tried to help and talk to people, but I was not very structured about it I tried to respond quickly, but I did not really define the problem clearly. Things improved a little, but the result was not very strong and I learned I needed better structure.",weak,4,3,2,"metrics, ownership"
1430,Tell me about a time you had to define the path yourself.,ambiguity,"This example comes from a team assignment where we had a deadline and a few unresolved blockers. In a product team, stakeholders agreed on the problem but not on the exact solution path I listened to different viewpoints, summarized the tradeoffs, and helped the group agree on a practical action. One thing I learned from that was that I needed to communicate earlier. We got the work back on track, and the team had a clearer way to handle similar situations after that.",average,5,4,6,metrics
1431,Describe a mistake you would handle differently now.,failure,"I dealt with this in an internship where my work directly affected delivery for the broader team. to be honest, i first clarified the success criteria and the actual risk to the timeline I gathered missing context, aligned stakeholders on the tradeoffs, and drove a structured recovery plan. I documented what I got wrong, asked for feedback, and changed how I planned similar work later The team hit the revised milestone, reduced confusion, and my manager called out the clarity of the execution.",strong,10,8,9,
1432,Describe a time you solved a problem before it became bigger.,initiative,"This came up during an internship task, and I was kind of figuring things out as I went. I put together a lightweight fix, tested it quickly, and then shared it in a way that made adoption easy The team saved time, the process felt smoother, and the change stuck because it solved a real pain point I did what I could in the moment, though I probably should have organized things better. I tried to help and talk to people, but I was not very structured about it What made it harder was that not everyone was aligned at the beginning. The situation settled down later, but it made me realize I needed to be more specific and organized.",weak,3,3,1,"context, result, specific actions"
1433,Describe a time a project lacked clear direction at first.,ambiguity,"This example comes from a team assignment where we had a deadline and a few unresolved blockers. During an internship, a project started before the requirements were fully settled I listened to different viewpoints, summarized the tradeoffs, and helped the group agree on a practical action. We made steady progress instead of stalling, and the project direction became clearer as we learned more We got the work back on track, and the team had a clearer way to handle similar situations after that.",average,5,5,5,metrics
1434,Describe a time you did more than the assigned work because it mattered.,initiative,"This happened during a high-visibility project where the timeline and coordination really mattered. to be honest, the initiative improved delivery speed and made my work more trusted because it helped the whole team I gathered missing context, aligned stakeholders on the tradeoffs, and drove a structured recovery plan. During a campus event build, I noticed the onboarding material for new contributors was missing We recovered the timeline, improved alignment across the team, and reused the same approach in later work.",strong,8,8,9,deeper reflection
1435,Tell me about a time your team depended on strong collaboration.,teamwork,"This came up during an internship task, and I was kind of figuring things out as I went. kind of, i shared progress and risks openly, which made it easier for others to adjust their work in time We finished with less confusion and much better visibility than at the start I mostly tried to help and talk through it, but I was not very structured. kind of, At an internship, one deliverable required tight handoffs between backend, frontend, and product We finished eventually, though the outcome was only okay and it showed me I should have communicated earlier.",weak,4,3,3,"decision rationale, result"
1436,Tell me about a time you stepped in because something needed a real owner.,ownership,"I faced this situation during an internship when priorities shifted halfway through the work. honestly, the problem stopped bouncing between people and the resolution happened faster I listened to different viewpoints, summarized the tradeoffs, and helped the group agree on a practical action. I also kept the team updated so we could move forward without too much confusion Looking back, I would set expectations much sooner next time. We got the work back on track, and the team had a clearer way to handle similar situations after that.",average,5,6,4,metrics
1437,Tell me about a time you led without formal authority.,leadership,"This happened during a high-visibility project where the timeline and coordination really mattered. The team delivered on time and people kept using the structure I introduced even after the project milestone I clarified the success criteria, mapped the blockers, assigned clear owners, and set checkpoints to keep things moving. We recovered the timeline, improved alignment across the team, and reused the same approach in later work.",strong,10,9,10,
1438,Describe a time leadership was needed even though you were not the official owner.,leadership,"This was during a team project and honestly things were already a bit messy. I tried to help and talk to people, but I was not very structured about it I did what I could in the moment, though I probably should have organized things better. honestly, At an internship, the team needed someone to connect product feedback with engineering tasks We finished eventually, though the outcome was only okay and it showed me I should have communicated earlier.",weak,3,3,1,"clear structure, reflection"
1439,Tell me about a time you used communication to remove confusion.,communication,"I faced this situation during an internship when priorities shifted halfway through the work. I replaced jargon with plain language, used a simple example, and confirmed understanding before moving on I broke the problem into smaller actions, aligned with the team, and followed up on the next steps. The message landed well because the audience understood both the risk and the recommended path One thing I learned from that was that I needed to communicate earlier. The project recovered, and people appreciated having a more structured way to communicate progress.",average,5,6,5,metrics
1440,Describe a time you created alignment across multiple people.,leadership,"This happened during a high-visibility project where the timeline and coordination really mattered. During an internship, a feature had many moving parts but no clear day-to-day coordinator I gathered missing context, aligned stakeholders on the tradeoffs, and drove a structured recovery plan. I created a visible plan with milestones, owners, and check-in points so everyone could see where we stood We recovered the timeline, improved alignment across the team, and reused the same approach in later work.",strong,9,7,9,
1441,Describe a time your communication changed a decision.,communication,"I remember this happening in college, and I did not really have a clear plan at first. honestly, i tried to help and talk to people, but I was not very structured about it I mostly tried to help and talk through it, but I was not very structured. I summarized key points in writing afterward so the alignment did not disappear after the meeting We avoided wasted work because expectations became clear before implementation continued The situation settled down later, but it made me realize I needed to be more specific and organized.",weak,4,4,1,"clear structure, reflection"
1442,Tell me about a time you took initiative to lead a delivery effort.,leadership,"This happened during a project where expectations changed and the team had to adjust quickly. I also kept the team updated so we could move forward without too much confusion I broke the problem into smaller actions, aligned with the team, and followed up on the next steps. We reduced confusion, finished the work more smoothly, and I learned that leadership is often about clarity and follow-through The project recovered, and people appreciated having a more structured way to communicate progress.",average,7,6,5,metrics
1443,Tell me about a challenge that required iteration.,challenge,"This situation came up during a cross-functional effort where I had to balance speed, clarity, and execution. I first clarified the success criteria and the actual risk to the timeline I gathered missing context, aligned stakeholders on the tradeoffs, and drove a structured recovery plan. I broke the problem into smaller hypotheses, tested them one by one, and tracked what I learned We recovered the timeline, improved alignment across the team, and reused the same approach in later work.",strong,7,7,8,
1444,Describe a time you proactively improved team execution.,initiative,"This was during a team project and honestly things were already a bit messy. I focused on removing friction that affected multiple people instead of just optimizing my own workflow It improved the workflow enough that later teammates continued using it I mostly tried to help and talk through it, but I was not very structured. I tried to help and talk to people, but I was not very structured about it The tricky part was that the situation changed while we were already executing. We finished eventually, though the outcome was only okay and it showed me I should have communicated earlier.",weak,2,4,2,"metrics, ownership"
1445,Describe a time intense deadlines changed how you worked.,pressure,"This example comes from a team assignment where we had a deadline and a few unresolved blockers. I also kept the team updated so we could move forward without too much confusion I broke the problem into smaller actions, aligned with the team, and followed up on the next steps. What made it harder was that not everyone was aligned at the beginning. The issue was resolved without a major delay, and I learned the value of clearer ownership up front.",average,7,4,5,metrics
1446,Describe a time you had to learn your way through a problem.,challenge,"This happened during a high-visibility project where the timeline and coordination really mattered. basically, the challenge improved my problem-solving habits because I became more evidence-driven I created clarity around the problem, documented the decision path, and followed through until the outcome stabilized. One thing I learned from that was that I needed to communicate earlier. The team hit the revised milestone, reduced confusion, and my manager called out the clarity of the execution.",strong,10,8,9,
1447,Tell me about a time you had to reduce ambiguity for others.,ambiguity,"I remember this happening in college, and I did not really have a clear plan at first. kind of, to be honest, At an internship, the team knew something needed improvement but not yet which direction would work best I mostly tried to help and talk through it, but I was not very structured. We finished eventually, though the outcome was only okay and it showed me I should have communicated earlier.",weak,2,4,1,"metrics, ownership"
1448,Describe a time a deadline or high-stakes situation tested you.,pressure,"This example comes from a team assignment where we had a deadline and a few unresolved blockers. In a project presentation cycle, several problems surfaced right before the final deadline I listened to different viewpoints, summarized the tradeoffs, and helped the group agree on a practical action. The issue was resolved without a major delay, and I learned the value of clearer ownership up front.",average,7,6,6,metrics
1449,Tell me about a challenge that required iteration.,challenge,"I dealt with this in an internship where my work directly affected delivery for the broader team. I first clarified the success criteria and the actual risk to the timeline I gathered missing context, aligned stakeholders on the tradeoffs, and drove a structured recovery plan. In a class project, our first design failed once we tested it with real users The team hit the revised milestone, reduced confusion, and my manager called out the clarity of the execution.",strong,9,8,9,
1450,Describe a time you improved outcomes by communicating better.,communication,"I remember this happening in college, and I did not really have a clear plan at first. I tried to help and talk to people, but I was not very structured about it I did what I could in the moment, though I probably should have organized things better. I thought carefully about what was important to say, what was noise, and what action the audience needed next It showed me that good communication is often about clarity and framing, not just detail Things improved a little, but the result was not very strong and I learned I needed better structure.",weak,2,2,1,"decision rationale, result"
1451,Describe a time you improved outcomes by communicating better.,communication,"I faced this situation during an internship when priorities shifted halfway through the work. I also kept the team updated so we could move forward without too much confusion I clarified the immediate issue, spoke with the people involved, and suggested a simple plan to move forward. What made it harder was that not everyone was aligned at the beginning. The issue was resolved without a major delay, and I learned the value of clearer ownership up front.",average,7,4,6,strong impact
1452,Tell me about a challenge that required iteration.,challenge,"This happened during a high-visibility project where the timeline and coordination really mattered. I documented the decision path, followed up on ownership, and kept stakeholders aligned I gathered missing context, aligned stakeholders on the tradeoffs, and drove a structured recovery plan. What made it harder was that not everyone was aligned at the beginning. We delivered successfully with better coordination, and the process became a repeatable pattern for future projects.",strong,8,9,9,
1453,Tell me about a time you had to deliver difficult information clearly.,communication,"This came up during an internship task, and I was kind of figuring things out as I went. I tried to help and talk to people, but I was not very structured about it I tried to respond quickly, but I did not really define the problem clearly. We finished eventually, though the outcome was only okay and it showed me I should have communicated earlier.",weak,3,3,1,"context, result, specific actions"
1454,Tell me about a time your communication made a difference.,communication,"This happened during a project where expectations changed and the team had to adjust quickly. People aligned faster, the decision moved forward, and confusion dropped after the conversation I broke the problem into smaller actions, aligned with the team, and followed up on the next steps. During an internship, I had to explain a technical tradeoff to non-technical stakeholders We got the work back on track, and the team had a clearer way to handle similar situations after that.",average,6,6,5,strong impact
1455,Describe a time you had to learn your way through a problem.,challenge,"This happened during a high-visibility project where the timeline and coordination really mattered. During a team build, the integration problem was harder than what the initial plan assumed I gathered missing context, aligned stakeholders on the tradeoffs, and drove a structured recovery plan. The tricky part was that the situation changed while we were already executing. We recovered the timeline, improved alignment across the team, and reused the same approach in later work.",strong,9,9,7,
1456,Describe a time a hard problem pushed you out of your comfort zone.,challenge,"I remember this happening in college, and I did not really have a clear plan at first. to be honest, kind of, In a class project, our first design failed once we tested it with real users I mostly tried to help and talk through it, but I was not very structured. The situation settled down later, but it made me realize I needed to be more specific and organized.",weak,2,2,1,"metrics, ownership"
1457,Tell me about a time you had to keep a team moving during disagreement.,conflict,"I faced this situation during an internship when priorities shifted halfway through the work. I followed up after the meeting to make sure the tension did not quietly return during execution I listened to different viewpoints, summarized the tradeoffs, and helped the group agree on a practical action. The tricky part was that the situation changed while we were already executing. The project recovered, and people appreciated having a more structured way to communicate progress.",average,5,6,4,reflection
1458,Describe a time two people on your team were not aligned and you helped.,conflict,"This situation came up during a cross-functional effort where I had to balance speed, clarity, and execution. basically, in a college capstone project, design and engineering kept blaming each other for delays I clarified the success criteria, mapped the blockers, assigned clear owners, and set checkpoints to keep things moving. Looking back, I would set expectations much sooner next time. The team hit the revised milestone, reduced confusion, and my manager called out the clarity of the execution.",strong,10,10,8,deeper reflection
1459,Tell me about a time you used communication to remove confusion.,communication,"This came up during an internship task, and I was kind of figuring things out as I went. I replaced jargon with plain language, used a simple example, and confirmed understanding before moving on The message landed well because the audience understood both the risk and the recommended path I did what I could in the moment, though I probably should have organized things better. We finished eventually, though the outcome was only okay and it showed me I should have communicated earlier.",weak,3,3,1,"context, result, specific actions"
1460,Describe a time you had to explain something complex clearly.,communication,"This example comes from a team assignment where we had a deadline and a few unresolved blockers. I also kept the team updated so we could move forward without too much confusion I listened to different viewpoints, summarized the tradeoffs, and helped the group agree on a practical action. In a student team, people had different understandings of what the project milestone meant We got the work back on track, and the team had a clearer way to handle similar situations after that.",average,5,6,5,deeper ownership
1461,Describe a time you had to learn your way through a problem.,challenge,"This happened during a high-visibility project where the timeline and coordination really mattered. I kept the team informed when I needed to change direction so nobody planned around old assumptions I gathered missing context, aligned stakeholders on the tradeoffs, and drove a structured recovery plan. During a team build, the integration problem was harder than what the initial plan assumed We recovered the timeline, improved alignment across the team, and reused the same approach in later work.",strong,9,7,8,deeper reflection
1462,Describe a time a deadline or high-stakes situation tested you.,pressure,"This was during a team project and honestly things were already a bit messy. I kept updates short and frequent so nobody wasted time guessing about the status The pressure was real, but the team stayed coordinated because the priorities were clear I mostly tried to help and talk through it, but I was not very structured. What made it harder was that not everyone was aligned at the beginning. Things improved a little, but the result was not very strong and I learned I needed better structure.",weak,2,3,3,"decision rationale, result"
1463,Tell me about a time you organized others around a goal.,leadership,"This example comes from a team assignment where we had a deadline and a few unresolved blockers. We hit the target with less last-minute churn than expected I broke the problem into smaller actions, aligned with the team, and followed up on the next steps. I documented decisions and followed through on the details so the momentum did not fade after meetings Looking back, I would set expectations much sooner next time. We got the work back on track, and the team had a clearer way to handle similar situations after that.",average,5,5,4,reflection
1464,Describe a setback that improved your judgment later.,failure,"I dealt with this in an internship where my work directly affected delivery for the broader team. I first clarified the success criteria and the actual risk to the timeline I clarified the success criteria, mapped the blockers, assigned clear owners, and set checkpoints to keep things moving. I documented the decision path, followed up on ownership, and kept stakeholders aligned The tricky part was that the situation changed while we were already executing. We recovered the timeline, improved alignment across the team, and reused the same approach in later work.",strong,9,7,8,deeper reflection
1465,Tell me about a time teamwork helped solve a difficult problem.,teamwork,"This was during a team project and honestly things were already a bit messy. to be honest, In a group project, different people owned research, coding, and presentation tasks under a tight timeline I tried to respond quickly, but I did not really define the problem clearly. Things improved a little, but the result was not very strong and I learned I needed better structure.",weak,4,3,1,"metrics, ownership"
1466,Tell me about a time you had to keep a team moving during disagreement.,conflict,"This example comes from a team assignment where we had a deadline and a few unresolved blockers. if I am being real, i also kept the team updated so we could move forward without too much confusion I broke the problem into smaller actions, aligned with the team, and followed up on the next steps. The conflict stopped blocking progress, and our later reviews were much smoother The project recovered, and people appreciated having a more structured way to communicate progress.",average,5,4,6,deeper ownership
1467,Describe a time you carried responsibility beyond your immediate task.,ownership,"I dealt with this in an internship where my work directly affected delivery for the broader team. kind of, i documented the decision path, followed up on ownership, and kept stakeholders aligned I created clarity around the problem, documented the decision path, and followed through until the outcome stabilized. We recovered the timeline, improved alignment across the team, and reused the same approach in later work.",strong,10,8,10,deeper reflection
1468,Describe a time you made progress with incomplete information.,ambiguity,"This came up during an internship task, and I was kind of figuring things out as I went. basically, In a student build, feedback kept changing while implementation had already started I mostly tried to help and talk through it, but I was not very structured. I tried to help and talk to people, but I was not very structured about it We finished eventually, though the outcome was only okay and it showed me I should have communicated earlier.",weak,4,4,3,"decision rationale, result"
1469,Tell me about a time you failed and what you learned.,failure,"This example comes from a team assignment where we had a deadline and a few unresolved blockers. kind of, i also kept the team updated so we could move forward without too much confusion I clarified the immediate issue, spoke with the people involved, and suggested a simple plan to move forward. The short-term miss was real, but later work improved because I handled planning and communication much more carefully What made it harder was that not everyone was aligned at the beginning. We got the work back on track, and the team had a clearer way to handle similar situations after that.",average,6,6,4,deeper ownership
1470,Tell me about a time you had to define the path yourself.,ambiguity,"This situation came up during a cross-functional effort where I had to balance speed, clarity, and execution. to be honest, i proposed a narrow first step so we could learn quickly instead of waiting for perfect clarity I created clarity around the problem, documented the decision path, and followed through until the outcome stabilized. We recovered the timeline, improved alignment across the team, and reused the same approach in later work.",strong,9,7,9,
1471,Describe a time you earned followership instead of using title or role.,leadership,"This was during a team project and honestly things were already a bit messy. I made sure quieter teammates were heard, then turned the conversation into concrete next actions The group became more aligned, and our output quality improved because ownership was visible I tried to respond quickly, but I did not really define the problem clearly. to be honest, During a campus tech event, several volunteers were working hard but priorities were scattered Things improved a little, but the result was not very strong and I learned I needed better structure.",weak,3,4,2,"metrics, ownership"
1472,Tell me about a time you took initiative to lead a delivery effort.,leadership,"This example comes from a team assignment where we had a deadline and a few unresolved blockers. In a student project, the team had strong ideas but no one was keeping decisions organized I listened to different viewpoints, summarized the tradeoffs, and helped the group agree on a practical action. We reduced confusion, finished the work more smoothly, and I learned that leadership is often about clarity and follow-through The issue was resolved without a major delay, and I learned the value of clearer ownership up front.",average,5,5,4,metrics
1473,Tell me about a time you had to move without a full answer.,ambiguity,"I dealt with this in an internship where my work directly affected delivery for the broader team. I checked in often with stakeholders so the direction became sharper as evidence improved I clarified the success criteria, mapped the blockers, assigned clear owners, and set checkpoints to keep things moving. The team hit the revised milestone, reduced confusion, and my manager called out the clarity of the execution.",strong,7,9,9,deeper reflection
1474,Describe a time you built trust quickly within a team.,teamwork,"I remember this happening in college, and I did not really have a clear plan at first. I made communication simpler by keeping one shared tracker, one update rhythm, and one source of truth We delivered a stronger result than any one person could have done alone, and the teamwork felt much more efficient by the end I tried to respond quickly, but I did not really define the problem clearly. I tried to help and talk to people, but I was not very structured about it We finished eventually, though the outcome was only okay and it showed me I should have communicated earlier.",weak,4,4,1,"decision rationale, result"
1475,Tell me about a time you had to deliver difficult information clearly.,communication,"This example comes from a team assignment where we had a deadline and a few unresolved blockers. At an internship, a vague update caused confusion about whether a blocker was resolved I clarified the immediate issue, spoke with the people involved, and suggested a simple plan to move forward. The communication helped stakeholders make a timely decision and trust the rationale behind it The issue was resolved without a major delay, and I learned the value of clearer ownership up front.",average,7,5,5,metrics
1476,Tell me about a time you had to move without a full answer.,ambiguity,"This happened during a high-visibility project where the timeline and coordination really mattered. I checked in often with stakeholders so the direction became sharper as evidence improved I gathered missing context, aligned stakeholders on the tradeoffs, and drove a structured recovery plan. We delivered successfully with better coordination, and the process became a repeatable pattern for future projects.",strong,9,7,10,
1477,Tell me about a time you noticed a gap and stepped in.,initiative,"This was during a team project and honestly things were already a bit messy. if I am being real, i tried to help and talk to people, but I was not very structured about it I mostly tried to help and talk through it, but I was not very structured. One thing I learned from that was that I needed to communicate earlier. We finished eventually, though the outcome was only okay and it showed me I should have communicated earlier.",weak,4,3,3,"clear structure, reflection"
1478,Describe a time you had to coordinate with people who worked differently from you.,teamwork,"This example comes from a team assignment where we had a deadline and a few unresolved blockers. kind of, i focused on helping the team unblock quickly instead of only finishing my own part I listened to different viewpoints, summarized the tradeoffs, and helped the group agree on a practical action. The project recovered, and people appreciated having a more structured way to communicate progress.",average,7,5,5,reflection
1479,Tell me about a time you performed under pressure.,pressure,"This situation came up during a cross-functional effort where I had to balance speed, clarity, and execution. We got through the deadline without unnecessary panic and delivered the most important work successfully I gathered missing context, aligned stakeholders on the tradeoffs, and drove a structured recovery plan. I first clarified the success criteria and the actual risk to the timeline We delivered successfully with better coordination, and the process became a repeatable pattern for future projects.",strong,8,8,7,deeper reflection
1480,Tell me about a time cross-functional collaboration made the difference.,teamwork,"This came up during an internship task, and I was kind of figuring things out as I went. kind of, i tried to help and talk to people, but I was not very structured about it I did what I could in the moment, though I probably should have organized things better. to be honest, On a hackathon team, we had mixed experience levels and limited time to get aligned We finished eventually, though the outcome was only okay and it showed me I should have communicated earlier.",weak,3,3,1,"context, result, specific actions"
1481,Tell me about a time you improved the way a team worked together.,teamwork,"This example comes from a team assignment where we had a deadline and a few unresolved blockers. During a campus organization project, multiple people were contributing asynchronously I broke the problem into smaller actions, aligned with the team, and followed up on the next steps. The project recovered, and people appreciated having a more structured way to communicate progress.",average,7,4,6,reflection
1482,Walk me through a time team tension affected delivery.,conflict,"This situation came up during a cross-functional effort where I had to balance speed, clarity, and execution. I documented the decision path, followed up on ownership, and kept stakeholders aligned I created clarity around the problem, documented the decision path, and followed through until the outcome stabilized. We recovered the timeline, improved alignment across the team, and reused the same approach in later work.",strong,9,10,9,
1483,Describe a time a hard problem pushed you out of your comfort zone.,challenge,"This came up during an internship task, and I was kind of figuring things out as I went. to be honest, i tried to help and talk to people, but I was not very structured about it I mostly tried to help and talk through it, but I was not very structured. One thing I learned from that was that I needed to communicate earlier. Things improved a little, but the result was not very strong and I learned I needed better structure.",weak,4,3,1,"clear structure, reflection"
1484,Describe a time you underestimated something important.,failure,"This example comes from a team assignment where we had a deadline and a few unresolved blockers. if I am being real, i started breaking work into smaller checkpoints so I could spot risk earlier instead of near the deadline I clarified the immediate issue, spoke with the people involved, and suggested a simple plan to move forward. The project recovered, and people appreciated having a more structured way to communicate progress.",average,6,4,5,metrics
1485,Tell me about a time you failed and what you learned.,failure,"This situation came up during a cross-functional effort where I had to balance speed, clarity, and execution. I documented the decision path, followed up on ownership, and kept stakeholders aligned I clarified the success criteria, mapped the blockers, assigned clear owners, and set checkpoints to keep things moving. I first clarified the success criteria and the actual risk to the timeline We recovered the timeline, improved alignment across the team, and reused the same approach in later work.",strong,10,10,9,
1486,Describe a time your ownership improved the final result.,ownership,"This came up during an internship task, and I was kind of figuring things out as I went. kind of, i accepted accountability for the outcome, which meant checking details that otherwise would have been missed It reinforced that ownership is really about the outcome, not just the assigned task list I did what I could in the moment, though I probably should have organized things better. basically, In a student project, the final delivery risk was spread out enough that nobody was truly tracking it Things improved a little, but the result was not very strong and I learned I needed better structure.",weak,3,2,2,"clear structure, reflection"
1487,Describe a time a deadline or high-stakes situation tested you.,pressure,"This example comes from a team assignment where we had a deadline and a few unresolved blockers. I also kept the team updated so we could move forward without too much confusion I broke the problem into smaller actions, aligned with the team, and followed up on the next steps. In a project presentation cycle, several problems surfaced right before the final deadline What made it harder was that not everyone was aligned at the beginning. We got the work back on track, and the team had a clearer way to handle similar situations after that.",average,5,4,5,deeper ownership
1488,Tell me about a time you took ownership of something important.,ownership,"I dealt with this in an internship where my work directly affected delivery for the broader team. During an internship, a workflow had several owners on paper but no one was watching the full outcome I created clarity around the problem, documented the decision path, and followed through until the outcome stabilized. I first clarified the success criteria and the actual risk to the timeline The team hit the revised milestone, reduced confusion, and my manager called out the clarity of the execution.",strong,9,9,9,
1489,Describe a time you created alignment across multiple people.,leadership,"This was during a team project and honestly things were already a bit messy. I created a visible plan with milestones, owners, and check-in points so everyone could see where we stood The team delivered on time and people kept using the structure I introduced even after the project milestone I mostly tried to help and talk through it, but I was not very structured. kind of, During an internship, a feature had many moving parts but no clear day-to-day coordinator What made it harder was that not everyone was aligned at the beginning. The situation settled down later, but it made me realize I needed to be more specific and organized.",weak,2,4,2,"metrics, ownership"
1490,Tell me about a time you had to keep a team moving during disagreement.,conflict,"This happened during a project where expectations changed and the team had to adjust quickly. basically, the conflict stopped blocking progress, and our later reviews were much smoother I broke the problem into smaller actions, aligned with the team, and followed up on the next steps. I also kept the team updated so we could move forward without too much confusion Looking back, I would set expectations much sooner next time. The project recovered, and people appreciated having a more structured way to communicate progress.",average,5,4,6,strong impact
1491,Describe a time changing information made planning harder.,ambiguity,"I dealt with this in an internship where my work directly affected delivery for the broader team. During a class project, the goal was broad and success criteria were still forming I created clarity around the problem, documented the decision path, and followed through until the outcome stabilized. Looking back, I would set expectations much sooner next time. We delivered successfully with better coordination, and the process became a repeatable pattern for future projects.",strong,7,9,9,deeper reflection
1492,Tell me about a time you stepped in because something needed a real owner.,ownership,"I remember this happening in college, and I did not really have a clear plan at first. I tried to help and talk to people, but I was not very structured about it I tried to respond quickly, but I did not really define the problem clearly. We finished eventually, though the outcome was only okay and it showed me I should have communicated earlier.",weak,3,4,2,"metrics, ownership"
1493,Describe a time conflict made execution harder than it should have been.,conflict,"This happened during a project where expectations changed and the team had to adjust quickly. if I am being real, i kept the discussion focused on facts, timelines, and the goal instead of who was right I clarified the immediate issue, spoke with the people involved, and suggested a simple plan to move forward. The project recovered, and people appreciated having a more structured way to communicate progress.",average,7,4,4,reflection
1494,Describe a time you improved outcomes by communicating better.,communication,"I dealt with this in an internship where my work directly affected delivery for the broader team. I first clarified the success criteria and the actual risk to the timeline I clarified the success criteria, mapped the blockers, assigned clear owners, and set checkpoints to keep things moving. We recovered the timeline, improved alignment across the team, and reused the same approach in later work.",strong,7,7,10,
1495,Describe a project where teamwork was critical to success.,teamwork,"This was during a team project and honestly things were already a bit messy. I tried to help and talk to people, but I was not very structured about it I did what I could in the moment, though I probably should have organized things better. honestly, In a group project, different people owned research, coding, and presentation tasks under a tight timeline One thing I learned from that was that I needed to communicate earlier. The situation settled down later, but it made me realize I needed to be more specific and organized.",weak,3,3,3,"clear structure, reflection"
1496,Describe a time a hard problem pushed you out of your comfort zone.,challenge,"This example comes from a team assignment where we had a deadline and a few unresolved blockers. I also kept the team updated so we could move forward without too much confusion I listened to different viewpoints, summarized the tradeoffs, and helped the group agree on a practical action. The project recovered, and people appreciated having a more structured way to communicate progress.",average,5,5,4,strong impact
1497,Describe a time you carried responsibility beyond your immediate task.,ownership,"This situation came up during a cross-functional effort where I had to balance speed, clarity, and execution. At an internship, a recurring blocker sat between teams and was easy for everyone to partially ignore I clarified the success criteria, mapped the blockers, assigned clear owners, and set checkpoints to keep things moving. I documented the decision path, followed up on ownership, and kept stakeholders aligned Looking back, I would set expectations much sooner next time. We delivered successfully with better coordination, and the process became a repeatable pattern for future projects.",strong,7,10,7,
1498,Describe a time you had to collaborate across roles or backgrounds.,teamwork,"This was during a team project and honestly things were already a bit messy. if I am being real, i tried to help and talk to people, but I was not very structured about it I tried to respond quickly, but I did not really define the problem clearly. Looking back, I would set expectations much sooner next time. Things improved a little, but the result was not very strong and I learned I needed better structure.",weak,4,4,3,"context, result, specific actions"
1499,Describe a time you carried responsibility beyond your immediate task.,ownership,"This example comes from a team assignment where we had a deadline and a few unresolved blockers. The result was stronger because I stayed engaged after the first fix instead of assuming it was done I clarified the immediate issue, spoke with the people involved, and suggested a simple plan to move forward. One thing I learned from that was that I needed to communicate earlier. The project recovered, and people appreciated having a more structured way to communicate progress.",average,6,5,6,strong impact
1500,Describe a time a message had to be adjusted for the audience.,communication,"This situation came up during a cross-functional effort where I had to balance speed, clarity, and execution. The communication helped stakeholders make a timely decision and trust the rationale behind it I gathered missing context, aligned stakeholders on the tradeoffs, and drove a structured recovery plan. I first clarified the success criteria and the actual risk to the timeline The team hit the revised milestone, reduced confusion, and my manager called out the clarity of the execution.",strong,8,9,9,
